genus_taxid,genus_name,n_samples_present,pct_samples_present,reads_log_mean,reads_log_sd,kmers_log_mean,kmers_log_sd,cov_log_mean,cov_log_sd,reads_p50,reads_p90,reads_p95,reads_p99,reads_max,kmers_min,kmers_p25,kmers_p50,kmers_p75,kmers_p95,kmers_max,dup_min,dup_p25,dup_p50,dup_p75,dup_p95,dup_max,cov_min,cov_p25,cov_p50,cov_p75,cov_p95,cov_max,adj_kmers_log_mean,adj_kmers_log_sd
32630,synthetic construct,437,100.0,3.2254,0.7807,3.7631,0.3565,-2.8053,0.3566,994.0,29427.4,79541.8,210741.08,910771,1044,3178.0,4775.0,9052.0,33576.4,68012,5.95,31.9,67.6,185.0,1130.0,3570.0,0.0002821,0.0008587,0.00129,0.002446,0.0090728,0.01838,2.8043,0.4175
561,Escherichia,415,94.9657,0.981,0.6966,2.7448,0.7267,-5.0594,1.1156,6.0,65.4,344.0,1321.2,18641,0,405.0,579.0,1274.0,3710.2,13460,1.0,1.42,1.8,2.475,5.599,33.534493857625655,0.0,5.766e-06,8.211e-06,2.202e-05,0.0003712,0.06657,2.599,0.6612
673534,Plantactinospora,399,91.3043,0.9048,0.7118,2.4416,0.9232,-4.4431,1.4708,5.0,44.4,439.4,1569.56,18777,0,138.0,386.0,948.0,4680.0,19124,1.0,1.13,1.353,1.811,3.767,27.944877580412868,0.0,3.953e-05,7.95e-05,0.0001701,0.00060926,0.002564,2.3543,0.8612
1883,Streptomyces,362,82.8375,0.7562,0.72,1.3643,0.9494,-5.4961,1.8773,3.0,77.4,248.8,976.12,8330,0,4.0,21.0,82.0,1215.8,10974,1.0,1.18,1.683,2.883,23.206,106.89656684943066,0.0,5.025e-07,7.479e-06,8.571e-05,0.00053484,0.002385,1.2662,0.8814
32008,Burkholderia,336,76.8879,1.0613,1.1113,1.9381,1.5217,-5.7396,2.1114,3.0,523.4,3279.0,12778.92,28367,0,3.0,63.0,964.0,51875.8,512886,1.0,1.18,1.779,2.784,9.949,62.1,0.0,2.923e-07,2.992e-06,4.427e-05,0.0047224,0.03448,1.8342,1.4995
286,Pseudomonas,317,72.54,0.7503,0.8953,1.3989,1.2069,-6.1128,2.0493,2.0,216.4,371.8,2029.92,189250,0,0.0,19.0,126.0,3307.4,190758,1.0,1.12,1.581,3.058,17.081,680.7160630911499,0.0,0.0,2.15e-06,1.425e-05,0.001278,0.043,1.3156,1.1564
1912216,Cutibacterium,316,72.3112,1.1955,1.1702,2.3224,1.7445,-4.9687,2.686,9.0,821.4,2765.4,30388.88,887545,0,0.0,282.0,3810.0,119445.2,3102131,1.0,1.044,1.179,1.859,15.1,49.03589743589743,0.0,0.0,6.287e-05,0.0009509,0.02594,0.6728,2.2423,1.7223
1279,Staphylococcus,264,60.4119,0.7216,0.93,1.5928,1.5185,-6.2133,2.387,1.0,131.4,395.0,6315.68,87868,0,0.0,58.0,480.0,17226.8,493279,1.0,1.075,1.49,2.269,7.904,130.51249260254014,0.0,0.0,4.821e-06,4.056e-05,0.0014656,0.05553,1.5362,1.4847
1716,Corynebacterium,260,59.4966,0.7011,0.8909,1.4189,1.4482,-6.2264,2.4348,1.0,97.2,321.2,2401.44,66573,0,0.0,15.0,327.0,9566.4,262787,1.0,1.036,1.367,2.107,11.695,72.0,0.0,0.0,4.911e-06,4.636e-05,0.0018254,0.1264,1.3708,1.4198
469,Acinetobacter,231,52.8604,0.5701,0.8332,1.2122,1.337,-6.824,2.1799,1.0,65.8,238.4,1299.04,171526,0,0.0,6.0,140.0,5060.0,147451,1.0,1.094,1.405,2.71,11.273,811.3507955645208,0.0,0.0,7.518e-07,1.009e-05,0.00026498,0.01359,1.1559,1.2946
48736,Ralstonia,226,51.7162,0.5914,0.8158,1.2667,1.4201,-6.6353,2.4003,1.0,41.2,244.2,3053.32,43429,0,0.0,5.0,237.0,4446.2,317765,1.0,1.0,1.135,1.768,11.242,463.1732644628099,0.0,0.0,7.034e-07,3.058e-05,0.00052506,0.05755,1.2244,1.3909
570,Klebsiella,223,51.0297,0.3937,0.6411,0.9648,1.0239,-7.1506,1.8581,1.0,15.4,102.6,404.32,23567,0,0.0,2.0,76.0,367.2,2850,1.0,1.32,1.793,2.912,8.946,308.87391606907966,0.0,0.0,4.222e-07,3.525e-06,2.657e-05,0.0005264,0.8829,0.9365
1763,Mycobacterium,221,50.5721,0.4082,0.6238,0.7843,0.9468,-6.1815,3.0142,1.0,23.4,59.2,458.12,15255,0,0.0,1.0,26.0,280.8,68141,1.0,1.29,2.0,5.1,14.0,64.27170305676856,0.0,0.0,3.138e-07,0.002644,0.010844,0.05684,0.7114,0.8872
338,Xanthomonas,218,49.8856,0.522,0.7661,1.127,1.3559,-6.9164,2.179,0.0,42.0,143.0,1355.52,35998,0,0.0,0.0,145.0,4672.4,197318,1.0,1.039,1.279,2.0,9.421,56.17766666666667,0.0,0.0,0.0,1.131e-05,0.00020394,0.007683,1.0829,1.3189
55193,Malassezia,218,49.8856,0.5814,0.8242,1.2973,1.4681,-6.6801,2.4102,0.0,51.2,206.8,992.88,29322,0,0.0,0.0,257.0,9751.6,822025,1.0,1.0,1.141,1.992,10.4,69.8,0.0,0.0,0.0,3.019e-05,0.00096926,0.08943,1.2487,1.4316
374,Bradyrhizobium,215,49.1991,0.632,1.037,1.0428,1.4393,-6.7466,2.4988,0.0,116.4,626.4,43426.24,1320582,0,0.0,0.0,77.0,10815.0,1251857,1.0,1.006,1.33,2.089,22.133,131.18344262295082,0.0,0.0,0.0,3.288e-05,0.004141,0.02329,0.9982,1.4027
1301,Streptococcus,206,47.1396,0.5793,0.883,1.1415,1.4471,-6.7518,2.5031,0.0,81.8,327.2,1879.12,38918,0,0.0,0.0,147.0,8893.8,663450,1.0,1.0,1.124,1.842,7.341,57.30499999999999,0.0,0.0,0.0,3.164e-05,0.0015416,0.3009,1.1091,1.4199
13687,Sphingomonas,192,43.9359,0.5466,0.8454,0.9138,1.2827,-7.188,2.1562,0.0,74.8,200.0,1424.88,54671,0,0.0,0.0,56.0,2919.4,543941,1.0,1.011,1.333,2.425,20.342,215.33086956521737,0.0,0.0,0.0,8.826e-06,0.0001912,0.03649,0.8821,1.253
1827,Rhodococcus,178,40.7323,0.3922,0.6844,0.761,1.1292,-7.44,1.9743,0.0,29.6,73.0,685.6,30856,0,0.0,0.0,21.0,936.2,1089601,1.0,1.059,1.756,3.0,13.722,70.68084158415842,0.0,0.0,0.0,2.983e-06,6.3786e-05,0.05967,0.7171,1.0906
40323,Stenotrophomonas,170,38.9016,0.3577,0.6191,0.7246,1.0718,-7.5248,1.9402,0.0,18.0,51.8,332.08,6290,0,0.0,0.0,30.0,922.4,18961,1.0,1.04,1.449,2.438,13.206,64.30208333333333,0.0,0.0,0.0,1.986e-06,5.7498e-05,0.0008593,0.6891,1.033
2034,Curtobacterium,168,38.4439,0.2905,0.5151,0.5366,0.813,-7.4753,1.9769,0.0,11.4,30.0,106.56,1793,0,0.0,0.0,12.0,137.0,3144,1.0,1.081,1.805,5.462,24.8,129.41428890128276,0.0,0.0,0.0,4.489e-06,4.7364e-05,0.0003589,0.4841,0.7511
68,Lysobacter,166,37.9863,0.2956,0.5432,0.5876,0.8342,-7.6919,1.7004,0.0,10.0,22.4,213.56,21156,0,0.0,0.0,19.0,146.2,16906,1.0,1.08,1.356,2.081,10.55,30.054000000000002,0.0,0.0,0.0,1.729e-06,8.7564e-06,0.0003831,0.5499,0.7782
265,Paracoccus,165,37.7574,0.4294,0.7436,0.8039,1.2058,-7.3651,2.1773,0.0,35.4,129.2,1305.56,19016,0,0.0,0.0,47.0,1891.0,61392,1.0,1.0,1.09,1.75,11.799,87.7,0.0,0.0,0.0,8.54e-06,0.0001953,0.01061,0.7764,1.1722
1386,Bacillus,165,37.7574,0.3668,0.7331,0.6786,1.0126,-7.575,1.9432,0.0,28.0,85.4,842.92,459904,0,0.0,0.0,20.0,614.8,11781,1.0,1.06,1.38,2.699,16.163,2260.3249903023243,0.0,0.0,0.0,2.075e-06,4.5542e-05,0.02672,0.633,0.9382
475,Moraxella,163,37.2998,0.4908,0.8387,1.0352,1.4562,-7.2076,2.3915,0.0,61.4,188.8,2110.8,69271,0,0.0,0.0,167.0,5731.8,240190,1.0,1.01,1.16,1.575,6.797,47.3,0.0,0.0,0.0,1.873e-05,0.00060648,0.02539,1.0059,1.4182
1269,Micrococcus,160,36.6133,0.3312,0.6055,0.6805,1.0627,-7.3784,2.2065,0.0,17.4,41.2,415.52,9001,0,0.0,0.0,22.0,781.6,24479,1.0,1.0,1.206,2.0,7.852,69.6,0.0,0.0,0.0,8.973e-06,0.00025708,0.008908,0.6518,1.0299
407,Methylobacterium,158,36.1556,0.4488,0.7715,0.7877,1.2062,-7.4677,2.1072,0.0,37.4,123.2,1380.04,55564,0,0.0,0.0,42.0,1393.0,657070,1.0,1.005,1.2,2.0,4.205,71.0,0.0,0.0,0.0,6.858e-06,0.00012258,0.03094,0.7594,1.1746
33882,Microbacterium,158,36.1556,0.3654,0.654,0.6565,1.0583,-7.5595,1.9891,0.0,25.8,57.8,659.08,8521,0,0.0,0.0,9.0,782.4,29629,1.0,1.0,1.286,2.156,11.221,68.0,0.0,0.0,0.0,2.471e-06,7.7058e-05,0.01464,0.6296,1.028
724,Haemophilus,153,35.0114,0.2663,0.5082,0.6735,1.0429,-7.6074,1.9619,0.0,6.0,21.0,172.28,6094,0,0.0,0.0,16.0,726.2,24728,1.0,1.036,1.45,6.67,15.74,22.2,0.0,0.0,0.0,2.057e-06,8.468e-05,0.001666,0.6152,1.0023
1654,Actinomyces,153,35.0114,0.3538,0.6474,0.7138,1.1154,-7.4926,2.11,0.0,18.4,60.8,338.2,16986,0,0.0,0.0,28.0,1093.8,120915,1.0,1.0,1.206,2.063,7.811,68.0,0.0,0.0,0.0,7.39e-06,0.0001312,0.01875,0.6814,1.0759
1839,Nocardioides,150,34.3249,0.3731,0.6965,0.6045,1.0105,-7.7177,1.83,0.0,22.8,89.2,975.12,32777,0,0.0,0.0,11.0,786.0,41956,1.0,1.0,1.142,1.895,12.491,99.73141785957739,0.0,0.0,0.0,1.919e-06,3.7024e-05,0.001182,0.5825,0.9785
106589,Cupriavidus,147,33.6384,0.4596,0.8332,0.8032,1.3402,-7.5753,2.1252,0.0,82.0,229.4,1263.32,526851,0,0.0,0.0,20.0,6706.8,1872889,1.0,1.03,1.263,1.926,13.07,43.03602564102563,0.0,0.0,0.0,2.172e-06,0.00051642,0.1344,0.7778,1.3158
234,Brucella,147,33.6384,0.2297,0.4362,0.4645,0.7687,-7.3133,2.4513,0.0,5.0,14.0,139.72,506,0,0.0,0.0,5.0,118.2,16205,1.0,1.064,1.73,3.231,10.448,47.40580821917809,0.0,0.0,0.0,2.163e-05,0.001422,0.02332,0.4216,0.7187
32207,Rothia,147,33.6384,0.3517,0.6488,0.8258,1.2605,-7.4439,2.2274,0.0,18.4,51.2,428.08,25331,0,0.0,0.0,76.0,2091.8,115814,1.0,1.0,1.085,1.447,4.234,83.9,0.0,0.0,0.0,1.71e-05,0.00020802,0.01472,0.8055,1.2325
517,Bordetella,146,33.4096,0.2707,0.5195,0.4609,0.7624,-7.6829,1.9306,0.0,12.0,35.2,146.84,1002,0,0.0,0.0,5.0,127.0,2365,1.0,1.0,1.402,2.9,9.685,58.45581395348837,0.0,0.0,0.0,1.943e-06,0.0001032,0.01429,0.426,0.7021
47420,Hydrogenophaga,144,32.9519,0.2522,0.511,0.4921,0.835,-7.7802,1.7811,0.0,6.0,17.2,303.24,1949,0,0.0,0.0,8.0,180.4,6567,1.0,1.041,1.498,2.0,5.239,17.13741935483871,0.0,0.0,0.0,1.8e-06,1.5982e-05,0.0005663,0.4615,0.7914
41275,Brevundimonas,143,32.7231,0.3228,0.6092,0.5921,1.0071,-7.6766,1.9641,0.0,17.8,53.2,312.2,12302,0,0.0,0.0,9.0,867.4,28181,1.0,1.0,1.33,3.526,11.233,43.7,0.0,0.0,0.0,2.245e-06,0.00010504,0.001367,0.5636,0.975
1357,Lactococcus,142,32.4943,0.3346,0.6357,0.8158,1.2785,-7.5012,2.221,0.0,17.8,55.0,334.16,13776,0,0.0,0.0,88.0,2448.4,617167,1.0,1.058,1.171,1.78,3.969,17.8,0.0,0.0,0.0,1.047e-05,0.00027578,0.05638,0.7913,1.2482
547,Enterobacter,141,32.2654,0.3263,0.7113,0.5052,0.8632,-7.6376,2.1357,0.0,20.4,151.0,1119.36,122691,0,0.0,0.0,7.0,260.6,8898,1.0,1.0,1.5,3.196,16.686,1615.8423245388826,0.0,0.0,0.0,1.006e-06,0.0012194,0.007082,0.4589,0.7808
12916,Acidovorax,136,31.1213,0.3015,0.595,0.6222,1.05,-7.6852,2.0108,0.0,11.4,37.2,341.84,4492,0,0.0,0.0,17.0,704.0,17654,1.0,1.0,1.248,2.0,7.812,38.0,0.0,0.0,0.0,2.834e-06,7.1288e-05,0.004216,0.5968,1.016
642,Aeromonas,133,30.4348,0.2127,0.4324,0.4298,0.7458,-7.9619,1.6259,0.0,6.0,14.0,88.28,675,0,0.0,0.0,5.0,95.0,2155,1.0,1.0,1.5,2.683,5.756,19.188535031847135,0.0,0.0,0.0,4.35e-07,1.308e-05,0.0002192,0.3968,0.6923
57493,Kocuria,133,30.4348,0.2867,0.603,0.6744,1.132,-7.5779,2.2046,0.0,10.0,32.0,423.72,121140,0,0.0,0.0,28.0,1200.0,455941,1.0,1.0,1.062,1.5,6.537,18.371673819742487,0.0,0.0,0.0,1.023e-05,0.0002806,0.1637,0.6551,1.1002
1822464,Paraburkholderia,131,29.9771,0.3845,0.777,0.627,1.1649,-7.8629,1.8335,0.0,35.8,128.2,1961.44,7318,0,0.0,0.0,6.0,2577.0,116857,1.0,1.0,1.277,2.0,8.029,65.66666666666667,0.0,0.0,0.0,5.998e-07,7.234e-05,0.002823,0.6016,1.1302
482,Neisseria,131,29.9771,0.2442,0.5162,0.5049,0.8944,-7.7414,1.9712,0.0,7.4,16.4,136.44,9735,0,0.0,0.0,7.0,298.2,201299,1.0,1.0,1.19,2.0,4.953,61.08285976168655,0.0,0.0,0.0,3.223e-06,5.8688e-05,0.08214,0.482,0.8603
68287,Mesorhizobium,131,29.9771,0.297,0.5912,0.5563,1.007,-7.9002,1.7739,0.0,12.4,31.2,317.56,4008,0,0.0,0.0,5.0,553.8,27394,1.0,1.0,1.297,1.924,5.838,23.94666666666667,0.0,0.0,0.0,6.209e-07,3.3562e-05,0.002087,0.5353,0.974
34072,Variovorax,130,29.7483,0.3162,0.6232,0.5673,1.0064,-7.9779,1.6262,0.0,17.4,46.6,466.84,10639,0,0.0,0.0,6.0,790.0,23554,1.0,1.001,1.218,1.896,7.287,74.0,0.0,0.0,0.0,5.21e-07,1.0996e-05,0.0003807,0.5473,0.977
662,Vibrio,128,29.2906,0.1758,0.3775,0.3926,0.7102,-7.9944,1.6541,0.0,3.0,7.2,104.0,334,0,0.0,0.0,3.0,79.2,1695,1.0,1.0,1.357,2.171,5.564,27.0,0.0,0.0,0.0,3.785e-07,8.3516e-06,0.07008,0.3664,0.6668
2979332,Prescottella,128,29.2906,0.1862,0.3899,0.289,0.514,-8.1659,1.3295,0.0,3.0,10.2,48.92,418,0,0.0,0.0,2.0,28.0,256,1.0,2.975,9.55,17.65,53.2,181.0,0.0,0.0,0.0,1.77e-07,2.477e-06,2.265e-05,0.1979,0.3932
196013,Caldimonas,126,28.833,0.2825,0.5852,0.6182,1.0885,-7.6862,2.1313,0.0,11.0,34.4,483.68,15676,0,0.0,0.0,12.0,854.4,56540,1.0,1.0,1.08,1.435,7.698,43.599999999999994,0.0,0.0,0.0,2.471e-06,0.000238,0.01786,0.5991,1.0603
1866885,Mycolicibacterium,124,28.3753,0.2661,0.557,0.4597,0.8788,-7.9925,1.6723,0.0,8.4,28.0,406.36,9856,0,0.0,0.0,1.0,223.2,17535,1.0,1.0,1.166,1.83,9.85,34.0,0.0,0.0,0.0,2.076e-07,1.5724e-05,0.007486,0.4425,0.8541
635,Edwardsiella,123,28.1465,0.1887,0.4133,0.4835,0.8092,-7.8316,1.8863,0.0,2.4,16.2,41.64,688,0,0.0,0.0,14.0,134.6,622,1.0,1.295,1.83,4.23,16.72,24.7,0.0,0.0,0.0,3.914e-06,4.1818e-05,0.0001644,0.4284,0.7102
165695,Sphingobium,123,28.1465,0.2546,0.5324,0.5144,0.9451,-7.8886,1.8309,0.0,7.0,20.4,222.0,6148,0,0.0,0.0,4.0,368.0,57379,1.0,1.0,1.111,1.9,13.935,116.0,0.0,0.0,0.0,8.759e-07,3.979e-05,0.006121,0.4953,0.9183
1350,Enterococcus,123,28.1465,0.1939,0.4335,0.492,0.8793,-7.9163,1.7968,0.0,3.0,11.2,147.92,2030,0,0.0,0.0,10.0,153.2,49948,1.0,1.0,1.285,2.04,7.221,52.439142857142855,0.0,0.0,0.0,9.762e-07,2.7782e-05,0.0101,0.4641,0.8387
1578,Lactobacillus,123,28.1465,0.2869,0.5978,0.7088,1.2207,-7.6451,2.2197,0.0,11.8,30.2,240.12,11535,0,0.0,0.0,50.0,1599.8,529811,1.0,1.0,1.081,1.398,3.873,19.484820979627223,0.0,0.0,0.0,9.733e-06,0.00032052,0.08542,0.6923,1.1963
283,Comamonas,121,27.6888,0.2529,0.5262,0.5141,0.9444,-7.9095,1.8235,0.0,7.4,26.0,179.16,15378,0,0.0,0.0,5.0,411.4,88349,1.0,1.0,1.106,1.562,7.42,32.0,0.0,0.0,0.0,9.594e-07,3.6786e-05,0.04017,0.4953,0.9176
1988,Actinomadura,120,27.46,0.2292,0.5056,0.4304,0.7559,-8.0387,1.59,0.0,5.0,29.2,107.56,643,0,0.0,0.0,6.0,151.6,753,1.0,1.17,1.745,3.436,11.237,59.40214521452146,0.0,0.0,0.0,5.925e-07,1.4e-05,3.318e-05,0.3829,0.6616
89966,Hymenobacter,120,27.46,0.2621,0.5858,0.4436,0.876,-8.0085,1.664,0.0,9.0,37.2,407.08,29030,0,0.0,0.0,2.0,305.4,59002,1.0,1.0,1.093,1.797,10.893,60.58032786885245,0.0,0.0,0.0,4.208e-07,2.051e-05,0.002115,0.4248,0.843
590,Salmonella,119,27.2311,0.17,0.3976,0.3876,0.7281,-7.707,2.1833,0.0,2.0,7.4,84.28,812,0,0.0,0.0,3.0,87.4,4102,1.0,1.13,1.64,3.655,9.884,66.79844827586207,0.0,0.0,0.0,1.084e-06,0.00031608,0.1007,0.3494,0.6613
1707,Cellulomonas,117,26.7735,0.2412,0.5063,0.3836,0.7289,-8.0531,1.5988,0.0,11.0,22.4,174.8,2769,0,0.0,0.0,2.0,112.6,2960,1.0,1.0,1.492,2.929,10.979,36.3437037037037,0.0,0.0,0.0,3.306e-07,1.2626e-05,8.889e-05,0.3537,0.674
237,Flavobacterium,116,26.5446,0.2366,0.526,0.4346,0.8803,-7.976,1.7819,0.0,7.0,28.8,185.88,1195,0,0.0,0.0,1.0,261.2,8456,1.0,1.0,1.144,1.724,8.925,55.1,0.0,0.0,0.0,3.092e-07,5.1836e-05,0.004127,0.4164,0.8527
1298,Deinococcus,115,26.3158,0.2537,0.6044,0.5243,1.037,-7.8613,1.988,0.0,7.0,29.4,1436.08,18136,0,0.0,0.0,1.0,794.6,171128,1.0,1.0,1.05,1.59,6.254,43.5,0.0,0.0,0.0,2.942e-07,0.00019834,0.03128,0.5077,1.0082
1485,Clostridium,114,26.087,0.2251,0.5561,0.3899,0.7713,-8.138,1.523,0.0,3.4,18.2,574.68,18863,0,0.0,0.0,1.0,191.2,3206,1.0,1.0,1.111,1.944,33.643,185.69289639058974,0.0,0.0,0.0,1.571e-07,1.024e-05,0.01028,0.3678,0.7271
1073,Rhodopseudomonas,113,25.8581,0.2512,0.562,0.4449,0.8824,-8.1308,1.5348,0.0,9.0,25.8,370.52,7089,0,0.0,0.0,2.0,217.2,23757,1.0,1.023,1.255,2.044,8.935,19.127164179104476,0.0,0.0,0.0,1.305e-07,9.1672e-06,0.0004834,0.4183,0.8339
379,Rhizobium,113,25.8581,0.2557,0.5468,0.4471,0.8732,-8.0336,1.6989,0.0,9.0,26.8,217.96,5392,0,0.0,0.0,1.0,293.0,17986,1.0,1.0,1.14,2.0,10.394,41.857142857142854,0.0,0.0,0.0,1.378e-07,3.35e-05,0.002422,0.4272,0.8422
1663,Arthrobacter,113,25.8581,0.2213,0.4756,0.382,0.7519,-8.1012,1.5655,0.0,7.0,16.0,151.44,2128,0,0.0,0.0,1.0,128.0,3763,1.0,1.0,1.31,2.244,11.091,61.50956043956044,0.0,0.0,0.0,1.92e-07,9.7756e-06,8.63e-05,0.3593,0.7133
909656,Phocaeicola,113,25.8581,0.1607,0.373,0.5248,0.9247,-7.8945,1.8903,0.0,3.0,5.0,95.08,806,0,0.0,0.0,14.0,155.6,56203,1.0,1.37,1.77,2.18,6.773,14.4,0.0,0.0,0.0,2.261e-06,2.5344e-05,0.01034,0.4902,0.8679
149698,Massilia,112,25.6293,0.2626,0.5546,0.5008,0.9535,-8.006,1.7421,0.0,12.4,32.0,187.64,6945,0,0.0,0.0,2.0,507.4,35720,1.0,1.0,1.167,1.806,5.655,19.685185185185187,0.0,0.0,0.0,1.998e-07,3.6396e-05,0.00337,0.4806,0.9168
165696,Novosphingobium,112,25.6293,0.2362,0.5226,0.4269,0.8547,-8.0505,1.6747,0.0,7.4,17.6,299.48,2591,0,0.0,0.0,1.0,201.6,28588,1.0,1.0,1.163,1.583,6.281,27.0,0.0,0.0,0.0,1.627e-07,1.7794e-05,0.003116,0.4094,0.8223
93217,Pandoraea,111,25.4005,0.2688,0.5691,0.3501,0.7595,-8.0678,1.6955,0.0,11.0,46.2,280.64,508,0,0.0,0.0,1.0,172.8,4573,1.0,1.191,1.956,26.378,430.915,1630.5804597701149,0.0,0.0,0.0,2.049e-07,4.4878e-05,0.002338,0.3099,0.7272
1678,Bifidobacterium,111,25.4005,0.2135,0.4615,0.4141,0.8087,-7.9599,1.8645,0.0,7.0,19.0,98.48,746,0,0.0,0.0,1.0,181.6,13891,1.0,1.087,1.93,5.033,17.2,59.266666666666666,0.0,0.0,0.0,3.764e-07,6.0036e-05,0.02712,0.3781,0.7654
75,Caulobacter,110,25.1716,0.2104,0.459,0.3853,0.7495,-8.1193,1.5514,0.0,7.0,14.2,166.84,1918,0,0.0,0.0,1.0,123.4,3552,1.0,1.0,1.292,1.966,8.977,33.0,0.0,0.0,0.0,1.24e-07,1.017e-05,0.0002285,0.3666,0.7172
2282523,Methylorubrum,108,24.714,0.2359,0.5228,0.4706,0.923,-8.0144,1.7777,0.0,9.0,17.0,265.2,4585,0,0.0,0.0,0.0,339.8,28308,1.0,1.0,1.224,1.855,6.188,52.05555555555556,0.0,0.0,0.0,0.0,4.8138e-05,0.002268,0.4527,0.8934
44249,Paenibacillus,108,24.714,0.1573,0.3643,0.2534,0.5464,-8.1952,1.4506,0.0,3.0,5.6,57.6,523,0,0.0,0.0,0.0,24.4,841,1.0,1.0,2.0,5.067,17.8,93.13958333333333,0.0,0.0,0.0,0.0,4.928e-06,0.0002683,0.2227,0.5093
5800,Eimeria,108,24.714,0.2075,0.4973,0.2645,0.4973,-8.3788,1.1022,0.0,4.4,17.8,113.0,18917,0,0.0,0.0,0.0,19.0,140,1.0,2.25,21.495,104.0,668.2,5284.332908495005,0.0,0.0,0.0,0.0,6.61e-07,1.586e-06,0.1519,0.3164
59732,Chryseobacterium,106,24.2563,0.1996,0.4984,0.3784,0.7955,-8.1212,1.6029,0.0,4.0,14.4,194.6,15029,0,0.0,0.0,0.0,184.2,13421,1.0,1.0,1.0,1.362,4.458,1684.3871900991414,0.0,0.0,0.0,0.0,2.1198e-05,0.00146,0.3677,0.7749
838,Prevotella,104,23.7986,0.2516,0.5954,0.5508,1.0948,-7.9627,1.91,0.0,8.0,45.2,511.72,1846,0,0.0,0.0,0.0,1435.8,24160,1.0,1.0,1.111,1.966,7.817,20.992363636363635,0.0,0.0,0.0,0.0,9.3576e-05,0.01086,0.534,1.0674
222,Achromobacter,103,23.5698,0.1938,0.4549,0.3859,0.7955,-8.2296,1.4267,0.0,4.0,13.2,129.56,3972,0,0.0,0.0,0.0,154.8,11992,1.0,1.0,1.072,1.6,3.9,28.13764705882353,0.0,0.0,0.0,0.0,6.1446e-06,0.0003593,0.3719,0.7682
1873,Micromonospora,103,23.5698,0.1585,0.3736,0.2775,0.576,-8.2557,1.3619,0.0,3.0,6.4,85.28,968,0,0.0,0.0,0.0,31.2,1409,1.0,1.0,1.375,2.0,9.788,63.93617021276596,0.0,0.0,0.0,0.0,2.7644e-06,0.0001116,0.2574,0.5366
2767358,Mycoplasmopsis,102,23.341,0.1175,0.2904,0.3293,0.6573,-8.0127,1.8068,0.0,1.0,2.2,26.92,235,0,0.0,0.0,0.0,64.0,442,1.0,1.33,1.582,2.038,5.08,25.792468085106382,0.0,0.0,0.0,0.0,3.5852e-05,0.0001979,0.3023,0.5972
963,Herbaspirillum,102,23.341,0.1959,0.4541,0.3788,0.788,-8.1289,1.622,0.0,6.4,13.4,89.36,7019,0,0.0,0.0,0.0,187.8,30058,1.0,1.053,1.574,2.723,7.207,20.1,0.0,0.0,0.0,0.0,1.9566e-05,0.003648,0.3577,0.7549
336809,Candidatus Karelsulcia,102,23.341,0.1106,0.2722,0.3588,0.69,-8.0091,1.8128,0.0,1.0,2.0,39.92,124,0,0.0,0.0,0.0,99.2,369,1.0,1.0,1.07,2.096,4.885,6.47,0.0,0.0,0.0,0.0,4.7538e-05,0.000311,0.3398,0.6455
125216,Roseomonas,101,23.1121,0.1844,0.4543,0.3624,0.7437,-8.1126,1.6654,0.0,4.0,9.4,152.68,8273,0,0.0,0.0,0.0,118.4,3967,1.0,1.0,1.107,1.915,6.955,78.31058866191225,0.0,0.0,0.0,0.0,2.474e-05,0.002361,0.3454,0.7084
165697,Sphingopyxis,100,22.8833,0.1966,0.465,0.3671,0.7807,-8.1344,1.6328,0.0,5.0,12.2,162.72,2633,0,0.0,0.0,0.0,170.2,15394,1.0,1.0,1.169,1.824,5.716,30.0,0.0,0.0,0.0,0.0,2.5518e-05,0.002399,0.3529,0.7542
1573,Clavibacter,100,22.8833,0.1649,0.3788,0.3114,0.623,-8.1013,1.6676,0.0,4.0,9.2,40.28,356,0,0.0,0.0,0.0,45.2,801,1.0,1.0,1.68,3.177,15.241,99.8704347826087,0.0,0.0,0.0,0.0,1.755e-05,0.0001359,0.2789,0.5658
2013,Nocardiopsis,100,22.8833,0.183,0.447,0.3092,0.6044,-8.1298,1.6315,0.0,3.0,20.0,70.64,386,0,0.0,0.0,0.0,49.2,233,1.0,1.407,2.699,7.368,30.33,121.61849358974357,0.0,0.0,0.0,0.0,1.6264e-05,0.002239,0.2519,0.4878
501783,Cloacibacterium,100,22.8833,0.2074,0.4789,0.4528,0.9077,-7.9798,1.9041,0.0,6.0,20.2,128.6,1218,0,0.0,0.0,0.0,366.2,16556,1.0,1.0,1.04,1.372,4.2,11.0,0.0,0.0,0.0,0.0,9.4876e-05,0.003633,0.4402,0.886
5806,Cryptosporidium,100,22.8833,0.1563,0.3729,0.29,0.5675,-8.1569,1.5672,0.0,2.4,7.2,42.2,749,0,0.0,0.0,0.0,35.2,66,1.0,3.055,19.5,61.025,298.161,990.0,0.0,0.0,0.0,0.0,1.057e-05,1.843e-05,0.1661,0.3196
80865,Delftia,99,22.6545,0.191,0.4546,0.4115,0.8507,-8.1038,1.7039,0.0,4.4,16.0,77.2,25776,0,0.0,0.0,0.0,241.2,69614,1.0,1.0,1.06,1.527,3.4,50.285714285714285,0.0,0.0,0.0,0.0,3.748e-05,0.004587,0.3976,0.8256
1696,Brevibacterium,99,22.6545,0.1929,0.4664,0.4446,0.9121,-8.039,1.8195,0.0,4.0,16.2,156.76,1390,0,0.0,0.0,0.0,395.2,9339,1.0,1.0,1.0,1.452,5.495,27.33255813953489,0.0,0.0,0.0,0.0,7.3908e-05,0.001124,0.4304,0.8852
2053,Gordonia,98,22.4256,0.1995,0.4635,0.3883,0.8211,-8.1199,1.6823,0.0,6.0,14.4,136.84,1233,0,0.0,0.0,0.0,156.8,12263,1.0,1.0,1.387,2.0,9.384,24.421818181818182,0.0,0.0,0.0,0.0,3.515e-05,0.001333,0.3684,0.7886
1378,Gemella,98,22.4256,0.1955,0.4674,0.4525,0.9121,-7.9463,1.9941,0.0,4.4,18.8,78.2,2768,0,0.0,0.0,0.0,408.0,12181,1.0,1.0,1.054,2.0,16.331,59.7,0.0,0.0,0.0,0.0,0.00016376,0.003781,0.4328,0.88
2745,Halomonas,96,21.968,0.2217,0.5311,0.393,0.8609,-8.1573,1.6343,0.0,6.0,24.2,229.04,15823,0,0.0,0.0,0.0,324.8,92771,1.0,1.0,1.111,1.547,3.278,15.344444444444445,0.0,0.0,0.0,0.0,2.239e-05,0.0103,0.3823,0.84
33877,Agromyces,96,21.968,0.1479,0.3483,0.2415,0.523,-8.2726,1.3869,0.0,3.0,6.0,48.96,583,0,0.0,0.0,0.0,26.0,552,1.0,1.0,1.5,2.45,16.425,37.18333333333333,0.0,0.0,0.0,0.0,4.1216e-06,2.525e-05,0.2181,0.4835
29465,Veillonella,96,21.968,0.2064,0.4865,0.4929,0.9967,-7.9749,1.9607,0.0,6.0,17.4,157.16,4053,0,0.0,0.0,0.0,419.0,50843,1.0,1.0,1.06,1.465,7.6,16.46635658914729,0.0,0.0,0.0,0.0,0.00010814,0.011,0.4785,0.972
357,Agrobacterium,95,21.7391,0.1686,0.4134,0.3598,0.7699,-8.2804,1.416,0.0,4.0,10.2,63.76,1352,0,0.0,0.0,0.0,145.6,5668,1.0,1.0,1.088,1.848,7.865,21.863636363636363,0.0,0.0,0.0,0.0,7.4522e-06,0.0001926,0.3458,0.7421
2529408,Schaalia,94,21.5103,0.2077,0.5325,0.436,0.9263,-8.0821,1.8032,0.0,6.0,18.2,206.2,7510,0,0.0,0.0,0.0,345.0,108850,1.0,1.0,1.035,1.429,8.956,21.8,0.0,0.0,0.0,0.0,5.3764e-05,0.0507,0.4197,0.8929
670516,Mycobacteroides,93,21.2815,0.1356,0.347,0.2829,0.6322,-8.2433,1.4873,0.0,2.0,6.2,58.16,986,0,0.0,0.0,0.0,48.6,4686,1.0,1.0,1.5,2.587,7.79,58.0,0.0,0.0,0.0,0.0,7.7166e-06,0.0003841,0.2598,0.5882
43668,Brachybacterium,93,21.2815,0.1589,0.4044,0.3233,0.7291,-8.2,1.5757,0.0,3.0,10.0,93.8,757,0,0.0,0.0,0.0,95.0,18392,1.0,1.0,1.264,3.0,17.625,79.5,0.0,0.0,0.0,0.0,1.9412e-05,0.001491,0.3052,0.7025
114185,Candidatus Carsonella,93,21.2815,0.1052,0.2695,0.2919,0.6244,-7.9634,2.0047,0.0,1.0,3.0,18.32,245,0,0.0,0.0,0.0,51.2,1871,1.0,1.11,1.29,1.627,2.662,11.978260869565217,0.0,0.0,0.0,0.0,0.00011084,0.001856,0.2788,0.596
2901164,Stutzerimonas,92,21.0526,0.2506,0.6333,0.5361,1.1957,-8.1119,1.8309,0.0,12.0,54.4,416.4,345546,0,0.0,0.0,0.0,2867.0,4139439,1.0,1.0,1.315,2.924,110.601,375.2142857142857,0.0,0.0,0.0,0.0,0.0002216,0.2188,0.5277,1.1799
83618,Pseudoxanthomonas,92,21.0526,0.1769,0.4322,0.3142,0.6936,-8.2304,1.5204,0.0,4.0,10.2,121.92,3312,0,0.0,0.0,0.0,85.8,6097,1.0,1.0,1.5,3.705,10.334,21.532,0.0,0.0,0.0,0.0,9.7908e-06,0.0007355,0.2925,0.6589
958,Bdellovibrio,92,21.0526,0.1088,0.2779,0.1751,0.3812,-8.4305,1.1238,0.0,1.0,3.0,30.4,119,0,0.0,0.0,0.0,7.2,282,1.0,1.03,2.684,6.374,36.58,12300.0,0.0,0.0,0.0,0.0,7.67e-07,1.764e-05,0.1368,0.3252
85413,Bosea,90,20.595,0.1801,0.4611,0.3317,0.752,-8.273,1.4587,0.0,4.0,11.0,174.68,1924,0,0.0,0.0,0.0,139.0,5237,1.0,1.0,1.1,1.579,8.489,14.7,0.0,0.0,0.0,0.0,8.1246e-06,0.0001073,0.3177,0.7171
120831,Dyadobacter,89,20.3661,0.1203,0.3198,0.2442,0.546,-8.3377,1.3365,0.0,1.0,4.0,30.56,666,0,0.0,0.0,0.0,26.0,3075,1.0,1.0,2.14,5.87,18.58,119.0,0.0,0.0,0.0,0.0,3.337e-06,0.0005187,0.2056,0.4677
194,Campylobacter,89,20.3661,0.1907,0.4913,0.3477,0.7953,-8.0766,1.9185,0.0,5.0,16.2,260.76,7335,0,0.0,0.0,0.0,165.0,22357,1.0,1.0,1.445,5.0,27.272,234.4219899497487,0.0,0.0,0.0,0.0,0.0001515,0.01685,0.3255,0.7569
2767842,Lactiplantibacillus,88,20.1373,0.1146,0.3203,0.3291,0.6839,-8.3038,1.4111,0.0,1.0,3.0,48.28,569,0,0.0,0.0,0.0,62.2,6487,1.0,1.3,1.645,2.542,6.839,20.215465729349738,0.0,0.0,0.0,0.0,4.0826e-06,0.02069,0.3012,0.6272
29832,Hanseniaspora,88,20.1373,0.1044,0.2644,0.1952,0.4141,-8.3841,1.2384,0.0,1.0,3.0,12.0,452,0,0.0,0.0,0.0,9.2,282,1.0,2.0,3.8,11.025,23.025,65.05820796460178,0.0,0.0,0.0,0.0,1.2972e-06,4.745e-05,0.1453,0.3276
53335,Pantoea,87,19.9085,0.1568,0.4121,0.3442,0.7912,-8.2894,1.4783,0.0,2.0,14.0,84.92,1457,0,0.0,0.0,0.0,180.6,6270,1.0,1.0,1.033,1.75,7.794,34.0,0.0,0.0,0.0,0.0,1.376e-05,0.0002906,0.3311,0.7642
2782229,Epilithonimonas,87,19.9085,0.1718,0.4354,0.3867,0.8538,-8.1481,1.7495,0.0,3.4,12.2,74.88,3466,0,0.0,0.0,0.0,226.2,12247,1.0,1.0,1.085,1.684,9.48,65.1,0.0,0.0,0.0,0.0,5.0806e-05,0.002876,0.3704,0.8251
20,Phenylobacterium,86,19.6796,0.153,0.3912,0.3347,0.7476,-8.2144,1.6212,0.0,3.0,9.0,83.56,2035,0,0.0,0.0,0.0,140.6,7471,1.0,1.0,1.115,1.803,9.99,40.5,0.0,0.0,0.0,0.0,2.7846e-05,0.001687,0.3201,0.7178
1817,Nocardia,86,19.6796,0.181,0.4518,0.2338,0.5732,-8.4147,1.2166,0.0,4.4,14.2,79.64,1870,0,0.0,0.0,0.0,33.0,20815,1.0,1.082,1.987,25.319,217.688,485.6979166666667,0.0,0.0,0.0,0.0,1.5588e-06,0.001386,0.2059,0.5392
1847,Pseudonocardia,86,19.6796,0.1913,0.4614,0.3129,0.7262,-8.3208,1.4161,0.0,7.0,14.6,136.36,2549,0,0.0,0.0,0.0,122.0,3363,1.0,1.029,1.765,13.921,104.608,265.914,0.0,0.0,0.0,0.0,6.7106e-06,0.0002064,0.2893,0.6886
1827195,Caballeronia,85,19.4508,0.1787,0.471,0.3185,0.7641,-8.3257,1.411,0.0,4.0,13.2,179.08,665,0,0.0,0.0,0.0,159.6,6490,1.0,1.045,1.297,2.0,5.968,10.8190099009901,0.0,0.0,0.0,0.0,7.464e-06,0.0001655,0.3035,0.7351
2759736,Lacticaseibacillus,85,19.4508,0.112,0.3188,0.3328,0.7318,-8.2649,1.5286,0.0,1.0,3.0,57.64,2478,0,0.0,0.0,0.0,90.0,141169,1.0,1.05,1.42,1.9,4.177,15.699999999999998,0.0,0.0,0.0,0.0,1.0622e-05,0.01175,0.3154,0.6986
1982251,Pahexavirus,85,19.4508,0.172,0.4492,0.3145,0.7101,-7.7534,2.5493,0.0,3.0,16.4,109.08,1064,0,0.0,0.0,0.0,114.6,3258,1.0,1.0,1.035,1.385,3.433,18.57521367521368,0.0,0.0,0.0,0.0,0.004705,0.0283,0.3145,0.7101
150022,Finegoldia,85,19.4508,0.1648,0.4283,0.4278,0.9292,-8.1107,1.8412,0.0,3.4,11.0,91.12,1370,0,0.0,0.0,0.0,382.4,37144,1.0,1.0,1.02,1.21,2.852,13.0,0.0,0.0,0.0,0.0,9.2246e-05,0.00896,0.4186,0.9115
238749,Diaphorobacter,84,19.222,0.1535,0.4145,0.3215,0.7448,-8.2106,1.6651,0.0,3.0,6.2,102.6,1024,0,0.0,0.0,0.0,125.6,3445,1.0,1.0,1.25,2.0,6.393,22.0,0.0,0.0,0.0,0.0,6.0078e-05,0.0004835,0.3077,0.7148
5754,Acanthamoeba,83,18.9931,0.1963,0.5697,0.3928,0.9751,-8.364,1.4312,0.0,3.0,22.0,896.44,29601,0,0.0,0.0,0.0,603.2,65658,1.0,1.0,1.09,1.585,5.431,143.95001650165017,0.0,0.0,0.0,0.0,1.3086e-05,0.001424,0.3795,0.9471
366614,Haematobacter,83,18.9931,0.1706,0.4499,0.4398,0.9684,-8.104,1.8832,0.0,2.4,22.0,134.16,469,0,0.0,0.0,0.0,778.6,18218,1.0,1.0,1.04,1.505,9.178,33.3,0.0,0.0,0.0,0.0,0.0002002,0.004684,0.4264,0.9415
1041,Erythrobacter,81,18.5355,0.1457,0.3906,0.2416,0.5859,-8.3545,1.3762,0.0,3.0,6.2,93.32,1242,0,0.0,0.0,0.0,34.4,3134,1.0,1.0,1.314,2.14,10.013,17.76923076923077,0.0,0.0,0.0,0.0,5.8484e-06,0.0002065,0.2261,0.549
32067,Leptotrichia,81,18.5355,0.1351,0.3677,0.315,0.7585,-8.2202,1.67,0.0,2.0,5.2,52.68,648,0,0.0,0.0,0.0,176.8,2922,1.0,1.0,1.0,1.223,2.98,13.674398148148152,0.0,0.0,0.0,0.0,5.2104e-05,0.0006665,0.3066,0.7377
544,Citrobacter,80,18.3066,0.1406,0.3769,0.2385,0.5765,-8.4254,1.2687,0.0,3.0,8.2,36.6,1609,0,0.0,0.0,0.0,30.4,34830,1.0,1.03,1.755,6.343,17.608,64.78472222222223,0.0,0.0,0.0,0.0,2.8264e-06,0.008701,0.2062,0.5199
28105,Sinorhizobium,80,18.3066,0.1326,0.3486,0.2204,0.5311,-8.429,1.2418,0.0,3.0,5.0,36.0,463,0,0.0,0.0,0.0,26.0,983,1.0,1.0,1.5,2.674,9.691,17.558064516129033,0.0,0.0,0.0,0.0,1.9802e-06,0.0004902,0.2017,0.4877
1847725,Lawsonella,79,18.0778,0.1375,0.3968,0.2987,0.7047,-8.2212,1.69,0.0,2.0,6.2,40.56,5901,0,0.0,0.0,0.0,86.4,4418,1.0,1.0,1.0,1.465,2.901,20.6,0.0,0.0,0.0,0.0,4.2016e-05,0.002148,0.2885,0.6795
848,Fusobacterium,79,18.0778,0.1691,0.5014,0.3471,0.8683,-8.2089,1.7432,0.0,3.0,10.2,366.88,28467,0,0.0,0.0,0.0,177.0,278291,1.0,1.0,1.0,1.215,2.805,21.935211267605634,0.0,0.0,0.0,0.0,4.5074e-05,0.05769,0.34,0.8501
5690,Trypanosoma,79,18.0778,0.1839,0.5071,0.1924,0.4307,-8.5809,0.9153,0.0,3.0,32.6,239.8,933,0,0.0,0.0,0.0,15.0,96,1.0,4.225,11.3,28.45,91.96,178.3,0.0,0.0,0.0,0.0,2.563e-07,4.324e-06,0.1192,0.2777
1865,Actinoplanes,77,17.6201,0.1223,0.3389,0.2007,0.5123,-8.4784,1.1774,0.0,2.0,5.0,38.96,1186,0,0.0,0.0,0.0,27.4,1115,1.0,1.0,1.118,2.0,9.916,30.0,0.0,0.0,0.0,0.0,1.6008e-06,0.002837,0.1887,0.4862
204037,Dickeya,76,17.3913,0.1277,0.345,0.2106,0.4975,-8.4243,1.2724,0.0,2.0,9.0,28.64,162,0,0.0,0.0,0.0,30.4,157,1.0,1.0,2.083,7.063,11.967,34.05185185185186,0.0,0.0,0.0,0.0,4.0582e-06,6.966e-05,0.1761,0.4109
1813,Amycolatopsis,76,17.3913,0.1452,0.4002,0.2323,0.5875,-8.4715,1.1711,0.0,3.0,8.2,83.0,2286,0,0.0,0.0,0.0,44.6,2446,1.0,1.0,1.211,1.856,8.476,12.5,0.0,0.0,0.0,0.0,2.0856e-06,1.427e-05,0.2211,0.5603
39643,Sorangium,75,17.1625,0.1378,0.3769,0.2585,0.6294,-8.4768,1.1938,0.0,2.0,10.2,46.0,329,0,0.0,0.0,0.0,109.8,499,1.0,1.137,2.0,4.961,8.743,27.9324200913242,0.0,0.0,0.0,0.0,3.4448e-06,0.00113,0.2285,0.55
323620,Shinella,75,17.1625,0.1225,0.3492,0.2481,0.6263,-8.392,1.3692,0.0,2.0,4.2,85.24,611,0,0.0,0.0,0.0,57.4,2257,1.0,1.0,1.0,1.729,10.95,21.7,0.0,0.0,0.0,0.0,8.2906e-06,0.000195,0.2352,0.5921
33886,Rathayibacter,75,17.1625,0.1242,0.3514,0.2483,0.6418,-8.356,1.45,0.0,2.0,6.2,54.84,676,0,0.0,0.0,0.0,71.0,2232,1.0,1.0,1.33,2.378,9.892,13.6,0.0,0.0,0.0,0.0,1.8826e-05,0.0002979,0.234,0.6121
32199,Buchnera,75,17.1625,0.088,0.2535,0.2904,0.6973,-8.2631,1.6566,0.0,1.0,2.0,22.04,328,0,0.0,0.0,0.0,111.2,1055,1.0,1.095,1.395,1.775,3.158,124.0548780487805,0.0,0.0,0.0,0.0,3.2448e-05,0.002201,0.275,0.6592
28065,Rhodoferax,74,16.9336,0.1477,0.4113,0.2557,0.6355,-8.3826,1.3915,0.0,3.0,12.0,124.8,1155,0,0.0,0.0,0.0,89.4,1736,1.0,1.0,1.174,1.665,3.119,13.381036036036036,0.0,0.0,0.0,0.0,8.8606e-06,8.599e-05,0.2451,0.6082
414371,Aureimonas,74,16.9336,0.1264,0.3501,0.228,0.5628,-8.4,1.3493,0.0,2.0,6.0,50.28,670,0,0.0,0.0,0.0,43.2,1130,1.0,1.0,1.457,3.833,15.27,23.8,0.0,0.0,0.0,0.0,5.199e-06,8.081e-05,0.2092,0.5275
191,Azospirillum,74,16.9336,0.1271,0.3581,0.2339,0.5826,-8.4393,1.2632,0.0,2.0,5.0,63.92,952,0,0.0,0.0,0.0,39.2,1495,1.0,1.0,1.085,1.641,7.588,21.33076923076923,0.0,0.0,0.0,0.0,3.967e-06,6.369e-05,0.2219,0.5508
117563,Granulicatella,74,16.9336,0.1277,0.3535,0.3355,0.7842,-8.2341,1.7163,0.0,2.0,6.0,49.0,1261,0,0.0,0.0,0.0,201.2,3692,1.0,1.0,1.0,1.248,4.703,24.699999999999996,0.0,0.0,0.0,0.0,7.033e-05,0.001194,0.3261,0.7633
209,Helicobacter,72,16.476,0.0908,0.276,0.2375,0.5763,-8.4484,1.2903,0.0,1.0,2.0,35.4,230,0,0.0,0.0,0.0,40.2,597,1.0,1.145,1.464,2.652,8.207,29.02782608695652,0.0,0.0,0.0,0.0,4.705e-06,0.003929,0.2185,0.5322
5052,Aspergillus,72,16.476,0.1256,0.3773,0.2439,0.6357,-8.4859,1.2275,0.0,2.0,5.2,66.64,9211,0,0.0,0.0,0.0,74.4,2510,1.0,1.0,1.0,1.763,6.518,314.7187580067312,0.0,0.0,0.0,0.0,2.3782e-06,0.0004393,0.2368,0.6152
47670,Lautropia,72,16.476,0.1335,0.3928,0.3134,0.7738,-8.2749,1.6669,0.0,2.0,6.0,88.84,1635,0,0.0,0.0,0.0,186.6,23955,1.0,1.0,1.015,1.32,8.66,20.2,0.0,0.0,0.0,0.0,6.181e-05,0.007935,0.3028,0.7489
174951,Ramlibacter,72,16.476,0.1236,0.3561,0.2406,0.6007,-8.4465,1.2722,0.0,2.0,6.0,91.64,1299,0,0.0,0.0,0.0,63.6,930,1.0,1.0,1.303,1.938,7.187,17.0,0.0,0.0,0.0,0.0,4.7636e-06,6.15e-05,0.2257,0.5665
29580,Janthinobacterium,72,16.476,0.1209,0.3357,0.2129,0.541,-8.4396,1.2845,0.0,2.0,7.0,35.92,702,0,0.0,0.0,0.0,36.2,947,1.0,1.0,1.239,2.0,8.97,12.664150943396228,0.0,0.0,0.0,0.0,5.423e-06,4.604e-05,0.1993,0.5059
99,Ancylobacter,72,16.476,0.1199,0.348,0.2223,0.5634,-8.4126,1.3476,0.0,2.0,5.0,37.04,1011,0,0.0,0.0,0.0,30.8,1349,1.0,1.0,1.38,2.025,6.563,15.37416419386746,0.0,0.0,0.0,0.0,5.8006e-06,0.0001464,0.2049,0.5211
816,Bacteroides,72,16.476,0.1028,0.3037,0.2545,0.6537,-8.3357,1.5827,0.0,1.0,4.0,37.28,368,0,0.0,0.0,0.0,79.6,2724,1.0,1.0,1.151,2.0,4.521,11.86866847826087,0.0,0.0,0.0,0.0,2.0972e-05,0.007645,0.2435,0.6275
337004,Microcella,71,16.2471,0.1147,0.3175,0.1813,0.4701,-8.386,1.4134,0.0,2.0,6.0,34.48,224,0,0.0,0.0,0.0,13.0,3534,1.0,1.09,2.0,19.744,65.1,242.0,0.0,0.0,0.0,0.0,9.678e-06,0.0004876,0.1441,0.4064
2801844,Arachnia,71,16.2471,0.1064,0.3119,0.3067,0.7476,-8.3261,1.5571,0.0,1.0,5.0,20.92,1056,0,0.0,0.0,0.0,158.2,5437,1.0,1.0,1.0,1.412,2.378,22.0,0.0,0.0,0.0,0.0,3.01e-05,0.0009789,0.2986,0.73
1522432,Pseudoduganella,70,16.0183,0.1123,0.3181,0.1944,0.5069,-8.4856,1.1973,0.0,1.4,6.0,30.4,336,0,0.0,0.0,0.0,32.0,485,1.0,1.0,1.246,2.0,7.056,28.0,0.0,0.0,0.0,0.0,2.5696e-06,2.455e-05,0.1816,0.4767
186650,Microvirga,70,16.0183,0.1227,0.3637,0.2215,0.5867,-8.4546,1.2801,0.0,2.0,6.0,69.92,1373,0,0.0,0.0,0.0,61.0,2326,1.0,1.0,1.109,1.805,12.624,46.0,0.0,0.0,0.0,0.0,4.7956e-06,0.0001257,0.2085,0.5511
46913,Devosia,70,16.0183,0.1291,0.3865,0.2245,0.5978,-8.4493,1.2852,0.0,2.0,5.0,66.2,1003,0,0.0,0.0,0.0,30.4,2128,1.0,1.0,1.023,1.858,8.204,24.8,0.0,0.0,0.0,0.0,4.6316e-06,9.021e-05,0.213,0.5631
1742993,Pseudarthrobacter,70,16.0183,0.1042,0.2951,0.1844,0.4781,-8.4674,1.2363,0.0,1.4,5.0,21.64,384,0,0.0,0.0,0.0,24.4,521,1.0,1.0,1.901,3.771,11.28,63.78047619047619,0.0,0.0,0.0,0.0,3.3102e-06,2.194e-05,0.1652,0.4374
83614,Luteimonas,69,15.7895,0.1193,0.3604,0.206,0.5625,-8.4342,1.3331,0.0,2.0,6.0,63.76,3169,0,0.0,0.0,0.0,30.8,3707,1.0,1.0,1.23,2.011,8.548,13.5,0.0,0.0,0.0,0.0,5.6818e-06,0.0004008,0.1925,0.532
57495,Dermacoccus,68,15.5606,0.1181,0.358,0.2941,0.7515,-8.319,1.6202,0.0,2.0,5.0,52.16,2335,0,0.0,0.0,0.0,141.0,8948,1.0,1.0,1.025,1.558,9.553,24.0,0.0,0.0,0.0,0.0,4.3354e-05,0.002702,0.2847,0.7311
1129,Synechococcus,68,15.5606,0.096,0.289,0.1462,0.4196,-8.5114,1.1569,0.0,1.0,3.0,29.8,475,0,0.0,0.0,0.0,11.2,397,1.0,1.0,1.515,3.235,11.58,36.55833333333334,0.0,0.0,0.0,0.0,1.8914e-06,1.157e-05,0.1294,0.3801
141948,Thermomonas,67,15.3318,0.1177,0.3722,0.2192,0.5823,-8.419,1.3875,0.0,1.0,4.2,99.24,2051,0,0.0,0.0,0.0,48.2,2106,1.0,1.0,1.19,1.774,7.195,14.834285714285713,0.0,0.0,0.0,0.0,7.588e-06,0.0001462,0.208,0.5495
1111,Porphyrobacter,67,15.3318,0.098,0.3095,0.1902,0.5039,-8.459,1.2865,0.0,1.0,3.0,38.96,812,0,0.0,0.0,0.0,17.2,1902,1.0,1.0,1.0,1.56,10.86,58.0,0.0,0.0,0.0,0.0,4.7762e-06,0.0001103,0.1796,0.4761
53457,Janibacter,67,15.3318,0.114,0.3422,0.2333,0.6098,-8.4042,1.4242,0.0,2.0,4.2,86.2,1029,0,0.0,0.0,0.0,54.2,2103,1.0,1.0,1.125,1.759,6.113,23.0,0.0,0.0,0.0,0.0,1.528e-05,0.0003449,0.2225,0.5828
1243,Leuconostoc,67,15.3318,0.1085,0.3243,0.2947,0.7603,-8.3023,1.6771,0.0,1.4,4.0,35.76,301,0,0.0,0.0,0.0,191.4,11786,1.0,1.0,1.062,1.45,9.647,47.74127659574469,0.0,0.0,0.0,0.0,8.2322e-05,0.004059,0.2851,0.7351
165779,Anaerococcus,67,15.3318,0.1202,0.3644,0.2606,0.6722,-8.3338,1.5891,0.0,2.0,6.0,78.88,2226,0,0.0,0.0,0.0,74.0,9100,1.0,1.0,1.0,1.381,4.357,29.910377358490567,0.0,0.0,0.0,0.0,3.4952e-05,0.004303,0.2524,0.6513
157,Treponema,67,15.3318,0.0985,0.3198,0.2006,0.5778,-8.4306,1.3889,0.0,1.0,2.0,50.4,525,0,0.0,0.0,0.0,31.2,13040,1.0,1.0,1.062,1.821,5.862,13.109887640449438,0.0,0.0,0.0,0.0,1.02556e-05,0.002307,0.1944,0.5626
497,Psychrobacter,66,15.103,0.1171,0.4119,0.2606,0.7336,-8.3944,1.5017,0.0,1.4,4.0,49.36,20030,0,0.0,0.0,0.0,86.0,701049,1.0,1.0,1.028,1.791,5.481,10.958333333333334,0.0,0.0,0.0,0.0,1.8558e-05,0.1003,0.2511,0.7119
55968,Leucobacter,65,14.8741,0.0952,0.2841,0.1638,0.445,-8.497,1.2201,0.0,1.0,3.2,29.84,394,0,0.0,0.0,0.0,18.0,405,1.0,1.0,1.167,2.0,10.403,70.2,0.0,0.0,0.0,0.0,3.5748e-06,4.987e-05,0.1528,0.4224
125287,Ornithinimicrobium,65,14.8741,0.1096,0.3346,0.1932,0.5287,-8.4761,1.2785,0.0,2.0,4.2,52.84,1005,0,0.0,0.0,0.0,36.0,1105,1.0,1.0,1.218,1.777,10.048,11.910709219858154,0.0,0.0,0.0,0.0,5.8156e-06,0.0001122,0.1821,0.4991
10319,Varicellovirus,65,14.8741,0.1057,0.3141,0.2397,0.6062,-8.1453,2.0582,0.0,1.0,8.0,24.84,125,0,0.0,0.0,0.0,90.8,356,1.0,1.364,1.83,5.069,12.56,31.785919999999997,0.0,0.0,0.0,0.0,0.0014026,0.004371,0.2397,0.6062
953,Wolbachia,65,14.8741,0.0816,0.2523,0.1318,0.3606,-8.3857,1.5029,0.0,1.0,2.0,22.56,164,0,0.0,0.0,0.0,6.0,350,1.0,4.0,94.2,401.0,1224.0,2110.0,0.0,0.0,0.0,0.0,1.1202e-05,0.001891,0.0628,0.2607
5552,Trichosporon,65,14.8741,0.0817,0.2521,0.1578,0.3978,-8.6093,0.9475,0.0,1.0,2.0,16.0,162,0,0.0,0.0,0.0,14.0,102,1.0,8.8,44.4,124.0,516.0,971.0,0.0,0.0,0.0,0.0,5.919e-07,4.312e-06,0.0701,0.2068
2923352,Mesomycoplasma,64,14.6453,0.0676,0.2076,0.1766,0.4963,-8.275,1.8015,0.0,1.0,1.2,4.64,80,0,0.0,0.0,0.0,36.2,502,1.0,1.238,1.508,2.045,3.861,53.8,0.0,0.0,0.0,0.0,0.0006134,0.005798,0.163,0.4633
318147,Paucibacter,63,14.4165,0.1043,0.342,0.1796,0.5082,-8.511,1.2177,0.0,1.0,3.0,78.4,500,0,0.0,0.0,0.0,17.4,1845,1.0,1.0,1.071,1.797,9.079,25.26715725806452,0.0,0.0,0.0,0.0,3.1732e-06,0.0002887,0.168,0.4774
846,Oxalobacter,63,14.4165,0.0727,0.2343,0.1984,0.5087,-8.4548,1.3418,0.0,1.0,2.0,33.08,69,0,0.0,0.0,0.0,30.0,306,1.0,1.125,1.405,1.972,4.353,57.73346153846153,0.0,0.0,0.0,0.0,6.9798e-06,0.001067,0.1851,0.4707
1649486,Rhizorhabdus,63,14.4165,0.0988,0.326,0.1794,0.5001,-8.5106,1.2153,0.0,1.0,3.0,51.56,916,0,0.0,0.0,0.0,24.4,2724,1.0,1.0,1.12,1.615,3.475,11.349989082969433,0.0,0.0,0.0,0.0,3.544e-06,0.0002053,0.1703,0.4716
1855416,Qipengyuania,63,14.4165,0.114,0.3445,0.1834,0.5005,-8.4949,1.2527,0.0,2.0,5.0,47.2,702,0,0.0,0.0,0.0,21.2,1052,1.0,1.024,2.0,9.15,55.273,112.85461538461537,0.0,0.0,0.0,0.0,3.994e-06,0.000326,0.1563,0.4431
1060,Rhodobacter,63,14.4165,0.102,0.3252,0.1896,0.5305,-8.4955,1.2513,0.0,1.0,4.0,64.56,524,0,0.0,0.0,0.0,27.0,1155,1.0,1.0,1.18,2.0,10.513,19.0,0.0,0.0,0.0,0.0,4.016e-06,8.811e-05,0.1765,0.4971
270,Thermus,63,14.4165,0.0927,0.2754,0.1982,0.5509,-8.4511,1.3819,0.0,1.0,4.0,17.28,137,0,0.0,0.0,0.0,34.4,3473,1.0,1.0,1.5,2.55,6.074,26.38095238095238,0.0,0.0,0.0,0.0,9.7684e-06,0.001224,0.1832,0.5192
1295327,Croceicoccus,62,14.1876,0.1029,0.3178,0.1774,0.4938,-8.513,1.2172,0.0,2.0,4.0,35.6,495,0,0.0,0.0,0.0,18.2,1819,1.0,1.0,1.8,4.752,11.189,23.5,0.0,0.0,0.0,0.0,3.4772e-06,9.743e-05,0.1571,0.4532
2767885,Latilactobacillus,62,14.1876,0.0959,0.3209,0.2985,0.7781,-8.3922,1.5193,0.0,1.0,3.2,23.84,2108,0,0.0,0.0,0.0,136.0,12763,1.0,1.0,1.0,1.439,3.401,12.405265654648955,0.0,0.0,0.0,0.0,1.9982e-05,0.001885,0.2899,0.7549
59734,Empedobacter,62,14.1876,0.1122,0.347,0.281,0.747,-8.377,1.5585,0.0,1.0,5.2,73.0,223,0,0.0,0.0,0.0,183.4,7410,1.0,1.0,1.0,1.152,2.765,11.562962962962963,0.0,0.0,0.0,0.0,4.6362e-05,0.001768,0.2751,0.7329
34102,Sphaerotilus,61,13.9588,0.0999,0.3239,0.2009,0.5619,-8.4866,1.3036,0.0,1.0,4.0,62.8,557,0,0.0,0.0,0.0,44.6,1851,1.0,1.0,1.09,1.52,11.0,12.5,0.0,0.0,0.0,0.0,7.4148e-06,0.0004032,0.1905,0.5354
361177,Altererythrobacter,61,13.9588,0.0843,0.2742,0.1579,0.4672,-8.5371,1.1801,0.0,1.0,2.0,27.4,299,0,0.0,0.0,0.0,17.6,961,1.0,1.0,1.5,2.5,27.0,55.0,0.0,0.0,0.0,0.0,3.4892e-06,5.752e-05,0.1443,0.4363
162289,Peptoniphilus,61,13.9588,0.1143,0.3627,0.2829,0.751,-8.3508,1.6333,0.0,1.4,4.0,70.0,674,0,0.0,0.0,0.0,131.6,12949,1.0,1.0,1.075,1.375,5.0,16.399428571428572,0.0,0.0,0.0,0.0,5.733e-05,0.003352,0.2742,0.7297
1016,Capnocytophaga,61,13.9588,0.1137,0.3628,0.2697,0.7294,-8.4014,1.5119,0.0,2.0,7.0,49.6,2527,0,0.0,0.0,0.0,128.6,15456,1.0,1.0,1.0,1.377,7.0,49.4,0.0,0.0,0.0,0.0,3.2838e-05,0.002408,0.2625,0.7097
391952,Aquincola,60,13.73,0.0989,0.3214,0.1875,0.5223,-8.518,1.2341,0.0,1.0,4.0,73.56,328,0,0.0,0.0,0.0,36.0,801,1.0,1.0,1.245,1.652,8.999,554.0,0.0,0.0,0.0,0.0,5.595e-06,0.0001245,0.1749,0.4897
12960,Azoarcus,60,13.73,0.0975,0.3046,0.1808,0.5125,-8.5357,1.1824,0.0,1.0,4.4,30.56,481,0,0.0,0.0,0.0,29.4,774,1.0,1.0,1.213,2.063,7.191,70.26094827586208,0.0,0.0,0.0,0.0,3.541e-06,2.605e-05,0.1695,0.4811
31988,Aminobacter,60,13.73,0.1096,0.3274,0.1511,0.4172,-8.4917,1.2888,0.0,2.0,6.0,33.56,210,0,0.0,0.0,0.0,11.0,484,1.0,1.181,8.673,51.508,133.55,380.0,0.0,0.0,0.0,0.0,7.8778e-06,3.047e-05,0.1103,0.3444
1743,Propionibacterium,60,13.73,0.104,0.3559,0.2506,0.7164,-8.4247,1.4897,0.0,1.0,4.0,47.04,3017,0,0.0,0.0,0.0,112.4,169162,1.0,1.0,1.013,1.637,3.542,11.887846153846153,0.0,0.0,0.0,0.0,2.439e-05,0.06056,0.242,0.6903
1375,Aerococcus,60,13.73,0.0949,0.296,0.2414,0.6612,-8.4084,1.5124,0.0,1.0,3.0,28.32,206,0,0.0,0.0,0.0,92.6,5404,1.0,1.0,1.032,1.717,3.363,16.5,0.0,0.0,0.0,0.0,3.89e-05,0.002877,0.2323,0.6406
28453,Sphingobacterium,60,13.73,0.083,0.2632,0.2084,0.5892,-8.4898,1.3144,0.0,1.0,2.2,21.2,335,0,0.0,0.0,0.0,75.6,1364,1.0,1.0,1.0,1.334,8.95,15.5,0.0,0.0,0.0,0.0,1.372e-05,0.000127,0.2017,0.5742
2132,Spiroplasma,60,13.73,0.067,0.2136,0.1265,0.3754,-8.4747,1.351,0.0,1.0,1.0,9.0,66,0,0.0,0.0,0.0,10.4,173,1.0,1.0,1.0,1.412,4.0,14.101818181818182,0.0,0.0,0.0,0.0,7.9152e-06,0.01119,0.1214,0.3591
231454,Dyella,59,13.5011,0.1178,0.3763,0.191,0.559,-8.5207,1.2419,0.0,1.0,6.2,101.56,434,0,0.0,0.0,0.0,37.4,3894,1.0,1.0,1.211,1.926,7.64,26.265625,0.0,0.0,0.0,0.0,4.7688e-06,0.0004474,0.1805,0.5319
1653176,Cereibacter,59,13.5011,0.0862,0.274,0.1531,0.4434,-8.5609,1.1313,0.0,1.0,3.0,31.56,204,0,0.0,0.0,0.0,16.2,364,1.0,1.0,2.0,3.175,14.928,49.7,0.0,0.0,0.0,0.0,2.4582e-06,3.184e-05,0.1353,0.4023
169133,Citricoccus,59,13.5011,0.0994,0.29,0.1298,0.3832,-8.5197,1.2344,0.0,1.4,6.0,16.2,92,0,0.0,0.0,0.0,10.0,249,1.0,1.032,12.0,119.5,291.125,775.5581395348837,0.0,0.0,0.0,0.0,3.017e-06,0.0001855,0.0989,0.3474
72763,Tessaracoccus,59,13.5011,0.1017,0.3179,0.2057,0.5872,-8.473,1.3643,0.0,1.4,4.0,40.48,797,0,0.0,0.0,0.0,67.8,1672,1.0,1.0,1.109,2.0,8.285,18.0,0.0,0.0,0.0,0.0,1.4064e-05,0.0003636,0.1959,0.564
53460,Nakamurella,59,13.5011,0.0927,0.3018,0.1682,0.4856,-8.5409,1.1858,0.0,1.0,3.2,27.92,1832,0,0.0,0.0,0.0,20.0,4488,1.0,1.0,1.304,2.315,10.362,21.0,0.0,0.0,0.0,0.0,3.2514e-06,0.0007087,0.1554,0.4533
219181,Ottowia,58,13.2723,0.105,0.3318,0.1896,0.533,-8.5052,1.2841,0.0,1.0,5.2,54.28,324,0,0.0,0.0,0.0,39.2,910,1.0,1.0,1.066,1.823,8.339,55.09574468085106,0.0,0.0,0.0,0.0,7.1466e-06,0.0001343,0.1789,0.5017
33057,Thauera,58,13.2723,0.0965,0.3098,0.1745,0.5119,-8.5389,1.1994,0.0,1.0,5.0,42.48,668,0,0.0,0.0,0.0,30.6,1153,1.0,1.0,1.084,1.902,10.481,17.666666666666668,0.0,0.0,0.0,0.0,4.5984e-06,0.0001111,0.1653,0.4819
613,Serratia,58,13.2723,0.0927,0.2913,0.1869,0.5284,-8.5322,1.2306,0.0,1.0,5.2,22.0,388,0,0.0,0.0,0.0,37.4,784,1.0,1.0,1.27,2.082,10.438,21.7,0.0,0.0,0.0,0.0,4.4996e-06,0.0001805,0.1764,0.5034
76634,Mycetocola,58,13.2723,0.0935,0.2995,0.1244,0.3467,-8.5557,1.146,0.0,1.0,5.0,31.52,165,0,0.0,0.0,0.0,7.0,527,1.0,1.347,4.4,12.375,36.755,70.6,0.0,0.0,0.0,0.0,2.258e-06,0.0001677,0.0913,0.2739
367298,Phycicoccus,58,13.2723,0.0849,0.2924,0.1522,0.4442,-8.5369,1.2046,0.0,1.0,2.0,23.64,759,0,0.0,0.0,0.0,17.2,512,1.0,1.0,1.0,1.697,6.782,20.413636363636364,0.0,0.0,0.0,0.0,4.657e-06,7.944e-05,0.1436,0.4187
2040,Aeromicrobium,58,13.2723,0.1019,0.3305,0.189,0.5502,-8.524,1.2375,0.0,1.0,5.0,39.8,1238,0,0.0,0.0,0.0,36.6,1823,1.0,1.0,1.018,1.614,4.515,15.941496598639453,0.0,0.0,0.0,0.0,6.2818e-06,4.817e-05,0.1806,0.5236
423349,Mucilaginibacter,58,13.2723,0.073,0.2394,0.1347,0.3982,-8.5934,1.0602,0.0,1.0,2.0,12.56,658,0,0.0,0.0,0.0,10.0,685,1.0,1.0,1.0,1.667,4.06,14.672598784194529,0.0,0.0,0.0,0.0,1.4316e-06,3.829e-05,0.1275,0.379
75309,Rhodanobacter,57,13.0435,0.0952,0.3114,0.1615,0.4796,-8.5691,1.1347,0.0,1.0,4.0,46.12,469,0,0.0,0.0,0.0,15.0,1892,1.0,1.0,1.204,1.851,9.136,15.0,0.0,0.0,0.0,0.0,2.5136e-06,0.0002318,0.1505,0.4483
29404,Microlunatus,57,13.0435,0.0887,0.2997,0.166,0.4808,-8.5549,1.1707,0.0,1.0,4.0,19.28,2482,0,0.0,0.0,0.0,24.2,882,1.0,1.0,1.12,1.75,4.624,31.956486704270755,0.0,0.0,0.0,0.0,3.9224e-06,9.99e-05,0.1568,0.4549
107,Spirosoma,57,13.0435,0.0919,0.3183,0.1659,0.5005,-8.5779,1.1185,0.0,1.0,3.0,41.64,2231,0,0.0,0.0,0.0,23.2,3900,1.0,1.0,1.0,2.0,7.571,27.243119677274763,0.0,0.0,0.0,0.0,1.9788e-06,0.0003191,0.1584,0.4773
33986,Exiguobacterium,57,13.0435,0.0734,0.2516,0.1727,0.4818,-8.5275,1.2426,0.0,1.0,2.0,21.28,293,0,0.0,0.0,0.0,22.2,802,1.0,1.165,2.0,3.33,22.954,96.75083916083916,0.0,0.0,0.0,0.0,4.66e-06,0.0002678,0.1539,0.4343
201096,Alicycliphilus,56,12.8146,0.1007,0.3298,0.2133,0.6304,-8.4771,1.4187,0.0,1.0,5.0,51.6,669,0,0.0,0.0,0.0,70.0,5234,1.0,1.0,1.085,1.548,4.575,9.563636363636364,0.0,0.0,0.0,0.0,1.611e-05,0.003917,0.2049,0.6061
114248,Tepidimonas,56,12.8146,0.1026,0.3567,0.2254,0.6489,-8.4475,1.4707,0.0,1.0,4.0,54.76,3014,0,0.0,0.0,0.0,76.0,6605,1.0,1.0,1.145,1.65,9.672,25.1,0.0,0.0,0.0,0.0,2.892e-05,0.002514,0.2148,0.6218
551,Erwinia,56,12.8146,0.0855,0.2795,0.1721,0.5406,-8.5417,1.2392,0.0,1.0,3.0,26.0,187,0,0.0,0.0,0.0,22.8,1932,1.0,1.0,1.0,1.761,9.197,15.0,0.0,0.0,0.0,0.0,6.654e-06,0.0003121,0.1631,0.5158
22,Shewanella,56,12.8146,0.0886,0.3113,0.16,0.5166,-8.563,1.193,0.0,1.0,3.0,29.28,1101,0,0.0,0.0,0.0,21.2,30924,1.0,1.0,1.209,2.0,8.506,96.6,0.0,0.0,0.0,0.0,3.8462e-06,0.006488,0.1494,0.4976
227290,Rhizobium/Agrobacterium group,56,12.8146,0.0822,0.2754,0.355,0.9561,-8.6158,1.0304,0.0,1.0,3.0,14.76,597,0,0.0,0.0,0.0,713.2,43062,1.0,1.03,1.1,1.525,3.43,8.73,0.0,0.0,0.0,0.0,1.2106e-06,7.311e-05,0.3465,0.9315
1742989,Glutamicibacter,56,12.8146,0.0728,0.2397,0.1663,0.5034,-8.533,1.2486,0.0,1.0,2.0,13.0,175,0,0.0,0.0,0.0,45.2,679,1.0,1.0,1.25,2.0,12.025,19.3,0.0,0.0,0.0,0.0,7.7952e-06,0.0001687,0.1564,0.4831
52972,Polaromonas,55,12.5858,0.0916,0.3034,0.1714,0.5002,-8.5708,1.1468,0.0,1.0,4.0,45.64,432,0,0.0,0.0,0.0,24.0,505,1.0,1.0,1.127,1.564,7.057,16.0,0.0,0.0,0.0,0.0,3.0718e-06,2.823e-05,0.1624,0.474
665874,Limnohabitans,55,12.5858,0.1008,0.3316,0.1984,0.6108,-8.5138,1.3109,0.0,1.0,5.0,56.48,235,0,0.0,0.0,0.0,41.0,4265,1.0,1.0,1.131,1.531,4.734,10.957063829787234,0.0,0.0,0.0,0.0,1.1412e-05,0.000341,0.1901,0.5899
316612,Methylibium,55,12.5858,0.0824,0.2847,0.1555,0.4572,-8.5345,1.2448,0.0,1.0,2.0,40.0,292,0,0.0,0.0,0.0,20.2,559,1.0,1.0,1.0,1.666,5.686,18.13783783783784,0.0,0.0,0.0,0.0,6.936e-06,0.0001387,0.1469,0.4291
212744,Rugamonas,55,12.5858,0.0754,0.2372,0.1531,0.4378,-8.574,1.1395,0.0,1.0,3.0,16.84,78,0,0.0,0.0,0.0,16.6,204,1.0,1.27,1.78,2.705,8.745,16.0,0.0,0.0,0.0,0.0,2.7536e-06,3.384e-05,0.1354,0.3905
293088,Martelella,55,12.5858,0.0736,0.2427,0.1242,0.3787,-8.5972,1.075,0.0,1.0,2.0,9.64,179,0,0.0,0.0,0.0,7.2,351,1.0,1.0,1.6,3.665,11.555,16.6,0.0,0.0,0.0,0.0,1.635e-06,2.172e-05,0.1084,0.3404
1632780,Phreatobacter,55,12.5858,0.0891,0.3051,0.1647,0.4948,-8.5684,1.1634,0.0,1.0,3.0,31.12,489,0,0.0,0.0,0.0,19.2,763,1.0,1.0,1.0,1.799,5.713,11.7,0.0,0.0,0.0,0.0,2.7634e-06,0.0001031,0.1564,0.4669
335405,Sphingosinicella,55,12.5858,0.0872,0.292,0.1583,0.4649,-8.5858,1.1111,0.0,1.0,3.0,41.84,423,0,0.0,0.0,0.0,20.2,1184,1.0,1.0,1.387,1.96,8.782,16.3,0.0,0.0,0.0,0.0,2.3962e-06,9.116e-05,0.1464,0.4333
83681,Nonomuraea,55,12.5858,0.0792,0.2555,0.1413,0.4083,-8.6276,0.9954,0.0,1.0,3.0,14.92,471,0,0.0,0.0,0.0,12.4,330,1.0,1.0,1.333,2.55,12.51,14.9,0.0,0.0,0.0,0.0,9.986e-07,1.239e-05,0.127,0.3703
1648491,Aquihabitans,55,12.5858,0.0883,0.3016,0.17,0.5024,-8.553,1.2003,0.0,1.0,3.0,41.64,839,0,0.0,0.0,0.0,22.2,2762,1.0,1.0,1.14,1.922,8.791,23.8,0.0,0.0,0.0,0.0,3.8144e-06,0.0002559,0.159,0.4671
836,Porphyromonas,55,12.5858,0.1164,0.4558,0.2607,0.7902,-8.4306,1.5436,0.0,1.0,3.2,96.12,102875,0,0.0,0.0,0.0,98.6,1737703,1.0,1.0,1.0,1.365,3.159,11.733590425531911,0.0,0.0,0.0,0.0,3.8046e-05,0.2482,0.2549,0.7696
364316,Verminephrobacter,54,12.357,0.0695,0.2293,0.1282,0.3905,-8.5987,1.092,0.0,1.0,2.0,12.28,153,0,0.0,0.0,0.0,10.4,161,1.0,1.0,1.135,2.0,4.84,8.33,0.0,0.0,0.0,0.0,2.0706e-06,3.205e-05,0.1188,0.3631
2818469,Fuscovulum,54,12.357,0.0828,0.2771,0.154,0.4542,-8.561,1.1857,0.0,1.0,3.0,33.8,178,0,0.0,0.0,0.0,23.0,712,1.0,1.0,1.572,3.249,14.935,28.3,0.0,0.0,0.0,0.0,5.055e-06,9.911e-05,0.1372,0.4104
37914,Dietzia,54,12.357,0.0778,0.2655,0.1865,0.5437,-8.525,1.2848,0.0,1.0,2.2,22.28,391,0,0.0,0.0,0.0,41.4,1234,1.0,1.0,1.029,1.707,6.031,19.291428571428572,0.0,0.0,0.0,0.0,1.0146e-05,0.0002512,0.1786,0.5224
110932,Leifsonia,54,12.357,0.1089,0.3662,0.1989,0.6192,-8.5229,1.3125,0.0,1.0,4.2,92.92,364,0,0.0,0.0,0.0,42.6,2573,1.0,1.0,1.017,1.552,11.207,19.2,0.0,0.0,0.0,0.0,7.1158e-06,0.000536,0.1895,0.6023
2063,Kitasatospora,54,12.357,0.0825,0.2755,0.1498,0.4336,-8.6189,1.0267,0.0,1.0,3.0,22.56,363,0,0.0,0.0,0.0,19.4,459,1.0,1.0,1.41,2.597,11.999,14.680512820512822,0.0,0.0,0.0,0.0,1.2426e-06,1.021e-05,0.1373,0.3973
1835,Saccharopolyspora,54,12.357,0.0835,0.2923,0.145,0.4447,-8.6151,1.0478,0.0,1.0,3.0,28.12,936,0,0.0,0.0,0.0,14.4,2318,1.0,1.0,1.0,1.575,5.963,17.512631578947367,0.0,0.0,0.0,0.0,1.5152e-06,0.0003227,0.1377,0.42
88138,Modestobacter,54,12.357,0.0894,0.2989,0.162,0.4811,-8.563,1.185,0.0,1.0,3.0,35.0,605,0,0.0,0.0,0.0,29.2,462,1.0,1.0,1.095,1.364,8.032,12.7,0.0,0.0,0.0,0.0,4.738e-06,6.507e-05,0.1539,0.458
161492,Anaeromyxobacter,54,12.357,0.0769,0.2626,0.1273,0.381,-8.61,1.0523,0.0,1.0,3.0,26.0,416,0,0.0,0.0,0.0,10.2,259,1.0,1.0,1.594,3.433,22.605,60.096666666666664,0.0,0.0,0.0,0.0,1.96e-06,2.249e-05,0.1134,0.342
2035811,Pseudodesulfovibrio,54,12.357,0.0716,0.231,0.1021,0.3009,-8.6156,1.0324,0.0,1.0,3.0,18.28,84,0,0.0,0.0,0.0,5.2,108,1.0,1.0,3.282,10.12,23.15,30.3,0.0,0.0,0.0,0.0,1.4226e-06,1.536e-05,0.0791,0.2383
34098,Blattabacterium,54,12.357,0.0595,0.2073,0.1065,0.3384,-8.5981,1.1036,0.0,1.0,1.0,12.64,78,0,0.0,0.0,0.0,7.2,174,1.0,1.0,1.0,1.589,5.001,15.0,0.0,0.0,0.0,0.0,3.66e-06,5.994e-05,0.099,0.3133
38501,Blastococcus,53,12.1281,0.0827,0.2876,0.1447,0.4332,-8.5858,1.1311,0.0,1.0,2.2,25.84,629,0,0.0,0.0,0.0,13.2,408,1.0,1.0,1.064,1.54,8.476,13.60381558028617,0.0,0.0,0.0,0.0,3.071e-06,5.388e-05,0.1352,0.4043
2651583,Geomonas,53,12.1281,0.0659,0.2234,0.1316,0.3825,-8.598,1.0927,0.0,1.0,2.0,7.28,110,0,0.0,0.0,0.0,16.0,96,1.0,1.1,1.62,2.54,7.075,21.160999999999998,0.0,0.0,0.0,0.0,3.026e-06,1.001e-05,0.1172,0.3378
44013,Polynucleobacter,53,12.1281,0.1122,0.3659,0.2279,0.6833,-8.5069,1.3595,0.0,1.0,6.0,70.84,362,0,0.0,0.0,0.0,111.4,4421,1.0,1.007,1.345,2.0,5.379,39.0,0.0,0.0,0.0,0.0,3.0846e-05,0.0004277,0.2175,0.6601
2680004,Protaetiibacter,52,11.8993,0.0711,0.2526,0.1454,0.4624,-8.5611,1.2221,0.0,1.0,2.0,13.64,505,0,0.0,0.0,0.0,15.0,7349,1.0,1.0,1.0,1.342,3.035,9.429756097560976,0.0,0.0,0.0,0.0,4.4534e-06,0.002647,0.1399,0.446
65047,Mitsuaria,52,11.8993,0.0801,0.2752,0.1302,0.395,-8.6104,1.0786,0.0,1.0,3.0,29.76,202,0,0.0,0.0,0.0,9.4,231,1.0,1.288,2.335,9.867,31.735,84.5,0.0,0.0,0.0,0.0,1.6584e-06,4.075e-05,0.1067,0.3436
1114981,Piscinibacter,52,11.8993,0.0774,0.2722,0.158,0.4663,-8.5848,1.1478,0.0,1.0,2.0,26.56,292,0,0.0,0.0,0.0,22.4,393,1.0,1.0,1.19,1.6,5.658,8.25,0.0,0.0,0.0,0.0,3.5932e-06,6.304e-05,0.1486,0.4355
146937,Azospira,52,11.8993,0.0694,0.2419,0.15,0.4546,-8.5587,1.223,0.0,1.0,2.0,22.28,300,0,0.0,0.0,0.0,18.2,569,1.0,1.0,1.0,1.515,4.359,46.97051282051282,0.0,0.0,0.0,0.0,6.638e-06,0.0001707,0.1437,0.4331
2742,Marinobacter,52,11.8993,0.0761,0.2762,0.1414,0.4712,-8.6046,1.1112,0.0,1.0,2.0,21.2,604,0,0.0,0.0,0.0,15.4,4184,1.0,1.0,1.024,1.836,7.161,10.253940397350995,0.0,0.0,0.0,0.0,2.267e-06,0.0003705,0.1347,0.454
242605,Luteibacter,52,11.8993,0.0862,0.2914,0.1542,0.4535,-8.5951,1.1101,0.0,1.0,4.0,22.84,620,0,0.0,0.0,0.0,22.2,462,1.0,1.0,1.647,2.34,11.432,13.9,0.0,0.0,0.0,0.0,2.625e-06,2.935e-05,0.1398,0.4155
28209,Chelatococcus,52,11.8993,0.074,0.2558,0.1501,0.4793,-8.5702,1.2006,0.0,1.0,2.0,23.48,239,0,0.0,0.0,0.0,15.2,860,1.0,1.0,1.155,2.0,8.485,10.375,0.0,0.0,0.0,0.0,3.473e-06,0.0002922,0.1419,0.4597
1742992,Paenarthrobacter,52,11.8993,0.0599,0.2176,0.1274,0.3903,-8.4889,1.4251,0.0,1.0,1.0,7.2,282,0,0.0,0.0,0.0,18.0,107,1.0,1.0,1.075,2.68,9.63,23.988829787234042,0.0,0.0,0.0,0.0,4.5034e-05,0.0004069,0.1148,0.3482
46123,Abiotrophia,52,11.8993,0.0924,0.3129,0.2305,0.6695,-8.4501,1.5169,0.0,1.0,4.0,42.08,595,0,0.0,0.0,0.0,108.0,2898,1.0,1.0,1.05,1.345,8.637,13.2,0.0,0.0,0.0,0.0,5.4082e-05,0.001451,0.2223,0.6472
279,Xanthobacter,51,11.6705,0.0904,0.3117,0.1957,0.5893,-8.5501,1.2644,0.0,1.0,3.0,58.84,274,0,0.0,0.0,0.0,53.2,1739,1.0,1.0,1.16,1.81,9.918,11.263868613138687,0.0,0.0,0.0,0.0,8.8856e-06,0.0003398,0.1858,0.5603
2060,Tsukamurella,51,11.6705,0.079,0.2789,0.1489,0.4673,-8.602,1.1163,0.0,1.0,3.0,29.28,395,0,0.0,0.0,0.0,19.4,1191,1.0,1.0,1.237,2.0,8.755,12.974430379746835,0.0,0.0,0.0,0.0,3.0514e-06,0.00015,0.1391,0.4388
265976,Serinicoccus,51,11.6705,0.0735,0.2679,0.1362,0.4361,-8.5887,1.1529,0.0,1.0,2.0,20.92,354,0,0.0,0.0,0.0,13.0,714,1.0,1.0,1.108,1.733,7.328,11.62905982905983,0.0,0.0,0.0,0.0,3.909e-06,0.0002228,0.1276,0.4068
2600304,Baekduia,51,11.6705,0.0737,0.2592,0.1353,0.4062,-8.6157,1.0704,0.0,1.0,2.0,20.12,284,0,0.0,0.0,0.0,16.0,517,1.0,1.0,1.18,2.0,7.226,14.360281690140845,0.0,0.0,0.0,0.0,2.187e-06,5.01e-05,0.1242,0.3727
2782231,Kaistella,51,11.6705,0.0813,0.3016,0.1652,0.537,-8.5551,1.2578,0.0,1.0,3.0,25.56,705,0,0.0,0.0,0.0,21.4,17938,1.0,1.0,1.133,1.596,3.179,12.6,0.0,0.0,0.0,0.0,4.6332e-06,0.005451,0.1587,0.5214
2807415,Urbifossiella,51,11.6705,0.0716,0.2472,0.1363,0.4037,-8.6221,1.0536,0.0,1.0,2.2,22.52,130,0,0.0,0.0,0.0,14.0,157,1.0,1.0,2.14,4.575,10.35,12.5,0.0,0.0,0.0,0.0,1.853e-06,2.078e-05,0.1167,0.3485
81,Hyphomicrobium,50,11.4416,0.0764,0.2773,0.1524,0.471,-8.5943,1.1439,0.0,1.0,2.2,17.0,537,0,0.0,0.0,0.0,16.2,558,1.0,1.0,1.133,1.84,6.948,28.368789571694595,0.0,0.0,0.0,0.0,3.224e-06,5.197e-05,0.1435,0.4437
2071,Saccharothrix,50,11.4416,0.0704,0.2476,0.1323,0.3948,-8.6471,0.9912,0.0,1.0,2.0,16.56,350,0,0.0,0.0,0.0,15.0,333,1.0,1.0,1.29,2.275,9.084,13.251428571428571,0.0,0.0,0.0,0.0,1.2474e-06,1.504e-05,0.1204,0.3584
84567,Pedobacter,50,11.4416,0.0656,0.2433,0.1381,0.4337,-8.6241,1.0627,0.0,1.0,2.0,11.28,1061,0,0.0,0.0,0.0,17.4,815,1.0,1.0,1.0,1.845,3.968,28.324363807728563,0.0,0.0,0.0,0.0,1.894e-06,2.294e-05,0.1304,0.41
445,Legionella,50,11.4416,0.0685,0.2436,0.1037,0.3645,-8.6261,1.0598,0.0,1.0,2.0,21.32,211,0,0.0,0.0,0.0,4.0,241,1.0,1.0,1.984,17.55,71.745,177.0,0.0,0.0,0.0,0.0,1.5834e-06,4.975e-05,0.0904,0.3388
2004797,Luteitalea,50,11.4416,0.0805,0.2898,0.1345,0.4305,-8.6345,1.0401,0.0,1.0,3.0,23.84,544,0,0.0,0.0,0.0,13.4,447,1.0,1.0,1.359,2.691,10.254,25.5,0.0,0.0,0.0,0.0,1.7696e-06,4.07e-05,0.1237,0.3974
2935559,Allomeiothermus,49,11.2128,0.0982,0.3794,0.2528,0.7584,-8.4712,1.5131,0.0,1.0,4.0,37.64,6656,0,0.0,0.0,0.0,165.8,39668,1.0,1.0,1.0,1.4,9.156,20.0,0.0,0.0,0.0,0.0,4.8982e-05,0.01172,0.2455,0.7356
683756,Kinneretia,49,11.2128,0.0815,0.2859,0.1463,0.4487,-8.6078,1.1194,0.0,1.0,3.2,25.64,258,0,0.0,0.0,0.0,21.0,544,1.0,1.0,1.18,1.743,7.768,35.30094339622641,0.0,0.0,0.0,0.0,3.2204e-06,9.156e-05,0.1372,0.4211
202907,Collimonas,49,11.2128,0.0801,0.275,0.1467,0.4547,-8.6348,1.042,0.0,1.0,4.0,22.64,122,0,0.0,0.0,0.0,17.0,412,1.0,1.0,1.33,2.0,10.531,12.243478260869566,0.0,0.0,0.0,0.0,1.937e-06,2.297e-05,0.1354,0.4224
263377,Salipiger,49,11.2128,0.0697,0.2551,0.1206,0.384,-8.6391,1.0299,0.0,1.0,2.0,31.92,293,0,0.0,0.0,0.0,10.2,210,1.0,1.0,1.0,1.82,8.171,16.82184300341297,0.0,0.0,0.0,0.0,1.992e-06,2.031e-05,0.1118,0.3536
13134,Magnetospirillum,49,11.2128,0.0687,0.2438,0.1115,0.3665,-8.647,1.0087,0.0,1.0,2.0,14.92,161,0,0.0,0.0,0.0,7.0,487,1.0,1.0,1.438,3.4,15.05,40.0,0.0,0.0,0.0,0.0,1.3128e-06,2.456e-05,0.1011,0.3376
46352,Agrococcus,49,11.2128,0.0838,0.2845,0.1691,0.5227,-8.5673,1.2323,0.0,1.0,4.0,24.64,267,0,0.0,0.0,0.0,34.2,751,1.0,1.0,1.0,1.751,10.121,17.0,0.0,0.0,0.0,0.0,9.858e-06,8.866e-05,0.1615,0.5
2044,Pimelobacter,49,11.2128,0.0702,0.2498,0.1396,0.4242,-8.6411,1.0261,0.0,1.0,2.0,21.2,312,0,0.0,0.0,0.0,19.0,419,1.0,1.0,1.27,2.27,8.928,19.3,0.0,0.0,0.0,0.0,1.915e-06,4.223e-05,0.1274,0.3876
4930,Saccharomyces,49,11.2128,0.0812,0.3609,0.2439,0.7548,-8.5367,1.3435,0.0,1.0,2.0,97.8,11870,0,0.0,0.0,0.0,99.8,161219,1.0,1.0,1.0,1.13,1.888,12.5,0.0,0.0,0.0,0.0,9.3168e-06,0.01505,0.2404,0.7405
2676233,Sphingosinithalassobacter,49,11.2128,0.0742,0.2716,0.1368,0.4389,-8.5991,1.1487,0.0,1.0,2.0,16.28,393,0,0.0,0.0,0.0,17.8,1507,1.0,1.0,1.038,1.8,10.018,34.0,0.0,0.0,0.0,0.0,5.4736e-06,0.0002703,0.1281,0.4122
1649468,Melaminivora,48,10.984,0.0791,0.2704,0.1398,0.4362,-8.5965,1.1625,0.0,1.0,3.0,22.56,195,0,0.0,0.0,0.0,13.0,430,1.0,1.0,1.287,2.035,5.898,20.0,0.0,0.0,0.0,0.0,4.038e-06,0.0001412,0.1302,0.4088
3051137,Paracidovorax,48,10.984,0.0625,0.2248,0.1149,0.3668,-8.627,1.0793,0.0,1.0,2.0,11.0,262,0,0.0,0.0,0.0,9.0,273,1.0,1.0,1.387,2.0,7.735,9.67,0.0,0.0,0.0,0.0,2.5192e-06,5.499e-05,0.1058,0.3409
34069,Telluria,48,10.984,0.0707,0.2359,0.1341,0.4173,-8.634,1.0567,0.0,1.0,3.0,10.0,199,0,0.0,0.0,0.0,17.0,165,1.0,1.0,1.249,2.0,5.284,10.583668341708544,0.0,0.0,0.0,0.0,2.766e-06,1.554e-05,0.1253,0.393
106591,Ensifer,48,10.984,0.0734,0.2672,0.1474,0.4522,-8.6725,0.9492,0.0,1.0,2.0,20.52,347,0,0.0,0.0,0.0,19.2,468,1.0,1.0,1.4,1.92,7.717,24.8,0.0,0.0,0.0,0.0,1.0414e-06,1.331e-05,0.1371,0.4217
235888,Salinibacterium,48,10.984,0.0599,0.2156,0.1169,0.3815,-8.6265,1.0767,0.0,1.0,1.2,13.84,169,0,0.0,0.0,0.0,9.0,613,1.0,1.0,1.0,1.311,5.057,10.549999999999999,0.0,0.0,0.0,0.0,2.6798e-06,5.847e-05,0.1118,0.3637
154116,Georgenia,48,10.984,0.072,0.2576,0.1257,0.4035,-8.6267,1.0773,0.0,1.0,2.0,23.24,422,0,0.0,0.0,0.0,11.0,438,1.0,1.0,1.0,1.474,8.192,9.948936170212766,0.0,0.0,0.0,0.0,3.066e-06,3.963e-05,0.1187,0.3767
57499,Kytococcus,48,10.984,0.0638,0.2277,0.1869,0.571,-8.5439,1.3208,0.0,1.0,2.2,11.64,202,0,0.0,0.0,0.0,73.2,1036,1.0,1.0,1.0,1.23,5.958,13.8,0.0,0.0,0.0,0.0,1.9904e-05,0.0009099,0.1815,0.5556
2692118,Winkia,48,10.984,0.0834,0.3054,0.2539,0.7556,-8.4582,1.5615,0.0,1.0,3.0,23.56,1073,0,0.0,0.0,0.0,209.2,12930,1.0,1.0,1.05,1.292,2.0,8.859804287045668,0.0,0.0,0.0,0.0,8.3504e-05,0.006751,0.2488,0.74
29393,Dolosigranulum,48,10.984,0.0723,0.2628,0.219,0.6656,-8.5385,1.3369,0.0,1.0,2.2,16.92,953,0,0.0,0.0,0.0,92.0,5923,1.0,1.0,1.06,1.36,3.131,26.6,0.0,0.0,0.0,0.0,1.543e-05,0.0009937,0.2121,0.6495
2974257,Hoylesella,48,10.984,0.0726,0.2462,0.1964,0.5931,-8.5303,1.3544,0.0,1.0,3.0,12.64,181,0,0.0,0.0,0.0,65.0,4325,1.0,1.0,1.03,1.561,3.73,12.3,0.0,0.0,0.0,0.0,2.049e-05,0.001407,0.1896,0.5753
472825,Candidatus Purcelliella,48,10.984,0.0492,0.1705,0.1329,0.4057,-8.542,1.3147,0.0,1.0,1.0,5.92,36,0,0.0,0.0,0.0,16.2,206,1.0,1.0,1.185,1.397,2.829,3.64,0.0,0.0,0.0,0.0,1.6342e-05,0.0002078,0.127,0.384
2093,Mycoplasma,48,10.984,0.0617,0.2384,0.1037,0.3583,-8.5705,1.2562,0.0,1.0,1.0,20.48,132,0,0.0,0.0,0.0,4.2,256,1.0,1.0,1.075,1.925,14.019,26.494029850746266,0.0,0.0,0.0,0.0,4.5942e-06,0.004132,0.0959,0.3276
416916,Aggregatibacter,48,10.984,0.0751,0.2641,0.1983,0.6031,-8.52,1.3816,0.0,1.0,2.0,20.12,476,0,0.0,0.0,0.0,76.0,1894,1.0,1.0,1.015,2.047,6.906,21.3,0.0,0.0,0.0,0.0,2.7532e-05,0.0003726,0.1884,0.5755
92793,Aquabacterium,47,10.7551,0.0788,0.2795,0.1664,0.5105,-8.5782,1.231,0.0,1.0,3.0,33.28,270,0,0.0,0.0,0.0,39.4,401,1.0,1.0,1.24,1.875,7.431,9.04,0.0,0.0,0.0,0.0,1.00288e-05,0.0001021,0.1567,0.4796
152267,Pigmentiphaga,47,10.7551,0.0729,0.2636,0.1444,0.448,-8.6254,1.0933,0.0,1.0,3.0,23.48,454,0,0.0,0.0,0.0,22.2,583,1.0,1.0,1.08,1.735,10.439,12.2,0.0,0.0,0.0,0.0,3.336e-06,7.797e-05,0.1351,0.4172
1033,Afipia,47,10.7551,0.0828,0.3073,0.1564,0.5075,-8.5937,1.1937,0.0,1.0,4.0,39.12,810,0,0.0,0.0,0.0,26.0,1152,1.0,1.0,1.145,1.908,8.797,14.856172839506172,0.0,0.0,0.0,0.0,6.0108e-06,0.0001845,0.147,0.4791
29407,Rhodoplanes,47,10.7551,0.0735,0.2696,0.1381,0.4496,-8.6421,1.0571,0.0,1.0,2.2,33.32,205,0,0.0,0.0,0.0,13.4,610,1.0,1.0,1.17,1.935,11.21,13.0,0.0,0.0,0.0,0.0,1.6968e-06,7.726e-05,0.1274,0.4167
182639,Kribbella,47,10.7551,0.0657,0.2463,0.1081,0.3647,-8.6817,0.9354,0.0,1.0,1.2,18.92,465,0,0.0,0.0,0.0,8.2,417,1.0,1.0,1.0,1.88,8.791,17.0,0.0,0.0,0.0,0.0,9.577e-07,2.53e-05,0.1004,0.3382
543311,Parvimonas,47,10.7551,0.0909,0.4023,0.2196,0.7157,-8.5265,1.4074,0.0,1.0,2.0,110.2,21728,0,0.0,0.0,0.0,90.2,287625,1.0,1.0,1.0,1.2,7.603,16.6,0.0,0.0,0.0,0.0,2.1648e-05,0.06902,0.2132,0.6923
1177,Nostoc,47,10.7551,0.0766,0.2856,0.1182,0.425,-8.6761,0.9588,0.0,1.0,2.0,39.64,271,0,0.0,0.0,0.0,7.0,2051,1.0,1.0,1.0,2.499,9.868,42.19523985239852,0.0,0.0,0.0,0.0,9.718e-07,3.671e-05,0.1103,0.4066
10294,Simplexvirus,47,10.7551,0.0577,0.202,0.1016,0.3347,-8.5151,1.4096,0.0,1.0,1.2,8.64,61,0,0.0,0.0,0.0,6.8,56,1.0,1.25,7.4,20.478,88.591,245.39344262295083,0.0,0.0,0.0,0.0,3.6936e-05,0.0004341,0.1016,0.3347
2800686,Tsuneonella,47,10.7551,0.0676,0.26,0.1145,0.3842,-8.6264,1.0935,0.0,1.0,2.0,20.84,252,0,0.0,0.0,0.0,7.2,531,1.0,1.0,1.431,2.415,10.507,12.71754716981132,0.0,0.0,0.0,0.0,2.3352e-06,7.408e-05,0.1038,0.3503
190323,Plantibacter,46,10.5263,0.0624,0.2243,0.1543,0.4969,-8.6025,1.1762,0.0,1.0,2.0,13.92,127,0,0.0,0.0,0.0,30.2,708,1.0,1.0,1.0,1.766,9.675,18.0,0.0,0.0,0.0,0.0,6.499e-06,7.733e-05,0.146,0.4723
4783,Phytophthora,46,10.5263,0.0739,0.2761,0.1071,0.3478,-8.7851,0.6447,0.0,1.0,3.0,24.08,1196,0,0.0,0.0,0.0,7.2,309,1.0,1.0,1.6,2.938,24.35,155.5757525083612,0.0,0.0,0.0,0.0,1.038e-07,2.115e-06,0.0945,0.308
2060084,Pandoravirus,46,10.5263,0.0561,0.2062,0.1163,0.3679,-8.6154,1.1294,0.0,1.0,1.0,10.0,90,0,0.0,0.0,0.0,9.2,355,1.0,1.0,2.134,29.65,144.125,288.0,0.0,0.0,0.0,0.0,3.7726e-06,6.447e-05,0.1163,0.3679
133925,Olsenella,46,10.5263,0.0547,0.1946,0.1411,0.4516,-8.5909,1.2074,0.0,1.0,2.0,6.28,167,0,0.0,0.0,0.0,17.2,524,1.0,1.0,1.355,2.142,4.511,12.340000000000002,0.0,0.0,0.0,0.0,7.846e-06,0.0001598,0.1319,0.4239
620,Shigella,46,10.5263,0.0515,0.1922,0.1218,0.3947,-8.5748,1.2572,0.0,1.0,1.0,14.56,61,0,0.0,0.0,0.0,10.4,727,1.0,1.26,1.6,3.307,6.745,10.756,0.0,0.0,0.0,0.0,9.0244e-06,0.001649,0.1086,0.3567
1129544,Rhizophagus,45,10.2975,0.108,0.3854,0.0677,0.2454,-8.8445,0.4943,0.0,1.0,9.4,75.08,429,0,0.0,0.0,0.0,2.0,136,1.0,1.32,9.0,25.3,62.34,205.0,0.0,0.0,0.0,0.0,1.98e-08,1.348e-06,0.0452,0.2002
3051138,Paenacidovorax,45,10.2975,0.0683,0.2474,0.1297,0.4187,-8.6281,1.1146,0.0,1.0,2.0,19.92,182,0,0.0,0.0,0.0,14.4,276,1.0,1.0,1.2,1.77,6.408,9.72,0.0,0.0,0.0,0.0,3.6534e-06,7.002e-05,0.1216,0.3943
36862,Ideonella,45,10.2975,0.0766,0.2849,0.1454,0.4769,-8.613,1.1657,0.0,1.0,3.0,31.32,333,0,0.0,0.0,0.0,19.6,6341,1.0,1.0,1.59,2.12,12.22,89.0,0.0,0.0,0.0,0.0,4.87e-06,0.001575,0.1332,0.4432
507,Alcaligenes,45,10.2975,0.0666,0.2532,0.1456,0.4883,-8.635,1.1126,0.0,1.0,2.0,12.0,442,0,0.0,0.0,0.0,20.4,4263,1.0,1.0,1.0,1.72,4.653,9.573868778280545,0.0,0.0,0.0,0.0,3.7522e-06,0.0003031,0.1393,0.4693
352,Azotobacter,45,10.2975,0.0616,0.2349,0.111,0.3829,-8.6635,1.012,0.0,1.0,2.0,10.0,537,0,0.0,0.0,0.0,8.0,949,1.0,1.0,1.075,1.838,5.4,8.50050279329609,0.0,0.0,0.0,0.0,1.844e-06,7.956e-05,0.1043,0.3589
1335745,Spiribacter,45,10.2975,0.0722,0.2725,0.1233,0.4263,-8.6354,1.0977,0.0,1.0,2.0,25.0,563,0,0.0,0.0,0.0,10.4,404,1.0,1.0,1.083,1.53,2.636,10.103055062166964,0.0,0.0,0.0,0.0,3.1042e-06,7.285e-05,0.1181,0.4092
227873,Pannonibacter,45,10.2975,0.0577,0.2186,0.1423,0.4788,-8.6236,1.1339,0.0,1.0,1.0,10.56,163,0,0.0,0.0,0.0,17.4,697,1.0,1.0,1.09,1.94,3.95,26.6,0.0,0.0,0.0,0.0,6.7282e-06,7.519e-05,0.135,0.4576
212791,Enhydrobacter,45,10.2975,0.0717,0.2694,0.1374,0.4451,-8.6316,1.1056,0.0,1.0,2.0,28.4,169,0,0.0,0.0,0.0,16.0,728,1.0,1.0,1.15,1.79,10.054,12.4,0.0,0.0,0.0,0.0,3.075e-06,0.0001399,0.1275,0.41
60136,Sulfitobacter,45,10.2975,0.076,0.2949,0.1304,0.4561,-8.6445,1.0721,0.0,1.0,2.0,25.2,599,0,0.0,0.0,0.0,14.6,3325,1.0,1.0,1.335,2.0,7.759,14.304545454545455,0.0,0.0,0.0,0.0,2.558e-06,0.0001473,0.1235,0.4315
43356,Kutzneria,45,10.2975,0.0636,0.2394,0.0973,0.3425,-8.718,0.8511,0.0,1.0,2.0,11.64,481,0,0.0,0.0,0.0,6.0,412,1.0,1.0,1.0,1.905,6.875,10.621122661122662,0.0,0.0,0.0,0.0,5.427e-07,1.945e-05,0.091,0.3209
1055688,Sandaracinus,45,10.2975,0.0645,0.2558,0.1272,0.4079,-8.702,0.8974,0.0,1.0,2.0,24.24,519,0,0.0,0.0,0.0,12.2,275,1.0,1.04,1.5,2.04,7.702,10.5,0.0,0.0,0.0,0.0,6.218e-07,1.401e-05,0.1158,0.3714
32257,Kingella,45,10.2975,0.0637,0.252,0.1574,0.5233,-8.5757,1.2795,0.0,1.0,1.2,15.28,464,0,0.0,0.0,0.0,30.6,3395,1.0,1.0,1.045,1.5,5.654,18.9,0.0,0.0,0.0,0.0,1.406e-05,0.001426,0.1503,0.5009
1073531,Mycolicibacter,45,10.2975,0.0771,0.2684,0.0979,0.3222,-8.6698,0.9834,0.0,1.0,3.2,22.56,207,0,0.0,0.0,0.0,5.0,193,1.0,1.113,8.0,33.5,122.1,260.0,0.0,0.0,0.0,0.0,1.2402e-06,1.361e-05,0.0721,0.2749
5296,Puccinia,45,10.2975,0.0546,0.2403,0.138,0.4658,-8.7535,0.7688,0.0,1.0,1.0,11.76,2222,0,0.0,0.0,0.0,23.0,1355,1.0,1.0,1.0,1.253,3.148,51.110351035103506,0.0,0.0,0.0,0.0,3.032e-07,1.721e-05,0.1324,0.445
467975,Iamia,45,10.2975,0.0688,0.2725,0.1381,0.449,-8.6348,1.0945,0.0,1.0,2.0,24.28,451,0,0.0,0.0,0.0,17.0,531,1.0,1.0,1.0,1.41,11.521,12.665744680851063,0.0,0.0,0.0,0.0,3.8354e-06,8.487e-05,0.1313,0.4252
73029,Dechloromonas,44,10.0686,0.0707,0.2575,0.1242,0.413,-8.6606,1.0348,0.0,0.4,2.0,28.04,150,0,0.0,0.0,0.0,15.0,296,1.0,1.0,1.25,1.835,4.448,8.783030303030301,0.0,0.0,0.0,0.0,2.1088e-06,3.698e-05,0.1159,0.3868
28067,Rubrivivax,44,10.0686,0.07,0.2725,0.1336,0.4352,-8.6355,1.1062,0.0,0.4,2.0,35.68,375,0,0.0,0.0,0.0,19.6,285,1.0,1.0,1.105,1.887,7.385,9.99,0.0,0.0,0.0,0.0,4.2562e-06,6.189e-05,0.1247,0.4041
535,Chromobacterium,44,10.0686,0.0671,0.244,0.1177,0.3912,-8.6652,1.015,0.0,0.4,2.0,16.0,155,0,0.0,0.0,0.0,11.0,311,1.0,1.0,1.499,2.0,8.539,11.2,0.0,0.0,0.0,0.0,2.4318e-06,4.193e-05,0.1087,0.3616
85076,Marichromatium,44,10.0686,0.0626,0.2235,0.072,0.2623,-8.6986,0.9208,0.0,0.4,2.0,15.2,68,0,0.0,0.0,0.0,2.2,72,1.0,1.465,8.0,42.125,170.05,445.0,0.0,0.0,0.0,0.0,6.126e-07,2.005e-05,0.053,0.2233
2911176,Aquibium,44,10.0686,0.0611,0.2283,0.1166,0.3859,-8.666,1.0117,0.0,0.4,2.0,18.32,142,0,0.0,0.0,0.0,10.4,317,1.0,1.0,1.0,1.534,9.652,14.009999999999998,0.0,0.0,0.0,0.0,1.7786e-06,3.187e-05,0.1084,0.3554
28100,Phyllobacterium,44,10.0686,0.0673,0.2618,0.115,0.3978,-8.6787,0.9865,0.0,0.4,2.0,9.28,720,0,0.0,0.0,0.0,11.0,987,1.0,1.0,1.337,2.0,5.736,11.104583333333332,0.0,0.0,0.0,0.0,1.3604e-06,5.254e-05,0.1065,0.3651
133,Methylocystis,44,10.0686,0.0731,0.2796,0.1226,0.4198,-8.6614,1.0271,0.0,0.4,3.0,17.84,451,0,0.0,0.0,0.0,12.2,741,1.0,1.0,1.023,1.693,6.958,11.955549872122761,0.0,0.0,0.0,0.0,2.4016e-06,2.838e-05,0.1158,0.3925
191028,Leisingera,44,10.0686,0.0666,0.2517,0.112,0.388,-8.6827,0.9646,0.0,0.4,2.0,14.0,252,0,0.0,0.0,0.0,8.2,519,1.0,1.0,1.084,1.94,8.694,9.285396825396825,0.0,0.0,0.0,0.0,1.5448e-06,1.929e-05,0.1047,0.3634
96492,Frigoribacterium,44,10.0686,0.0669,0.2608,0.1326,0.4561,-8.622,1.1583,0.0,0.4,2.0,32.2,445,0,0.0,0.0,0.0,18.6,985,1.0,1.0,1.03,2.0,13.885,16.2,0.0,0.0,0.0,0.0,5.986e-06,0.000317,0.1233,0.4221
2800373,Priestia,44,10.0686,0.0613,0.2442,0.1547,0.4947,-8.6615,1.0731,0.0,0.4,1.0,20.12,235,0,0.0,0.0,0.0,21.2,857,1.0,1.164,1.538,2.978,7.792,27.647546012269938,0.0,0.0,0.0,0.0,6.634e-07,0.01078,0.1412,0.4569
1164882,Lachnoanaerobaculum,44,10.0686,0.0527,0.1945,0.1247,0.4129,-8.6243,1.139,0.0,0.4,1.0,8.64,123,0,0.0,0.0,0.0,12.4,341,1.0,1.0,1.304,2.125,7.122,14.625203252032522,0.0,0.0,0.0,0.0,4.806e-06,0.0001149,0.115,0.3862
118,Planctomyces,44,10.0686,0.057,0.2179,0.1013,0.3393,-8.6962,0.9238,0.0,0.4,2.0,6.28,185,0,0.0,0.0,0.0,8.0,227,1.0,1.0,1.79,3.085,12.79,27.0,0.0,0.0,0.0,0.0,9.745e-07,1.978e-05,0.0897,0.3034
77566,Hepatocystis,44,10.0686,0.0549,0.1869,0.0812,0.2464,-8.6941,0.9171,0.0,0.4,2.0,8.92,19,0,0.0,0.0,0.0,6.0,10,1.0,1.853,4.285,10.25,25.965,28.8,0.0,0.0,0.0,0.0,1.233e-06,2.055e-06,0.0556,0.1736
88,Leptothrix,43,9.8398,0.0654,0.2564,0.1233,0.4084,-8.6499,1.076,0.0,0.0,2.0,25.48,270,0,0.0,0.0,0.0,16.4,295,1.0,1.0,1.0,1.525,9.191,17.0,0.0,0.0,0.0,0.0,3.7084e-06,6.671e-05,0.1156,0.3802
54066,Xylophilus,43,9.8398,0.0572,0.2217,0.1191,0.3916,-8.6623,1.0367,0.0,0.0,1.0,19.48,156,0,0.0,0.0,0.0,12.4,288,1.0,1.0,1.0,1.88,7.689,15.9,0.0,0.0,0.0,0.0,2.3146e-06,5.376e-05,0.1112,0.3653
75654,Duganella,43,9.8398,0.0679,0.256,0.1445,0.4745,-8.6406,1.1061,0.0,0.0,2.0,28.28,121,0,0.0,0.0,0.0,25.0,1255,1.0,1.0,1.32,1.705,6.024,10.0,0.0,0.0,0.0,0.0,4.114e-06,0.0002065,0.136,0.4482
378210,Methyloversatilis,43,9.8398,0.0549,0.218,0.1124,0.3704,-8.6544,1.0595,0.0,0.0,1.0,8.0,142,0,0.0,0.0,0.0,9.4,169,1.0,1.0,1.0,1.805,7.445,66.9,0.0,0.0,0.0,0.0,2.5098e-06,4.512e-05,0.1044,0.3445
773,Bartonella,43,9.8398,0.0705,0.2789,0.1067,0.3633,-8.6411,1.1112,0.0,0.0,2.0,18.92,281,0,0.0,0.0,0.0,10.2,165,1.0,1.0,1.67,3.532,35.453,62.12307692307692,0.0,0.0,0.0,0.0,4.0282e-06,0.0002005,0.0944,0.3177
2083206,Tritonibacter,43,9.8398,0.0647,0.2384,0.1274,0.4048,-8.6625,1.0309,0.0,0.0,2.0,14.76,90,0,0.0,0.0,0.0,21.6,115,1.0,1.51,2.84,3.596,14.702,30.3,0.0,0.0,0.0,0.0,3.0198e-06,3.416e-05,0.1081,0.3399
69578,Cryobacterium,43,9.8398,0.0635,0.2607,0.1074,0.3702,-8.6684,1.0153,0.0,0.0,1.2,16.2,879,0,0.0,0.0,0.0,7.2,1506,1.0,1.0,1.0,1.945,11.237,21.773469387755103,0.0,0.0,0.0,0.0,1.9746e-06,5.68e-05,0.0996,0.3384
53246,Pseudoalteromonas,42,9.611,0.0725,0.2853,0.161,0.5622,-8.5887,1.3158,0.0,0.0,2.2,22.64,513,0,0.0,0.0,0.0,45.0,3045,1.0,1.0,1.004,1.789,7.707,38.6875,0.0,0.0,0.0,0.0,2.026e-05,0.01092,0.1543,0.544
74030,Roseovarius,42,9.611,0.069,0.2728,0.1266,0.4457,-8.6618,1.0543,0.0,0.0,2.0,30.92,775,0,0.0,0.0,0.0,12.4,1172,1.0,1.0,1.161,2.0,7.888,13.357931034482759,0.0,0.0,0.0,0.0,3.164e-06,7.252e-05,0.119,0.4205
157920,Cellulosimicrobium,42,9.611,0.0517,0.202,0.0966,0.3282,-8.6983,0.9392,0.0,0.0,1.0,6.0,323,0,0.0,0.0,0.0,7.0,239,1.0,1.0,1.11,1.662,3.721,11.338947368421053,0.0,0.0,0.0,0.0,1.136e-06,2.409e-05,0.0906,0.3072
254250,Isoptericola,42,9.611,0.0544,0.2095,0.0987,0.3341,-8.6767,1.0042,0.0,0.0,1.0,7.92,201,0,0.0,0.0,0.0,7.0,159,1.0,1.0,1.03,1.593,6.372,11.754285714285714,0.0,0.0,0.0,0.0,2.001e-06,2.95e-05,0.0921,0.31
60919,Sanguibacter,42,9.611,0.0584,0.2329,0.1196,0.4116,-8.6567,1.0717,0.0,0.0,2.0,14.92,768,0,0.0,0.0,0.0,14.0,1495,1.0,1.0,1.0,1.47,17.679,20.8,0.0,0.0,0.0,0.0,3.3174e-06,0.0003179,0.1123,0.388
1085622,Propioniciclava,42,9.611,0.0624,0.244,0.127,0.4404,-8.6439,1.1144,0.0,0.0,1.2,19.64,342,0,0.0,0.0,0.0,15.2,538,1.0,1.0,1.005,1.857,6.98,13.5,0.0,0.0,0.0,0.0,4.7242e-06,0.0001307,0.1196,0.4157
1912215,Acidipropionibacterium,42,9.611,0.0569,0.2293,0.1164,0.4184,-8.6661,1.0482,0.0,0.0,1.0,10.0,532,0,0.0,0.0,0.0,9.0,2463,1.0,1.0,1.0,1.492,7.737,10.0,0.0,0.0,0.0,0.0,1.9506e-06,0.0004663,0.1103,0.399
191494,Conexibacter,42,9.611,0.0615,0.246,0.1121,0.3939,-8.6838,0.988,0.0,0.0,2.0,19.48,631,0,0.0,0.0,0.0,11.0,726,1.0,1.0,1.02,1.643,11.823,14.035499207606973,0.0,0.0,0.0,0.0,1.6402e-06,6.341e-05,0.1048,0.37
195950,Tannerella,42,9.611,0.0876,0.3664,0.1915,0.6741,-8.5685,1.3633,0.0,0.0,3.0,34.48,9565,0,0.0,0.0,0.0,55.4,520131,1.0,1.0,1.12,2.007,8.72,13.0,0.0,0.0,0.0,0.0,1.9794e-05,0.1077,0.1836,0.6564
55,Polyangium,42,9.611,0.0575,0.2179,0.1075,0.3505,-8.7138,0.8894,0.0,0.0,1.0,12.92,223,0,0.0,0.0,0.0,12.2,111,1.0,1.2,2.105,4.732,12.01,15.0,0.0,0.0,0.0,0.0,1.0085e-06,9.175e-06,0.0896,0.2907
5543,Trichoderma,42,9.611,0.0729,0.2619,0.0997,0.3435,-8.7706,0.7255,0.0,0.0,4.0,13.64,376,0,0.0,0.0,0.0,5.0,321,1.0,1.727,8.838,22.187,55.1,68.5,0.0,0.0,0.0,0.0,1.448e-07,3.29e-05,0.0741,0.2812
93681,Roseateles,41,9.3822,0.067,0.2616,0.1153,0.4054,-8.6867,0.9921,0.0,0.0,2.0,21.56,239,0,0.0,0.0,0.0,9.6,412,1.0,1.0,1.23,2.0,7.96,8.58,0.0,0.0,0.0,0.0,1.564e-06,4.217e-05,0.1066,0.373
212743,Rhizobacter,41,9.3822,0.0648,0.2626,0.1301,0.4392,-8.6652,1.0582,0.0,0.0,2.0,25.56,288,0,0.0,0.0,0.0,18.2,306,1.0,1.0,1.52,2.0,7.46,12.6,0.0,0.0,0.0,0.0,3.0576e-06,5.14e-05,0.1206,0.4065
581,Morganella,41,9.3822,0.0622,0.225,0.1271,0.4186,-8.7243,0.8712,0.0,0.0,3.0,11.64,84,0,0.0,0.0,0.0,17.2,368,1.0,1.64,2.67,4.5,8.35,14.9,0.0,0.0,0.0,0.0,7.063e-07,1.609e-05,0.1082,0.3628
1525371,Neorhizobium,41,9.3822,0.0576,0.2358,0.1166,0.414,-8.7019,0.9456,0.0,0.0,2.0,12.92,409,0,0.0,0.0,0.0,11.2,534,1.0,1.0,1.18,1.5,4.018,9.739779951100244,0.0,0.0,0.0,0.0,1.224e-06,3.847e-05,0.1098,0.3858
188905,Jannaschia,41,9.3822,0.0639,0.25,0.1102,0.3891,-8.6753,1.0232,0.0,0.0,2.0,16.0,618,0,0.0,0.0,0.0,7.0,520,1.0,1.0,1.18,2.4,11.0,20.638689320388348,0.0,0.0,0.0,0.0,1.9168e-06,4.884e-05,0.1001,0.3607
1081,Rhodospirillum,41,9.3822,0.05,0.1975,0.0924,0.3132,-8.6967,0.9512,0.0,0.0,1.0,8.28,98,0,0.0,0.0,0.0,6.0,162,1.0,1.0,1.33,2.0,6.372,11.0,0.0,0.0,0.0,0.0,1.415e-06,2.164e-05,0.0834,0.2826
2768684,Terricaulis,41,9.3822,0.0603,0.2177,0.0933,0.306,-8.6854,0.9849,0.0,0.0,2.0,9.64,51,0,0.0,0.0,0.0,7.2,71,1.0,1.25,3.48,6.0,21.1,83.2,0.0,0.0,0.0,0.0,1.8946e-06,1.868e-05,0.0725,0.2428
447237,Frondihabitans,41,9.3822,0.0583,0.2182,0.1021,0.3509,-8.6913,0.971,0.0,0.0,2.0,11.64,133,0,0.0,0.0,0.0,9.0,178,1.0,1.0,1.093,2.0,7.918,14.0,0.0,0.0,0.0,0.0,1.584e-06,1.57e-05,0.0957,0.3315
626119,Ruania,41,9.3822,0.0523,0.2038,0.0905,0.3196,-8.7048,0.9306,0.0,0.0,1.0,10.0,137,0,0.0,0.0,0.0,6.0,171,1.0,1.0,1.0,1.5,7.547,10.228,0.0,0.0,0.0,0.0,1.2086e-06,1.654e-05,0.0846,0.2967
150247,Anoxybacillus,41,9.3822,0.0566,0.2182,0.1524,0.5155,-8.6235,1.1876,0.0,0.0,2.0,9.28,100,0,0.0,0.0,0.0,42.0,3222,1.0,1.0,1.0,1.96,5.0,111.80693181818182,0.0,0.0,0.0,0.0,1.2202e-05,0.0006822,0.1448,0.4916
65551,Meiothermus,41,9.3822,0.0696,0.2817,0.157,0.5484,-8.6114,1.2343,0.0,0.0,2.0,52.56,156,0,0.0,0.0,0.0,24.4,2562,1.0,1.0,1.0,1.25,1.917,11.9,0.0,0.0,0.0,0.0,9.3648e-06,0.0006259,0.1538,0.5362
572511,Blautia,41,9.3822,0.0537,0.2127,0.1437,0.4895,-8.6335,1.1696,0.0,0.0,1.0,8.56,205,0,0.0,0.0,0.0,29.6,958,1.0,1.0,1.0,1.334,4.188,23.79863414634146,0.0,0.0,0.0,0.0,8.6488e-06,0.01274,0.1397,0.4768
5506,Fusarium,41,9.3822,0.063,0.2663,0.1399,0.4822,-8.7076,0.9408,0.0,0.0,2.0,10.28,2975,0,0.0,0.0,0.0,17.6,2678,1.0,1.0,1.215,2.0,6.053,1302.0125109243697,0.0,0.0,0.0,0.0,1.4472e-06,6.28e-05,0.132,0.4525
2682228,Tepidiforma,41,9.3822,0.0604,0.2382,0.1437,0.493,-8.6199,1.2033,0.0,0.0,2.0,12.64,619,0,0.0,0.0,0.0,26.8,1661,1.0,1.0,1.03,1.433,10.649,13.4,0.0,0.0,0.0,0.0,1.02288e-05,0.0005812,0.1375,0.4726
2901189,Halopseudomonas,40,9.1533,0.0491,0.2032,0.0896,0.329,-8.7007,0.9615,0.0,0.0,1.0,8.64,267,0,0.0,0.0,0.0,5.2,299,1.0,1.0,1.004,2.0,3.023,9.438988764044945,0.0,0.0,0.0,0.0,1.6698e-06,5.934e-05,0.0847,0.3091
413,Methylococcus,40,9.1533,0.0575,0.2357,0.1146,0.4182,-8.6737,1.0594,0.0,0.0,2.0,14.4,390,0,0.0,0.0,0.0,11.0,1176,1.0,1.0,1.106,1.667,3.05,12.427564102564103,0.0,0.0,0.0,0.0,1.6828e-06,0.000428,0.1095,0.3997
152053,Starkeya,40,9.1533,0.0667,0.269,0.1175,0.4096,-8.6836,1.0118,0.0,0.0,2.0,29.04,274,0,0.0,0.0,0.0,14.0,478,1.0,1.0,1.414,2.014,11.436,21.35426229508197,0.0,0.0,0.0,0.0,2.5678e-06,5.419e-05,0.1075,0.3722
150830,Roseibium,40,9.1533,0.0507,0.2124,0.1017,0.3465,-8.7166,0.904,0.0,0.0,1.0,7.28,171,0,0.0,0.0,0.0,9.2,196,1.0,1.0,1.39,2.0,11.886,23.1,0.0,0.0,0.0,0.0,1.093e-06,1.952e-05,0.0917,0.3086
59282,Blastochloris,40,9.1533,0.0565,0.2416,0.1083,0.3844,-8.6793,1.0269,0.0,0.0,1.0,10.28,242,0,0.0,0.0,0.0,8.2,566,1.0,1.0,1.035,1.682,7.748,12.516543209876543,0.0,0.0,0.0,0.0,2.2476e-06,0.0001022,0.101,0.3526
2683599,Paroceanicella,40,9.1533,0.0534,0.2133,0.0886,0.3207,-8.7099,0.933,0.0,0.0,1.2,7.64,204,0,0.0,0.0,0.0,6.0,193,1.0,1.0,1.32,2.342,5.97,11.6,0.0,0.0,0.0,0.0,1.195e-06,3.844e-05,0.0801,0.2921
204447,Skermanella,40,9.1533,0.0549,0.2192,0.1037,0.3688,-8.698,0.9644,0.0,0.0,2.0,13.56,206,0,0.0,0.0,0.0,9.0,321,1.0,1.0,1.395,2.007,4.062,11.255436893203886,0.0,0.0,0.0,0.0,1.5266e-06,2.704e-05,0.0963,0.3435
256818,Gulosibacter,40,9.1533,0.0508,0.1893,0.1178,0.4021,-8.6553,1.1014,0.0,0.0,2.0,10.28,66,0,0.0,0.0,0.0,13.4,335,1.0,1.0,1.0,1.551,6.922,10.2,0.0,0.0,0.0,0.0,5.04e-06,0.0001299,0.1116,0.3842
2843200,Miltoncostaea,40,9.1533,0.0515,0.2118,0.1028,0.3678,-8.688,1.0007,0.0,0.0,1.0,13.84,168,0,0.0,0.0,0.0,8.0,597,1.0,1.0,1.0,1.348,8.294,12.61111111111111,0.0,0.0,0.0,0.0,2.1678e-06,0.0001143,0.097,0.3464
79328,Chitinophaga,40,9.1533,0.0537,0.2375,0.0895,0.3188,-8.7296,0.864,0.0,0.0,1.0,10.64,627,0,0.0,0.0,0.0,5.0,192,1.0,1.0,1.2,2.047,11.622,47.08149920255183,0.0,0.0,0.0,0.0,8.029e-07,9.116e-06,0.0809,0.284
629,Yersinia,40,9.1533,0.0598,0.2293,0.1112,0.3947,-8.5788,1.4123,0.0,0.0,1.2,17.56,43,0,0.0,0.0,0.0,10.8,198,1.0,1.0,1.439,2.78,11.016,19.0,0.0,0.0,0.0,0.0,1.3548e-05,0.008398,0.1036,0.3715
5475,Candida,40,9.1533,0.0537,0.2145,0.1777,0.5994,-8.6482,1.134,0.0,0.0,1.0,10.0,217,0,0.0,0.0,0.0,87.2,2648,1.0,1.0,1.0,1.214,2.074,13.2073732718894,0.0,0.0,0.0,0.0,7.452e-06,0.0002233,0.174,0.5869
586,Providencia,40,9.1533,0.0592,0.2511,0.1078,0.4138,-8.711,0.9509,0.0,0.0,1.0,16.28,982,0,0.0,0.0,0.0,8.0,7048,1.0,1.0,2.04,3.438,10.539,29.6,0.0,0.0,0.0,0.0,8.876e-07,0.0003789,0.0954,0.3767
93682,Roseivivax,39,8.9245,0.0588,0.2414,0.1101,0.3891,-8.696,0.9843,0.0,0.0,1.2,19.64,529,0,0.0,0.0,0.0,11.2,290,1.0,1.0,1.387,2.0,15.834,39.3,0.0,0.0,0.0,0.0,2.106e-06,3.509e-05,0.1002,0.3568
2705399,Hypericibacter,39,8.9245,0.0544,0.2242,0.0988,0.3533,-8.7113,0.9374,0.0,0.0,1.0,16.96,220,0,0.0,0.0,0.0,8.4,240,1.0,1.0,1.17,2.0,8.605,11.307181818181817,0.0,0.0,0.0,0.0,1.096e-06,2.393e-05,0.0907,0.3248
35753,Dactylosporangium,39,8.9245,0.0584,0.2436,0.0927,0.3419,-8.739,0.8477,0.0,0.0,1.0,14.0,439,0,0.0,0.0,0.0,4.0,308,1.0,1.0,1.0,1.773,7.916,11.02661971830986,0.0,0.0,0.0,0.0,4.875e-07,1.112e-05,0.0867,0.3179
390988,Actinocatenispora,39,8.9245,0.0486,0.199,0.0863,0.3044,-8.7273,0.8819,0.0,0.0,1.0,6.64,310,0,0.0,0.0,0.0,5.2,207,1.0,1.0,1.2,1.71,11.493,20.55217391304348,0.0,0.0,0.0,0.0,8.478e-07,1.946e-05,0.0788,0.2746
414878,Catenulispora,39,8.9245,0.0544,0.2067,0.083,0.2906,-8.7462,0.823,0.0,0.0,2.0,9.92,172,0,0.0,0.0,0.0,5.0,123,1.0,1.0,1.45,4.475,14.35,30.399999999999995,0.0,0.0,0.0,0.0,4.952e-07,1.218e-05,0.0701,0.2561
1706036,Gemmatirosa,39,8.9245,0.0623,0.2561,0.1118,0.401,-8.7026,0.9716,0.0,0.0,2.0,30.56,281,0,0.0,0.0,0.0,10.2,603,1.0,1.0,1.14,2.0,27.02,68.0,0.0,0.0,0.0,0.0,1.3984e-06,8.268e-05,0.102,0.3726
53,Nannocystis,39,8.9245,0.05,0.2042,0.0957,0.3386,-8.7423,0.8401,0.0,0.0,1.0,8.2,299,0,0.0,0.0,0.0,8.2,150,1.0,1.15,1.59,2.45,17.64,20.1,0.0,0.0,0.0,0.0,6.305e-07,1.153e-05,0.0845,0.305
1302410,Candidatus Annandia,39,8.9245,0.0455,0.1999,0.1089,0.366,-8.5853,1.3319,0.0,0.0,1.0,9.4,235,0,0.0,0.0,0.0,11.2,158,1.0,1.0,1.33,1.49,3.941,71.1,0.0,0.0,0.0,0.0,3.2672e-05,0.0004609,0.1018,0.3415
4778,Bremia,39,8.9245,0.1233,0.4484,0.1123,0.3739,-8.7834,0.7018,0.0,0.0,18.4,155.88,1297,0,0.0,0.0,0.0,14.2,247,1.0,2.7,7.2,11.0,35.0,73.9,0.0,0.0,0.0,0.0,2.268e-07,3.944e-06,0.0808,0.278
99157,Hammondia,38,8.6957,0.0753,0.3089,0.171,0.5927,-8.7165,0.9461,0.0,0.0,3.0,31.0,921,0,0.0,0.0,0.0,87.2,1313,1.0,1.0,1.03,1.375,6.399,22.2,0.0,0.0,0.0,0.0,1.8162e-06,2.735e-05,0.1649,0.5686
1597779,Eleftheria,38,8.6957,0.061,0.2392,0.114,0.3969,-8.6987,0.9893,0.0,0.0,2.0,13.92,244,0,0.0,0.0,0.0,13.2,304,1.0,1.0,1.28,1.957,8.307,13.4,0.0,0.0,0.0,0.0,2.052e-06,4.726e-05,0.1052,0.3672
106633,Thioalkalivibrio,38,8.6957,0.0535,0.2136,0.092,0.3359,-8.7076,0.9582,0.0,0.0,1.0,12.64,146,0,0.0,0.0,0.0,5.2,208,1.0,1.0,1.172,2.0,4.639,287.0,0.0,0.0,0.0,0.0,1.615e-06,1.868e-05,0.0854,0.3143
2041902,Chenggangzhangella,38,8.6957,0.0569,0.2361,0.1139,0.3982,-8.6916,1.0131,0.0,0.0,2.0,12.84,496,0,0.0,0.0,0.0,14.0,389,1.0,1.0,1.115,1.732,6.557,14.9,0.0,0.0,0.0,0.0,2.653e-06,7.372e-05,0.1057,0.367
186188,Xylanimonas,38,8.6957,0.0542,0.2233,0.0844,0.3076,-8.7183,0.9231,0.0,0.0,1.0,12.64,132,0,0.0,0.0,0.0,5.4,166,1.0,1.0,1.0,1.916,10.133,13.0,0.0,0.0,0.0,0.0,1.462e-06,2.369e-05,0.0775,0.2813
970,Selenomonas,38,8.6957,0.0473,0.1965,0.1064,0.4045,-8.6818,1.0512,0.0,0.0,1.0,6.28,127,0,0.0,0.0,0.0,8.0,613,1.0,1.0,1.0,1.34,4.0,11.116535433070865,0.0,0.0,0.0,0.0,3.3508e-06,7.508e-05,0.1027,0.3906
32,Myxococcus,38,8.6957,0.0464,0.1721,0.0891,0.3067,-8.7394,0.854,0.0,0.0,1.2,8.28,23,0,0.0,0.0,0.0,7.0,79,1.0,1.0,2.0,3.105,10.575,14.6,0.0,0.0,0.0,0.0,8.254e-07,7.475e-06,0.0768,0.2688
911,Nitrobacter,38,8.6957,0.0762,0.3213,0.1401,0.5074,-8.6635,1.1126,0.0,0.0,2.2,72.84,1409,0,0.0,0.0,0.0,16.6,1765,1.0,1.0,1.061,1.721,5.328,15.487650816181688,0.0,0.0,0.0,0.0,2.9632e-06,0.0002817,0.133,0.4799
1623305,Skunavirus,38,8.6957,0.0654,0.2596,0.1292,0.4564,-8.4341,1.8453,0.0,0.0,2.0,23.12,177,0,0.0,0.0,0.0,22.4,1142,1.0,1.0,1.0,1.397,11.224,69.0,0.0,0.0,0.0,0.0,0.002843,0.04059,0.1292,0.4564
583,Proteus,38,8.6957,0.0665,0.2758,0.1171,0.4664,-8.7154,0.962,0.0,0.0,1.0,32.28,197,0,0.0,0.0,0.0,7.0,2764,1.0,1.0,1.801,2.907,8.936,13.340425531914894,0.0,0.0,0.0,0.0,7.845e-07,0.0002063,0.1066,0.4392
332951,Halovivax,38,8.6957,0.0593,0.2762,0.0946,0.3959,-8.7133,0.9528,0.0,0.0,1.0,28.12,851,0,0.0,0.0,0.0,2.2,3620,1.0,1.0,1.625,2.697,14.292,44.5,0.0,0.0,0.0,0.0,6.655e-07,0.0001538,0.0854,0.3718
240411,Chitinimonas,37,8.4668,0.0559,0.2203,0.0964,0.3463,-8.7193,0.9356,0.0,0.0,2.0,12.56,136,0,0.0,0.0,0.0,9.0,151,1.0,1.0,1.22,2.0,6.395,10.2,0.0,0.0,0.0,0.0,1.556e-06,1.973e-05,0.0892,0.32
2895353,Massilia group,37,8.4668,0.0522,0.21,0.2236,0.7641,-8.7013,1.0047,0.0,0.0,1.2,12.28,116,0,0.0,0.0,0.0,310.2,25082,1.0,1.16,1.6,2.31,11.88,17.4,0.0,0.0,0.0,0.0,2.4104e-06,0.0001949,0.2126,0.7259
551759,Aromatoleum,37,8.4668,0.0541,0.2165,0.1092,0.3925,-8.7014,0.9957,0.0,0.0,2.0,11.28,169,0,0.0,0.0,0.0,14.0,329,1.0,1.0,1.366,1.76,5.297,13.120118343195267,0.0,0.0,0.0,0.0,2.7924e-06,6.674e-05,0.1025,0.3656
1395974,Tardiphaga,37,8.4668,0.0656,0.2722,0.1312,0.4763,-8.6717,1.0962,0.0,0.0,2.0,16.2,619,0,0.0,0.0,0.0,14.2,1152,1.0,1.0,1.17,2.14,11.56,16.365428109854605,0.0,0.0,0.0,0.0,3.8602e-06,0.0001772,0.1224,0.4469
425,Methylosinus,37,8.4668,0.0602,0.2546,0.1,0.3662,-8.7148,0.9524,0.0,0.0,2.0,21.76,291,0,0.0,0.0,0.0,8.4,293,1.0,1.0,1.485,2.8,9.165,55.0,0.0,0.0,0.0,0.0,1.81e-06,3.343e-05,0.0897,0.3307
1637,Listeria,37,8.4668,0.063,0.2527,0.1042,0.4037,-8.6628,1.2181,0.0,0.0,2.0,16.28,134,0,0.0,0.0,0.0,7.2,2193,1.0,1.223,3.159,7.4,14.556,29.722857142857148,0.0,0.0,0.0,0.0,1.503e-06,0.06006,0.09,0.37
308865,Elizabethkingia,37,8.4668,0.0507,0.2209,0.1053,0.4077,-8.6955,1.0371,0.0,0.0,1.0,8.0,654,0,0.0,0.0,0.0,10.0,2568,1.0,1.0,1.0,1.667,8.0,10.474235474006116,0.0,0.0,0.0,0.0,2.4226e-06,0.0009367,0.0997,0.388
2676247,Aquirufa,37,8.4668,0.0792,0.3145,0.1586,0.5788,-8.6309,1.239,0.0,0.0,3.2,67.6,120,0,0.0,0.0,0.0,31.8,2382,1.0,1.0,1.219,1.485,3.979,17.41917808219178,0.0,0.0,0.0,0.0,8.7532e-06,0.0006318,0.1528,0.5613
113,Gemmata,37,8.4668,0.0499,0.2165,0.086,0.3136,-8.7508,0.8331,0.0,0.0,1.0,12.2,361,0,0.0,0.0,0.0,7.2,70,1.0,1.0,1.0,1.667,12.593,18.96875346260388,0.0,0.0,0.0,0.0,8.603e-07,6.86e-06,0.0799,0.2888
2172,Methanobrevibacter,37,8.4668,0.0426,0.1853,0.0896,0.3278,-8.6966,1.0083,0.0,0.0,1.0,4.0,67,0,0.0,0.0,0.0,6.0,146,1.0,1.0,1.12,1.4,3.003,10.35,0.0,0.0,0.0,0.0,2.551e-06,4.535e-05,0.0853,0.3081
203903,Hemileia,37,8.4668,0.0459,0.2066,0.0889,0.3358,-8.8686,0.4711,0.0,0.0,1.0,5.28,820,0,0.0,0.0,0.0,6.2,278,1.0,1.0,1.0,1.5,2.294,59.2,0.0,0.0,0.0,0.0,2.4e-08,1.078e-06,0.0834,0.3098
5820,Plasmodium,37,8.4668,0.0581,0.2374,0.0809,0.2929,-8.7424,0.8666,0.0,0.0,2.0,10.64,949,0,0.0,0.0,0.0,7.0,93,1.0,1.0,2.167,5.44,16.141,163.6667544783983,0.0,0.0,0.0,0.0,1.471e-06,1.067e-05,0.0672,0.2415
556257,Pseudolabrys,37,8.4668,0.0586,0.2444,0.0975,0.3705,-8.7085,0.981,0.0,0.0,2.0,16.64,229,0,0.0,0.0,0.0,5.0,354,1.0,1.22,2.55,4.16,10.92,11.3,0.0,0.0,0.0,0.0,1.165e-06,8.246e-05,0.0838,0.3294
1158,Oscillatoria,37,8.4668,0.051,0.2288,0.1165,0.4299,-8.7098,0.9778,0.0,0.0,1.0,6.0,325,0,0.0,0.0,0.0,11.6,1544,1.0,1.0,1.0,1.23,2.505,14.548307692307691,0.0,0.0,0.0,0.0,1.402e-06,0.0001946,0.1124,0.4132
885864,Jeongeupia,37,8.4668,0.0626,0.2726,0.1045,0.3705,-8.6985,0.9999,0.0,0.0,2.0,17.64,1190,0,0.0,0.0,0.0,10.2,284,1.0,1.0,1.55,2.203,25.58,202.256338028169,0.0,0.0,0.0,0.0,2.9804e-06,2.244e-05,0.0927,0.3283
67575,Rheinheimera,36,8.238,0.0639,0.2573,0.1462,0.5348,-8.6671,1.1326,0.0,0.0,2.0,16.2,173,0,0.0,0.0,0.0,40.2,3690,1.0,1.0,1.007,1.364,4.173,18.0,0.0,0.0,0.0,0.0,9.444e-06,0.0005781,0.142,0.5227
2717,Cardiobacterium,36,8.238,0.0581,0.2435,0.1465,0.5183,-8.6453,1.1962,0.0,0.0,2.0,15.64,493,0,0.0,0.0,0.0,32.0,1198,1.0,1.0,1.018,1.985,5.22,11.975862068965515,0.0,0.0,0.0,0.0,1.146e-05,0.0004217,0.1401,0.4944
204456,Gemmobacter,36,8.238,0.0598,0.2647,0.1079,0.4051,-8.7043,1.005,0.0,0.0,1.0,35.04,593,0,0.0,0.0,0.0,8.6,4033,1.0,1.0,1.22,1.862,8.727,20.462057335581786,0.0,0.0,0.0,0.0,2.1476e-06,0.0007816,0.1,0.3788
34008,Rhodovulum,36,8.238,0.0552,0.2355,0.0883,0.3398,-8.7334,0.9052,0.0,0.0,1.0,25.76,308,0,0.0,0.0,0.0,6.0,260,1.0,1.0,1.099,1.942,10.748,11.686486486486485,0.0,0.0,0.0,0.0,1.07e-06,3.438e-05,0.0812,0.3137
2040262,Allobranchiibius,36,8.238,0.0462,0.2075,0.0965,0.34,-8.7031,0.9986,0.0,0.0,1.0,12.48,426,0,0.0,0.0,0.0,10.0,420,1.0,1.188,1.485,2.133,9.737,10.0,0.0,0.0,0.0,0.0,2.974e-06,0.0001249,0.0864,0.3058
116071,Micropruina,36,8.238,0.0605,0.2504,0.1207,0.4389,-8.6812,1.081,0.0,0.0,2.0,32.64,238,0,0.0,0.0,0.0,11.2,693,1.0,1.0,1.0,1.798,10.825,25.1,0.0,0.0,0.0,0.0,3.0832e-06,0.0001908,0.1129,0.4152
1860,Geodermatophilus,36,8.238,0.053,0.2245,0.092,0.3418,-8.7228,0.9403,0.0,0.0,1.0,15.64,205,0,0.0,0.0,0.0,6.0,200,1.0,1.0,1.13,1.782,9.852,15.4,0.0,0.0,0.0,0.0,1.223e-06,4.077e-05,0.0839,0.3165
1854,Frankia,36,8.238,0.0418,0.1836,0.0805,0.2988,-8.7471,0.8551,0.0,0.0,1.0,4.64,305,0,0.0,0.0,0.0,5.0,185,1.0,1.0,1.02,2.015,5.793,10.501639344262296,0.0,0.0,0.0,0.0,8.721e-07,1.537e-05,0.0735,0.2707
129337,Geobacillus,36,8.238,0.0407,0.161,0.0986,0.3771,-8.6794,1.0847,0.0,0.0,1.0,5.64,57,0,0.0,0.0,0.0,6.4,262,1.0,1.0,1.0,1.347,3.16,8.747894736842106,0.0,0.0,0.0,0.0,5.669e-06,0.000164,0.0956,0.3674
36739,Dermabacter,36,8.238,0.061,0.246,0.1634,0.5701,-8.6253,1.2628,0.0,0.0,1.0,22.92,63,0,0.0,0.0,0.0,56.6,1506,1.0,1.0,1.016,1.4,9.822,24.496875,0.0,0.0,0.0,0.0,2.759e-05,0.0006847,0.1569,0.5485
216851,Faecalibacterium,36,8.238,0.0509,0.2184,0.1126,0.4451,-8.6919,1.059,0.0,0.0,1.0,12.84,129,0,0.0,0.0,0.0,6.2,3654,1.0,1.0,1.039,2.625,8.689,14.8,0.0,0.0,0.0,0.0,2.781e-06,0.0002872,0.1051,0.4214
1036719,Verticillium,36,8.238,0.1272,0.4687,0.0783,0.2768,-8.8049,0.6605,0.0,0.0,23.4,221.12,949,0,0.0,0.0,0.0,5.0,56,1.0,5.787,22.25,40.45,119.25,728.0,0.0,0.0,0.0,0.0,1.542e-07,1.727e-06,0.04,0.1514
1921582,Orrella,35,8.0092,0.0415,0.1751,0.0895,0.3334,-8.7274,0.9362,0.0,0.0,1.0,8.64,100,0,0.0,0.0,0.0,7.0,99,1.0,1.0,1.0,2.103,9.936,14.036666666666667,0.0,0.0,0.0,0.0,1.7142e-06,1.421e-05,0.0824,0.3053
245876,Nitratireductor,35,8.0092,0.0459,0.197,0.0828,0.3205,-8.7401,0.8946,0.0,0.0,1.0,11.92,69,0,0.0,0.0,0.0,4.2,205,1.0,1.0,1.0,2.164,8.759,20.040399999999998,0.0,0.0,0.0,0.0,1.0496e-06,2.552e-05,0.0764,0.2953
434,Acetobacter,35,8.0092,0.0444,0.1915,0.0794,0.3039,-8.7337,0.9311,0.0,0.0,1.0,13.0,119,0,0.0,0.0,0.0,4.2,212,1.0,1.0,1.05,2.0,6.18,10.810672268907565,0.0,0.0,0.0,0.0,1.0734e-06,0.0001955,0.0733,0.2808
1434010,Jatrophihabitans,35,8.0092,0.0499,0.2259,0.0832,0.3223,-8.736,0.9098,0.0,0.0,1.0,10.0,975,0,0.0,0.0,0.0,6.0,879,1.0,1.0,1.0,1.91,10.491,14.0,0.0,0.0,0.0,0.0,1.4192e-06,0.0001253,0.0765,0.296
2789775,Actinomarinicola,35,8.0092,0.0459,0.1994,0.089,0.3289,-8.7202,0.9605,0.0,0.0,1.0,8.64,416,0,0.0,0.0,0.0,7.2,218,1.0,1.0,1.23,2.235,7.026,21.800000000000004,0.0,0.0,0.0,0.0,1.9974e-06,6.047e-05,0.0807,0.2983
2782232,Chryseobacterium group,35,8.0092,0.0623,0.2776,0.2413,0.8442,-8.7129,0.9957,0.0,0.0,1.2,19.64,1531,0,0.0,0.0,0.0,589.2,31921,1.0,1.08,1.15,1.795,12.74,67.1,0.0,0.0,0.0,0.0,2.2066e-06,0.0001195,0.2327,0.815
2755,Brochothrix,35,8.0092,0.0524,0.2305,0.1635,0.5971,-8.6463,1.2217,0.0,0.0,1.0,13.2,525,0,0.0,0.0,0.0,86.2,38308,1.0,1.0,1.02,1.395,2.601,26.0,0.0,0.0,0.0,0.0,2.13e-05,0.009467,0.159,0.5862
40,Stigmatella,35,8.0092,0.0708,0.2785,0.0733,0.2648,-8.7719,0.7813,0.0,0.0,3.0,23.64,125,0,0.0,0.0,0.0,5.2,66,1.0,9.435,27.9,59.15,241.8,283.0,0.0,0.0,0.0,0.0,5.328e-07,6.762e-06,0.0359,0.1516
2420,Thermosipho,35,8.0092,0.0535,0.2072,0.0454,0.1802,-8.7473,0.8717,0.0,0.0,2.0,12.0,37,0,0.0,0.0,0.0,1.0,35,1.0,3.0,8.0,11.898,26.51,43.0,0.0,0.0,0.0,0.0,5.332e-07,7.117e-05,0.0308,0.1414
2571159,Mycetohabitans,35,8.0092,0.0557,0.2214,0.1142,0.4108,-8.6921,1.0549,0.0,0.0,2.0,16.48,39,0,0.0,0.0,0.0,14.8,251,1.0,1.0,1.26,2.06,8.793,41.0,0.0,0.0,0.0,0.0,4.183e-06,7.093e-05,0.1051,0.382
622681,Candidatus Planktophila,35,8.0092,0.0674,0.2806,0.136,0.5076,-8.6478,1.2147,0.0,0.0,2.0,35.36,314,0,0.0,0.0,0.0,19.2,2776,1.0,1.017,1.364,1.827,14.008,44.3,0.0,0.0,0.0,0.0,1.1638e-05,0.00134,0.1282,0.4852
2803845,Usitatibacter,35,8.0092,0.0503,0.2085,0.1008,0.3661,-8.7177,0.9676,0.0,0.0,1.0,13.64,124,0,0.0,0.0,0.0,11.2,128,1.0,1.0,1.415,2.125,10.722,12.3,0.0,0.0,0.0,0.0,2.5474e-06,1.86e-05,0.0917,0.3316
2827482,Caenibius,35,8.0092,0.0487,0.2127,0.0854,0.3285,-8.7282,0.9357,0.0,0.0,1.0,17.24,112,0,0.0,0.0,0.0,5.0,337,1.0,1.0,1.915,6.45,30.89,472.0,0.0,0.0,0.0,0.0,1.325e-06,6.482e-05,0.072,0.294
1234,Nitrospira,35,8.0092,0.0464,0.2009,0.0843,0.3284,-8.7345,0.917,0.0,0.0,1.0,7.64,323,0,0.0,0.0,0.0,5.0,307,1.0,1.0,1.0,1.833,7.624,71.85529411764706,0.0,0.0,0.0,0.0,1.0944e-06,5.576e-05,0.0788,0.3092
5758,Entamoeba,34,7.7803,0.0572,0.2421,0.0663,0.2792,-8.8006,0.7561,0.0,0.0,2.0,10.64,334,0,0.0,0.0,0.0,2.2,305,1.0,1.375,2.812,4.88,19.495,35.40258620689655,0.0,0.0,0.0,0.0,8.58e-08,0.001048,0.055,0.2439
352450,Simplicispira,34,7.7803,0.0461,0.1983,0.0823,0.3132,-8.7354,0.9249,0.0,0.0,1.0,14.64,74,0,0.0,0.0,0.0,8.0,116,1.0,1.0,1.03,1.7,8.155,37.0,0.0,0.0,0.0,0.0,2.104e-06,3.05e-05,0.0753,0.2881
2490452,Serpentinimonas,34,7.7803,0.0531,0.23,0.0901,0.3501,-8.7165,0.9896,0.0,0.0,1.0,18.2,300,0,0.0,0.0,0.0,7.0,337,1.0,1.0,1.02,1.797,8.045,11.525333333333334,0.0,0.0,0.0,0.0,3.1e-06,7.97e-05,0.0835,0.3243
3050898,Sulfuricystis,34,7.7803,0.047,0.2024,0.1024,0.4015,-8.6992,1.0569,0.0,0.0,1.0,10.56,76,0,0.0,0.0,0.0,7.2,1025,1.0,1.0,1.27,1.772,10.979,25.0,0.0,0.0,0.0,0.0,2.9238e-06,0.0004119,0.0963,0.3806
204476,Labrys,34,7.7803,0.0504,0.2179,0.0988,0.3693,-8.738,0.9157,0.0,0.0,1.0,15.76,134,0,0.0,0.0,0.0,9.2,264,1.0,1.0,1.45,2.0,5.943,12.5,0.0,0.0,0.0,0.0,1.2696e-06,3.644e-05,0.0909,0.3381
1734920,Pseudorhodoplanes,34,7.7803,0.0489,0.2279,0.0986,0.3872,-8.7324,0.9444,0.0,0.0,1.0,5.64,302,0,0.0,0.0,0.0,6.0,528,1.0,1.0,1.21,1.972,6.82,20.4,0.0,0.0,0.0,0.0,1.034e-06,9.099e-05,0.0908,0.3542
1508451,Polymorphobacter,34,7.7803,0.0455,0.2015,0.0802,0.317,-8.7323,0.937,0.0,0.0,1.0,5.64,182,0,0.0,0.0,0.0,5.2,500,1.0,1.0,1.092,1.949,7.85,10.25164835164835,0.0,0.0,0.0,0.0,1.8888e-06,0.0001007,0.074,0.2926
504465,Rhodovastum,34,7.7803,0.0516,0.2382,0.0942,0.3494,-8.7422,0.8998,0.0,0.0,1.0,10.56,1256,0,0.0,0.0,0.0,8.2,161,1.0,1.0,1.095,1.945,9.099,122.0,0.0,0.0,0.0,0.0,1.1644e-06,2.286e-05,0.0859,0.3167
228398,Streptacidiphilus,34,7.7803,0.0403,0.1743,0.0672,0.264,-8.7798,0.7706,0.0,0.0,1.0,5.64,193,0,0.0,0.0,0.0,3.0,113,1.0,1.0,1.0,1.831,7.296,13.0,0.0,0.0,0.0,0.0,3.711e-07,9.789e-06,0.0624,0.2467
1276290,Caldibacillus,34,7.7803,0.0514,0.2229,0.1524,0.5738,-8.6605,1.1962,0.0,0.0,1.0,15.64,194,0,0.0,0.0,0.0,60.4,5355,1.0,1.0,1.075,1.345,2.395,3.6700000000000004,0.0,0.0,0.0,0.0,1.6632e-05,0.001474,0.1489,0.561
52959,Polaribacter,34,7.7803,0.0431,0.1913,0.0696,0.2835,-8.746,0.8883,0.0,0.0,1.0,8.56,69,0,0.0,0.0,0.0,3.0,447,1.0,1.0,1.085,2.0,4.186,13.071884057971015,0.0,0.0,0.0,0.0,1.0678e-06,2.648e-05,0.0643,0.2641
47,Archangium,34,7.7803,0.0421,0.1843,0.0735,0.2804,-8.7985,0.7086,0.0,0.0,1.0,5.64,166,0,0.0,0.0,0.0,4.0,126,1.0,1.0,1.333,2.482,10.027,14.049375,0.0,0.0,0.0,0.0,2.232e-07,4.078e-06,0.0658,0.2524
2948942,Valbvirus,34,7.7803,0.0347,0.1379,0.0526,0.1872,-8.4088,2.0389,0.0,0.0,1.0,3.0,23,0,0.0,0.0,0.0,3.0,7,1.0,23.425,107.5,406.0,724.3,958.0,0.0,0.0,0.0,0.0,0.03297,0.07692,0.0526,0.1872
558017,Betabaculovirus,34,7.7803,0.0515,0.2139,0.0892,0.3208,-8.6058,1.3634,0.0,0.0,1.2,11.0,205,0,0.0,0.0,0.0,15.2,30,1.0,1.902,8.06,27.925,67.975,81.3,0.0,0.0,0.0,0.0,0.00014704,0.0002902,0.0892,0.3208
33926,Candidatus Phytoplasma,34,7.7803,0.0433,0.1964,0.0838,0.3222,-8.6762,1.1246,0.0,0.0,1.0,11.68,150,0,0.0,0.0,0.0,5.0,119,1.0,1.0,1.273,1.712,5.891,83.17399999999999,0.0,0.0,0.0,0.0,9.0264e-06,8.425e-05,0.0767,0.2918
1582879,Ezakiella,34,7.7803,0.061,0.2561,0.1456,0.5394,-8.6442,1.2419,0.0,0.0,2.0,24.76,149,0,0.0,0.0,0.0,27.0,2723,1.0,1.0,1.041,1.566,4.952,10.907919463087248,0.0,0.0,0.0,0.0,1.4356e-05,0.001521,0.141,0.5234
131079,Limnobacter,33,7.5515,0.0695,0.371,0.1508,0.5972,-8.6639,1.2128,0.0,0.0,1.0,62.84,37847,0,0.0,0.0,0.0,46.2,21937,1.0,1.0,1.12,2.0,49.26,55.4,0.0,0.0,0.0,0.0,1.42e-05,0.006741,0.1423,0.5631
1778653,Sulfuriferula,33,7.5515,0.043,0.1904,0.0775,0.2955,-8.7435,0.9068,0.0,0.0,1.0,5.0,104,0,0.0,0.0,0.0,6.0,113,1.0,1.0,1.11,1.79,7.413,15.563048780487806,0.0,0.0,0.0,0.0,1.834e-06,2.751e-05,0.0718,0.27
1759331,Cnuibacter,33,7.5515,0.0362,0.1413,0.0909,0.3415,-8.7323,0.9474,0.0,0.0,1.0,4.0,18,0,0.0,0.0,0.0,8.2,183,1.0,1.0,1.33,3.0,9.482,22.3,0.0,0.0,0.0,0.0,2.009e-06,4.483e-05,0.0824,0.3162
42255,Rubrobacter,33,7.5515,0.0527,0.2381,0.0878,0.3511,-8.7454,0.9067,0.0,0.0,1.0,15.64,1106,0,0.0,0.0,0.0,6.2,462,1.0,1.0,1.02,1.75,18.769,63.315723327305605,0.0,0.0,0.0,0.0,1.3278e-06,3.604e-05,0.0816,0.3292
657,Photobacterium,33,7.5515,0.0488,0.2016,0.0943,0.3759,-8.7279,0.9797,0.0,0.0,1.0,11.92,45,0,0.0,0.0,0.0,5.0,411,1.0,1.0,1.028,2.549,4.16,9.0,0.0,0.0,0.0,0.0,1.2058e-06,9.435e-05,0.0887,0.3567
2207,Methanosarcina,33,7.5515,0.0348,0.166,0.0563,0.26,-8.7648,0.8452,0.0,0.0,1.0,2.0,65,0,0.0,0.0,0.0,2.0,376,1.0,1.0,1.0,1.0,1.681,2.0,0.0,0.0,0.0,0.0,4.266e-07,3.149e-05,0.0552,0.2526
1372,Planococcus,32,7.3227,0.0452,0.1931,0.0865,0.3463,-8.7425,0.934,0.0,0.0,1.0,8.28,88,0,0.0,0.0,0.0,5.4,110,1.0,1.0,1.0,1.856,6.844,19.0,0.0,0.0,0.0,0.0,1.1164e-06,3.965e-05,0.0822,0.3327
168470,Laribacter,32,7.3227,0.039,0.1762,0.1031,0.3966,-8.7151,1.0338,0.0,0.0,1.0,6.64,100,0,0.0,0.0,0.0,13.4,558,1.0,1.0,1.204,2.062,8.201,15.3,0.0,0.0,0.0,0.0,3.0594e-06,0.0001078,0.0961,0.3719
70411,Frateuria,32,7.3227,0.0499,0.2185,0.0825,0.3259,-8.7477,0.9074,0.0,0.0,1.0,12.0,326,0,0.0,0.0,0.0,6.0,296,1.0,1.0,1.527,2.607,12.247,13.699999999999998,0.0,0.0,0.0,0.0,1.793e-06,4.244e-05,0.0741,0.2931
2707020,Aerosticca,32,7.3227,0.0454,0.2038,0.0988,0.3785,-8.7131,1.0327,0.0,0.0,1.0,7.92,297,0,0.0,0.0,0.0,12.0,340,1.0,1.0,1.23,1.828,7.651,13.9,0.0,0.0,0.0,0.0,4.851e-06,0.0001374,0.0918,0.3525
2800681,Aurantiacibacter,32,7.3227,0.0476,0.2208,0.0768,0.3196,-8.7473,0.9136,0.0,0.0,1.0,17.68,164,0,0.0,0.0,0.0,4.0,397,1.0,1.0,1.105,2.503,7.943,10.333333333333334,0.0,0.0,0.0,0.0,1.1888e-06,6.502e-05,0.0702,0.2924
991903,Polymorphum,32,7.3227,0.0387,0.174,0.0813,0.3207,-8.7506,0.9017,0.0,0.0,1.0,6.64,101,0,0.0,0.0,0.0,5.0,188,1.0,1.0,1.21,2.0,7.396,9.25,0.0,0.0,0.0,0.0,1.155e-06,4.343e-05,0.0752,0.2952
99479,Tetrasphaera,32,7.3227,0.041,0.1843,0.0813,0.3187,-8.7414,0.9328,0.0,0.0,1.0,5.0,261,0,0.0,0.0,0.0,6.0,228,1.0,1.0,1.0,1.828,3.208,13.7,0.0,0.0,0.0,0.0,1.83e-06,6.953e-05,0.077,0.3008
2019,Thermomonospora,32,7.3227,0.0422,0.1963,0.0808,0.3187,-8.7636,0.8529,0.0,0.0,1.0,8.64,261,0,0.0,0.0,0.0,6.0,221,1.0,1.0,1.0,1.58,6.502,10.6,0.0,0.0,0.0,0.0,9.936e-07,2.732e-05,0.0757,0.2979
2675229,Peribacillus,32,7.3227,0.0466,0.2086,0.1111,0.4352,-8.7562,0.8854,0.0,0.0,1.0,12.28,109,0,0.0,0.0,0.0,12.2,1753,1.0,1.0,1.02,1.941,3.133,11.809908256880735,0.0,0.0,0.0,0.0,1.229e-06,9.685e-05,0.1071,0.4201
2837504,Heyndrickxia,32,7.3227,0.0479,0.2154,0.1179,0.4682,-8.7044,1.0857,0.0,0.0,1.0,19.76,61,0,0.0,0.0,0.0,13.2,1665,1.0,1.0,1.009,1.97,5.811,10.519285714285715,0.0,0.0,0.0,0.0,2.5296e-06,0.0002437,0.1112,0.4399
105,Runella,32,7.3227,0.0346,0.1481,0.0585,0.2412,-8.7944,0.7424,0.0,0.0,1.0,3.64,31,0,0.0,0.0,0.0,2.2,262,1.0,1.029,3.0,9.675,61.525,458.0,0.0,0.0,0.0,0.0,3.093e-07,1.439e-05,0.0448,0.2108
239759,Alistipes,32,7.3227,0.0626,0.3062,0.1249,0.5493,-8.7045,1.1018,0.0,0.0,1.0,19.0,3592,0,0.0,0.0,0.0,10.2,389296,1.0,1.0,1.217,2.018,13.467,14.657894736842104,0.0,0.0,0.0,0.0,1.452e-06,0.07352,0.1172,0.5291
1434046,Sphingorhabdus,32,7.3227,0.0476,0.226,0.0805,0.335,-8.7538,0.8905,0.0,0.0,1.0,16.56,133,0,0.0,0.0,0.0,5.0,793,1.0,1.0,1.0,1.514,11.883,16.29142857142857,0.0,0.0,0.0,0.0,1.242e-06,4.854e-05,0.0748,0.3097
35812,Roseococcus,32,7.3227,0.0502,0.2453,0.0779,0.3044,-8.7519,0.8952,0.0,0.0,1.2,16.24,1454,0,0.0,0.0,0.0,6.0,259,1.0,1.0,1.34,2.0,13.855,56.2,0.0,0.0,0.0,0.0,1.49e-06,6.434e-05,0.0685,0.2628
83654,Leclercia,32,7.3227,0.0414,0.1893,0.0928,0.3885,-8.75,0.915,0.0,0.0,1.0,9.0,207,0,0.0,0.0,0.0,3.2,839,1.0,1.0,1.067,1.702,15.7,24.1,0.0,0.0,0.0,0.0,1.9158e-06,0.0002641,0.086,0.3604
1511635,Aquisphaera,32,7.3227,0.0403,0.1997,0.0695,0.2826,-8.7925,0.7564,0.0,0.0,1.0,5.92,487,0,0.0,0.0,0.0,4.0,195,1.0,1.0,1.0,1.643,9.17,39.2,0.0,0.0,0.0,0.0,3.888e-07,1.895e-05,0.0642,0.2563
5073,Penicillium,31,7.0938,0.046,0.212,0.1192,0.4676,-8.7752,0.8361,0.0,0.0,1.0,11.76,159,0,0.0,0.0,0.0,22.6,1613,1.0,1.0,1.0,1.185,6.055,15.0,0.0,0.0,0.0,0.0,7.439e-07,5.309e-05,0.1156,0.4563
2678886,Pulveribacter,31,7.0938,0.049,0.2117,0.0901,0.3503,-8.7314,0.9828,0.0,0.0,2.0,9.64,155,0,0.0,0.0,0.0,8.0,306,1.0,1.0,1.3,2.04,11.055,13.6,0.0,0.0,0.0,0.0,2.895e-06,0.0001107,0.0822,0.3205
407217,Aquitalea,31,7.0938,0.0641,0.273,0.1238,0.4936,-8.718,1.0403,0.0,0.0,2.0,44.76,146,0,0.0,0.0,0.0,22.4,1778,1.0,1.236,1.607,2.0,5.858,8.45961038961039,0.0,0.0,0.0,0.0,5.639e-06,0.0002006,0.1159,0.4684
416,Methylomonas,31,7.0938,0.0436,0.187,0.071,0.2852,-8.7794,0.8113,0.0,0.0,1.0,9.0,53,0,0.0,0.0,0.0,4.0,93,1.0,1.0,1.657,2.092,7.907,13.8,0.0,0.0,0.0,0.0,5.894e-07,7.029e-06,0.0649,0.2616
182269,Aurantimonas,31,7.0938,0.0427,0.1975,0.0762,0.3059,-8.7594,0.8837,0.0,0.0,1.0,9.12,200,0,0.0,0.0,0.0,4.0,188,1.0,1.0,1.38,2.5,8.29,12.0,0.0,0.0,0.0,0.0,9.714e-07,4.566e-05,0.068,0.2721
169055,Nordella,31,7.0938,0.0498,0.218,0.0879,0.3485,-8.7631,0.8729,0.0,0.0,1.0,12.28,76,0,0.0,0.0,0.0,9.0,260,1.0,1.0,1.23,2.07,8.52,9.58,0.0,0.0,0.0,0.0,1.295e-06,3.742e-05,0.0805,0.3192
1434002,Falsirhodobacter,31,7.0938,0.0409,0.1942,0.0852,0.3424,-8.7359,0.9711,0.0,0.0,1.0,6.28,162,0,0.0,0.0,0.0,6.0,267,1.0,1.0,1.0,1.285,3.775,8.62,0.0,0.0,0.0,0.0,2.316e-06,0.0001031,0.0819,0.3262
93,Stella,31,7.0938,0.0438,0.2178,0.073,0.2921,-8.7725,0.8358,0.0,0.0,1.0,9.56,954,0,0.0,0.0,0.0,5.0,169,1.0,1.0,1.45,2.125,12.2,66.0,0.0,0.0,0.0,0.0,8.899e-07,3.008e-05,0.0656,0.2605
120212,Subtercola,31,7.0938,0.0405,0.1837,0.0705,0.2816,-8.7682,0.8473,0.0,0.0,1.0,12.12,58,0,0.0,0.0,0.0,4.0,144,1.0,1.0,1.115,1.93,13.3,17.205714285714283,0.0,0.0,0.0,0.0,9.631e-07,1.267e-05,0.063,0.2506
56433,Couchioplanes,31,7.0938,0.0409,0.1887,0.0707,0.276,-8.7847,0.7889,0.0,0.0,1.0,6.92,116,0,0.0,0.0,0.0,5.0,128,1.0,1.0,1.0,1.495,8.695,14.6,0.0,0.0,0.0,0.0,6.436e-07,1.648e-05,0.0655,0.2542
165301,Lentzea,31,7.0938,0.0368,0.1707,0.0671,0.2652,-8.7952,0.7524,0.0,0.0,1.0,3.64,148,0,0.0,0.0,0.0,3.4,118,1.0,1.0,1.17,1.75,9.56,10.3,0.0,0.0,0.0,0.0,3.601e-07,1.25e-05,0.0608,0.2381
1069494,Trueperella,31,7.0938,0.0398,0.1724,0.0909,0.3704,-8.7395,0.9677,0.0,0.0,1.0,5.0,100,0,0.0,0.0,0.0,3.6,145,1.0,1.0,1.02,1.862,4.03,9.016799999999998,0.0,0.0,0.0,0.0,1.0918e-06,7.525e-05,0.0869,0.3549
33981,Kineococcus,31,7.0938,0.0441,0.2113,0.0791,0.3196,-8.7606,0.8815,0.0,0.0,1.0,8.92,480,0,0.0,0.0,0.0,4.0,328,1.0,1.0,1.0,1.59,9.885,17.5,0.0,0.0,0.0,0.0,8.519e-07,6.985e-05,0.0731,0.2945
2758920,Paraconexibacter,31,7.0938,0.0463,0.2196,0.0843,0.3369,-8.7559,0.898,0.0,0.0,1.0,10.0,553,0,0.0,0.0,0.0,5.0,333,1.0,1.0,1.0,1.615,12.975,17.2,0.0,0.0,0.0,0.0,1.021e-06,6.802e-05,0.0777,0.3109
2976759,Capillimicrobium,31,7.0938,0.0471,0.2216,0.0824,0.3282,-8.7632,0.8711,0.0,0.0,1.0,11.76,498,0,0.0,0.0,0.0,6.0,255,1.0,1.0,1.12,1.585,10.4,15.7,0.0,0.0,0.0,0.0,1.033e-06,4.389e-05,0.0763,0.3023
2974251,Segatella,31,7.0938,0.0435,0.1932,0.1251,0.4783,-8.7008,1.0957,0.0,0.0,1.0,8.0,130,0,0.0,0.0,0.0,31.6,842,1.0,1.0,1.19,1.515,2.735,10.4,0.0,0.0,0.0,0.0,9.4208e-06,0.000251,0.1205,0.4612
162027,Haliangium,31,7.0938,0.0447,0.204,0.0808,0.3218,-8.7788,0.8153,0.0,0.0,1.0,8.92,378,0,0.0,0.0,0.0,9.0,318,1.0,1.235,2.0,3.47,15.6,29.9,0.0,0.0,0.0,0.0,9.919e-07,3.505e-05,0.069,0.2786
33196,Botrytis,31,7.0938,0.0539,0.2584,0.1455,0.5729,-8.7554,0.916,0.0,0.0,1.0,41.68,183,0,0.0,0.0,0.0,50.6,9768,1.0,1.0,1.04,1.515,7.2,12.0,0.0,0.0,0.0,0.0,1.3198e-06,0.0002548,0.1403,0.5536
42398,Vittaforma,31,7.0938,0.0966,0.3829,0.0643,0.2354,-8.7607,0.868,0.0,0.0,12.4,73.56,506,0,0.0,0.0,0.0,7.0,13,1.0,7.5,18.7,36.1,112.0,312.0,0.0,0.0,0.0,0.0,2.366e-06,4.395e-06,0.0324,0.1267
2803850,Mammaliicoccus,31,7.0938,0.0389,0.1708,0.1102,0.4379,-8.7329,0.9853,0.0,0.0,1.0,5.64,105,0,0.0,0.0,0.0,18.2,447,1.0,1.0,1.17,1.415,3.665,15.1,0.0,0.0,0.0,0.0,2.5884e-06,7.17e-05,0.1055,0.4186
919,Thiobacillus,30,6.865,0.0445,0.1934,0.0773,0.3131,-8.7597,0.8963,0.0,0.0,1.0,10.0,96,0,0.0,0.0,0.0,5.2,122,1.0,1.0,1.382,2.0,7.436,13.5,0.0,0.0,0.0,0.0,1.5938e-06,3.388e-05,0.0706,0.288
2370,Xylella,30,6.865,0.0354,0.1487,0.0634,0.2647,-8.7591,0.9181,0.0,0.0,1.0,6.64,12,0,0.0,0.0,0.0,2.0,86,1.0,1.0,1.971,3.427,6.148,6.68,0.0,0.0,0.0,0.0,6.832e-07,0.0003284,0.0561,0.2375
323413,Dokdonella,30,6.865,0.0417,0.1885,0.0774,0.305,-8.763,0.8817,0.0,0.0,1.0,8.64,180,0,0.0,0.0,0.0,6.0,161,1.0,1.0,1.45,1.95,8.248,11.8,0.0,0.0,0.0,0.0,1.425e-06,3.823e-05,0.0697,0.278
1775705,Frigidibacter,30,6.865,0.0468,0.2146,0.0943,0.3737,-8.7466,0.946,0.0,0.0,1.0,19.76,186,0,0.0,0.0,0.0,9.2,272,1.0,1.0,1.175,2.0,9.617,11.9,0.0,0.0,0.0,0.0,2.0906e-06,6.181e-05,0.0872,0.3456
2946607,Neotabrizicola,30,6.865,0.0432,0.2016,0.0771,0.3169,-8.7639,0.8843,0.0,0.0,1.0,15.76,139,0,0.0,0.0,0.0,4.2,243,1.0,1.0,1.05,1.802,7.795,10.099999999999998,0.0,0.0,0.0,0.0,1.014e-06,5.867e-05,0.0716,0.2936
70774,Hydrogenophilus,30,6.865,0.0414,0.1987,0.1137,0.4672,-8.7072,1.1024,0.0,0.0,1.0,8.92,147,0,0.0,0.0,0.0,7.8,3184,1.0,1.0,1.04,1.575,2.308,9.24,0.0,0.0,0.0,0.0,3.5204e-06,0.001437,0.11,0.4528
881616,Herbiconiux,30,6.865,0.041,0.185,0.0787,0.3142,-8.7622,0.8852,0.0,0.0,1.0,9.28,120,0,0.0,0.0,0.0,5.2,105,1.0,1.0,1.135,2.0,6.811,10.924000000000001,0.0,0.0,0.0,0.0,1.413e-06,1.793e-05,0.0732,0.292
2742598,Limosilactobacillus,30,6.865,0.0486,0.2203,0.1117,0.4611,-8.7285,1.0357,0.0,0.0,1.0,16.76,221,0,0.0,0.0,0.0,6.0,877,1.0,1.02,1.577,2.005,5.549,10.574660633484163,0.0,0.0,0.0,0.0,1.555e-06,0.0002663,0.1048,0.4352
5500,Coccidioides,30,6.865,0.0545,0.2859,0.0569,0.2517,-8.7782,0.8288,0.0,0.0,1.0,16.2,11237,0,0.0,0.0,0.0,2.0,584,1.0,1.0,2.5,8.472,109.73,619.8994268932988,0.0,0.0,0.0,0.0,1.431e-06,2.892e-05,0.0445,0.1892
5810,Toxoplasma,30,6.865,0.073,0.3531,0.1027,0.5043,-8.7039,1.1148,0.0,0.0,3.0,21.56,7417,0,0.0,0.0,0.0,7.4,498503,1.0,2.732,9.12,18.6,27.383,40.95333333333334,0.0,0.0,0.0,0.0,9.9468e-06,0.005544,0.0785,0.4634
1434011,Komagataeibacter,30,6.865,0.0397,0.1884,0.0675,0.2823,-8.7765,0.8334,0.0,0.0,1.0,7.0,150,0,0.0,0.0,0.0,4.0,171,1.0,1.0,1.531,2.0,8.15,9.526315789473685,0.0,0.0,0.0,0.0,9.586e-07,1.529e-05,0.061,0.2575
59,Vitreoscilla,29,6.6362,0.0412,0.1822,0.0718,0.3006,-8.7683,0.8828,0.0,0.0,1.0,11.84,35,0,0.0,0.0,0.0,3.4,189,1.0,1.0,1.581,2.04,15.8,16.7,0.0,0.0,0.0,0.0,1.5142e-06,7.936e-05,0.0641,0.2732
88875,Ferribacterium,29,6.6362,0.0457,0.2089,0.0821,0.3488,-8.7938,0.7953,0.0,0.0,1.0,16.64,98,0,0.0,0.0,0.0,3.0,191,1.0,1.0,1.24,1.7,8.318,11.3,0.0,0.0,0.0,0.0,2.609e-07,1.661e-05,0.0765,0.3277
404432,Salinicola,29,6.6362,0.0488,0.2246,0.0834,0.3486,-8.7616,0.9079,0.0,0.0,1.2,13.28,424,0,0.0,0.0,0.0,4.2,413,1.0,1.065,1.602,2.0,4.911,10.65070754716981,0.0,0.0,0.0,0.0,1.1888e-06,8.298e-05,0.0771,0.3235
1443919,Tabrizicola,29,6.6362,0.0482,0.2363,0.0896,0.3708,-8.7557,0.9326,0.0,0.0,1.0,30.08,138,0,0.0,0.0,0.0,6.2,692,1.0,1.0,1.0,1.75,8.874,11.8,0.0,0.0,0.0,0.0,1.4796e-06,0.0001651,0.0836,0.3425
2870717,Pseudoroseomonas,29,6.6362,0.054,0.2705,0.081,0.3295,-8.7655,0.8917,0.0,0.0,1.0,34.76,1684,0,0.0,0.0,0.0,7.2,251,1.0,1.0,1.21,2.2,14.6,70.3,0.0,0.0,0.0,0.0,1.6674e-06,5.813e-05,0.072,0.2895
171436,Tistrella,29,6.6362,0.0391,0.1948,0.0826,0.3353,-8.7741,0.8597,0.0,0.0,1.0,7.64,192,0,0.0,0.0,0.0,6.4,238,1.0,1.0,1.18,2.0,6.79,20.7,0.0,0.0,0.0,0.0,1.0318e-06,3.837e-05,0.0759,0.3044
119977,Acidithiobacillus,29,6.6362,0.0358,0.1636,0.0749,0.3074,-8.7461,0.9678,0.0,0.0,1.0,5.64,105,0,0.0,0.0,0.0,3.4,125,1.0,1.0,1.424,3.85,9.109,17.721666666666668,0.0,0.0,0.0,0.0,2.9758e-06,0.0001886,0.0664,0.2774
1535207,Barrientosiimonas,29,6.6362,0.0401,0.1907,0.072,0.309,-8.7688,0.8845,0.0,0.0,1.0,8.0,202,0,0.0,0.0,0.0,5.0,347,1.0,1.0,1.04,2.0,9.576,14.3,0.0,0.0,0.0,0.0,1.518e-06,0.0001054,0.0662,0.2868
2747,Carnobacterium,29,6.6362,0.0394,0.1702,0.1029,0.4305,-8.7349,1.0145,0.0,0.0,1.0,5.0,51,0,0.0,0.0,0.0,4.2,766,1.0,1.0,1.218,2.0,2.8,11.577058823529411,0.0,0.0,0.0,0.0,2.3568e-06,0.0002614,0.0985,0.4135
83461,Corallococcus,29,6.6362,0.0361,0.1683,0.0538,0.2349,-8.8131,0.7141,0.0,0.0,1.0,4.64,118,0,0.0,0.0,0.0,2.0,107,1.0,1.0,1.25,2.0,11.543,14.125,0.0,0.0,0.0,0.0,2.489e-07,1.045e-05,0.0485,0.2119
2709666,Pseudolysobacter,29,6.6362,0.0363,0.1668,0.0668,0.2639,-8.7823,0.8229,0.0,0.0,1.0,9.2,36,0,0.0,0.0,0.0,5.2,83,1.0,1.14,2.0,6.78,14.9,19.2,0.0,0.0,0.0,0.0,1.1264e-06,1.798e-05,0.0539,0.2141
122277,Pectobacterium,29,6.6362,0.0449,0.2076,0.0843,0.3517,-8.7668,0.8958,0.0,0.0,1.0,10.56,359,0,0.0,0.0,0.0,4.2,977,1.0,1.0,1.215,1.562,7.595,15.781,0.0,0.0,0.0,0.0,8.324e-07,0.0001437,0.0797,0.3301
48073,Microbulbifer,29,6.6362,0.0433,0.2003,0.0707,0.2937,-8.7908,0.7901,0.0,0.0,1.0,8.28,205,0,0.0,0.0,0.0,4.0,198,1.0,1.0,1.486,2.0,8.125,13.834878048780489,0.0,0.0,0.0,0.0,7.694e-07,6.962e-06,0.0659,0.2736
1955420,Silicimonas,29,6.6362,0.04,0.1856,0.0795,0.3173,-8.7659,0.8875,0.0,0.0,1.0,6.64,147,0,0.0,0.0,0.0,7.2,117,1.0,1.0,1.25,2.24,11.36,15.5,0.0,0.0,0.0,0.0,1.724e-06,2.802e-05,0.0718,0.2869
457933,Elioraea,29,6.6362,0.0392,0.2005,0.0678,0.2824,-8.7718,0.8674,0.0,0.0,1.0,7.64,780,0,0.0,0.0,0.0,4.0,151,1.0,1.5,3.0,5.0,15.0,53.2,0.0,0.0,0.0,0.0,1.231e-06,4.646e-05,0.0553,0.2361
173479,Gemmatimonas,29,6.6362,0.0454,0.2548,0.0685,0.3026,-8.7881,0.8105,0.0,0.0,1.0,10.0,16106,0,0.0,0.0,0.0,2.2,1745,1.0,1.0,1.14,2.655,13.8,212.5096858313672,0.0,0.0,0.0,0.0,4.656e-07,0.0001775,0.0608,0.2622
184462,Hyaloperonospora,29,6.6362,0.0403,0.181,0.0683,0.2823,-8.8556,0.5579,0.0,0.0,1.0,8.0,107,0,0.0,0.0,0.0,5.0,254,1.0,1.38,2.0,4.25,14.44,28.1,0.0,0.0,0.0,0.0,8.24e-08,4.187e-06,0.0566,0.2379
2995704,Peterkaempfera,29,6.6362,0.0313,0.1467,0.0611,0.2463,-8.7985,0.7642,0.0,0.0,1.0,3.64,88,0,0.0,0.0,0.0,3.0,46,1.0,1.0,1.57,2.25,10.676,15.2,0.0,0.0,0.0,0.0,4.739e-07,7.267e-06,0.0531,0.2106
34037,Rahnella,29,6.6362,0.0369,0.1655,0.0958,0.3865,-8.7593,0.9132,0.0,0.0,1.0,4.64,69,0,0.0,0.0,0.0,6.0,321,1.0,1.0,1.33,2.0,8.509,15.626086956521737,0.0,0.0,0.0,0.0,1.2992e-06,3.863e-05,0.0904,0.3681
1649510,Variibacter,29,6.6362,0.0473,0.227,0.0811,0.3357,-8.7664,0.8905,0.0,0.0,1.0,24.0,141,0,0.0,0.0,0.0,6.0,273,1.0,1.0,1.3,2.0,12.6,14.0,0.0,0.0,0.0,0.0,1.348e-06,6.132e-05,0.0733,0.3042
5146,Sordaria,29,6.6362,0.0452,0.228,0.0986,0.4276,-8.8101,0.7509,0.0,0.0,1.0,9.0,304,0,0.0,0.0,0.0,5.0,3179,1.0,1.0,1.0,2.63,10.26,16.0,0.0,0.0,0.0,0.0,1.389e-07,8.831e-05,0.0931,0.4064
1263,Ruminococcus,29,6.6362,0.0424,0.1994,0.1033,0.4317,-8.7287,1.0398,0.0,0.0,1.0,7.64,175,0,0.0,0.0,0.0,7.0,2198,1.0,1.0,1.124,1.73,6.6,16.59617142857143,0.0,0.0,0.0,0.0,2.5084e-06,0.0009606,0.099,0.4175
644355,Inhella,28,6.4073,0.0446,0.2102,0.0845,0.3413,-8.7631,0.9141,0.0,0.0,1.0,10.92,121,0,0.0,0.0,0.0,8.2,207,1.0,1.022,1.585,2.547,7.827,19.5,0.0,0.0,0.0,0.0,2.127e-06,5.37e-05,0.076,0.3085
400060,Paludibacterium,28,6.4073,0.044,0.2036,0.0769,0.3186,-8.7789,0.8532,0.0,0.0,1.0,16.4,57,0,0.0,0.0,0.0,5.0,121,1.0,1.0,1.328,3.493,9.407,11.4,0.0,0.0,0.0,0.0,1.3256e-06,1.767e-05,0.0696,0.2892
2891294,Nitrogeniibacter,28,6.4073,0.0343,0.147,0.0753,0.31,-8.7798,0.8506,0.0,0.0,1.0,5.0,13,0,0.0,0.0,0.0,4.6,100,1.0,1.0,1.555,1.961,9.345,13.0,0.0,0.0,0.0,0.0,1.1614e-06,1.464e-05,0.0687,0.283
1769726,Niveibacterium,28,6.4073,0.0355,0.169,0.0647,0.2754,-8.7909,0.8115,0.0,0.0,1.0,5.28,49,0,0.0,0.0,0.0,3.0,67,1.0,1.0,1.165,2.042,8.083,16.3,0.0,0.0,0.0,0.0,6.457e-07,1.442e-05,0.0586,0.2486
1938335,Sulfuritortus,28,6.4073,0.0361,0.174,0.0853,0.3562,-8.7501,0.968,0.0,0.0,1.0,8.0,123,0,0.0,0.0,0.0,5.4,350,1.0,1.0,1.16,1.91,3.482,14.4,0.0,0.0,0.0,0.0,2.1902e-06,0.000142,0.0804,0.3357
1897649,Pistricoccus,28,6.4073,0.0386,0.1789,0.078,0.3188,-8.7684,0.895,0.0,0.0,1.0,6.64,137,0,0.0,0.0,0.0,7.2,167,1.0,1.0,1.08,1.895,6.724,8.49,0.0,0.0,0.0,0.0,2.0108e-06,4.663e-05,0.0727,0.2951
42054,Chromohalobacter,28,6.4073,0.0398,0.1957,0.0801,0.3395,-8.766,0.9093,0.0,0.0,1.0,5.0,364,0,0.0,0.0,0.0,3.2,368,1.0,1.0,1.0,1.438,9.145,10.5,0.0,0.0,0.0,0.0,9.159e-07,0.0001053,0.0758,0.3211
1612611,Pararhizobium,28,6.4073,0.0356,0.1685,0.0719,0.3035,-8.7884,0.8217,0.0,0.0,1.0,4.64,66,0,0.0,0.0,0.0,4.0,218,1.0,1.0,1.195,2.05,9.0,15.0,0.0,0.0,0.0,0.0,6.978e-07,3.803e-05,0.0653,0.2752
1904377,Acuticoccus,28,6.4073,0.039,0.1885,0.0646,0.275,-8.7947,0.7971,0.0,0.0,1.0,12.92,132,0,0.0,0.0,0.0,3.2,160,1.0,1.0,1.25,2.643,10.091,13.6,0.0,0.0,0.0,0.0,6.009e-07,3.005e-05,0.0573,0.242
1234545,Parasphingopyxis,28,6.4073,0.0426,0.2143,0.0674,0.2954,-8.781,0.8509,0.0,0.0,1.0,10.0,263,0,0.0,0.0,0.0,4.0,502,1.0,1.0,1.68,2.759,12.417,36.7,0.0,0.0,0.0,0.0,1.134e-06,0.0001177,0.0591,0.2643
2883109,Sandaracinobacteroides,28,6.4073,0.0386,0.1932,0.0661,0.2915,-8.7803,0.8566,0.0,0.0,1.0,8.0,150,0,0.0,0.0,0.0,2.2,398,1.0,1.0,1.095,2.0,6.624,9.77,0.0,0.0,0.0,0.0,6.757e-07,0.0001222,0.0609,0.2691
97050,Ruegeria,28,6.4073,0.0491,0.2263,0.0835,0.3438,-8.7772,0.8592,0.0,0.0,1.0,16.84,162,0,0.0,0.0,0.0,6.2,564,1.0,1.0,1.53,2.833,9.037,14.21875,0.0,0.0,0.0,0.0,1.203e-06,2.335e-05,0.0764,0.3149
76890,Asticcacaulis,28,6.4073,0.0416,0.2007,0.0842,0.3715,-8.7767,0.8739,0.0,0.0,1.0,12.12,71,0,0.0,0.0,0.0,3.2,342,1.0,1.0,1.341,2.0,6.728,17.15211267605634,0.0,0.0,0.0,0.0,8.342e-07,7.509e-05,0.0779,0.3419
741759,Tomitella,28,6.4073,0.0354,0.1693,0.0627,0.2695,-8.7923,0.8054,0.0,0.0,1.0,5.64,50,0,0.0,0.0,0.0,2.2,93,1.0,1.0,1.179,2.0,10.44,12.27241379310345,0.0,0.0,0.0,0.0,5.622e-07,2.143e-05,0.057,0.2462
1522056,Flaviflexus,28,6.4073,0.0358,0.1707,0.0843,0.3495,-8.7546,0.9487,0.0,0.0,1.0,6.28,159,0,0.0,0.0,0.0,5.0,462,1.0,1.0,1.075,1.557,3.336,13.51698113207547,0.0,0.0,0.0,0.0,2.075e-06,0.0001614,0.0802,0.3319
2994363,Pseudofrankia,28,6.4073,0.037,0.1813,0.057,0.2559,-8.8181,0.7138,0.0,0.0,1.0,7.28,234,0,0.0,0.0,0.0,2.0,136,1.0,1.0,1.125,2.0,8.625,10.2,0.0,0.0,0.0,0.0,2.345e-07,1.595e-05,0.0512,0.2285
1548510,Microbacter,28,6.4073,0.0325,0.1584,0.0573,0.2406,-8.7927,0.8017,0.0,0.0,1.0,4.28,64,0,0.0,0.0,0.0,2.0,56,1.0,1.0,1.385,2.0,13.652,20.1,0.0,0.0,0.0,0.0,5.435e-07,1.522e-05,0.0503,0.2159
538,Eikenella,28,6.4073,0.0364,0.1751,0.096,0.3998,-8.7457,0.9883,0.0,0.0,1.0,4.28,171,0,0.0,0.0,0.0,6.8,713,1.0,1.0,1.0,1.38,6.25,8.603333333333333,0.0,0.0,0.0,0.0,2.4178e-06,0.0001884,0.0926,0.3875
5260,Melampsora,28,6.4073,0.0492,0.2237,0.0584,0.2534,-8.8772,0.4885,0.0,0.0,2.0,14.56,331,0,0.0,0.0,0.0,5.0,689,1.0,2.75,5.0,6.748,13.875,25.2,0.0,0.0,0.0,0.0,6.19e-08,8.537e-06,0.0425,0.2015
285107,Thioclava,28,6.4073,0.0461,0.2165,0.0819,0.3396,-8.774,0.8734,0.0,0.0,1.0,17.28,171,0,0.0,0.0,0.0,6.0,175,1.0,1.0,1.173,2.188,8.72,19.0,0.0,0.0,0.0,0.0,1.238e-06,2.863e-05,0.075,0.3118
1125,Microcystis,28,6.4073,0.028,0.1265,0.0488,0.2097,-8.7898,0.8256,0.0,0.0,1.0,2.64,29,0,0.0,0.0,0.0,1.2,54,1.0,1.0,1.0,1.587,22.323,27.325,0.0,0.0,0.0,0.0,4.556e-07,8.977e-05,0.0452,0.1941
2843398,Kamchatkavirus,28,6.4073,0.0241,0.1031,0.0484,0.1867,-8.682,1.217,0.0,0.0,1.0,2.0,12,0,0.0,0.0,0.0,4.0,7,1.0,3.188,12.85,243.25,1829.5,2850.0,0.0,0.0,0.0,0.0,7.854e-05,0.0001375,0.0484,0.1867
401469,Undibacterium,27,6.1785,0.0423,0.1893,0.0885,0.3744,-8.7879,0.8375,0.0,0.0,1.0,11.64,34,0,0.0,0.0,0.0,4.6,243,1.0,1.0,1.18,1.739,7.556,15.136,0.0,0.0,0.0,0.0,7.383e-07,2.249e-05,0.0843,0.3598
53392,Thiodictyon,27,6.1785,0.031,0.1394,0.0608,0.2491,-8.8109,0.7429,0.0,0.0,1.0,3.0,32,0,0.0,0.0,0.0,4.0,46,1.0,1.0,1.3,2.0,3.07,10.6,0.0,0.0,0.0,0.0,5.528e-07,6.357e-06,0.0557,0.227
1572860,Hartmannibacter,27,6.1785,0.0437,0.2091,0.0704,0.2958,-8.7918,0.8213,0.0,0.0,1.0,15.48,153,0,0.0,0.0,0.0,4.2,154,1.0,1.0,1.14,3.765,10.655,11.5,0.0,0.0,0.0,0.0,8.09e-07,2.966e-05,0.0623,0.2617
2685927,Tardibacter,27,6.1785,0.0436,0.224,0.0747,0.3256,-8.7743,0.8951,0.0,0.0,1.0,19.52,335,0,0.0,0.0,0.0,4.2,388,1.0,1.0,1.27,3.07,15.25,16.5,0.0,0.0,0.0,0.0,1.3494e-06,0.0001247,0.0671,0.2964
1706033,Sediminicoccus,27,6.1785,0.0366,0.2101,0.0614,0.2706,-8.8001,0.7923,0.0,0.0,1.0,3.64,1138,0,0.0,0.0,0.0,2.2,135,1.0,1.0,1.19,2.82,12.43,89.5,0.0,0.0,0.0,0.0,4.633e-07,2.843e-05,0.0533,0.2343
2804525,Lichenicola,27,6.1785,0.0354,0.183,0.0653,0.2771,-8.8001,0.7888,0.0,0.0,1.0,4.0,178,0,0.0,0.0,0.0,4.0,164,1.0,1.0,1.47,2.56,6.579,11.8,0.0,0.0,0.0,0.0,6.95e-07,2.849e-05,0.0582,0.245
162491,Oerskovia,27,6.1785,0.0323,0.1544,0.0699,0.2927,-8.7859,0.8441,0.0,0.0,1.0,4.28,86,0,0.0,0.0,0.0,3.4,72,1.0,1.0,1.0,1.925,11.651,12.6,0.0,0.0,0.0,0.0,8.43e-07,1.785e-05,0.0649,0.2737
104204,Streptomonospora,27,6.1785,0.0359,0.1776,0.0646,0.2849,-8.8073,0.7651,0.0,0.0,1.0,4.64,198,0,0.0,0.0,0.0,2.2,143,1.0,1.0,1.29,2.835,8.79,10.1,0.0,0.0,0.0,0.0,4.008e-07,1.21e-05,0.0576,0.2508
2774146,Frigoriglobus,27,6.1785,0.0386,0.1863,0.0711,0.2993,-8.8074,0.7625,0.0,0.0,1.0,6.28,88,0,0.0,0.0,0.0,5.0,73,1.0,1.0,1.2,2.065,6.948,8.7,0.0,0.0,0.0,0.0,5.336e-07,7.791e-06,0.0652,0.2713
940557,Granulicella,27,6.1785,0.0361,0.1915,0.0595,0.2652,-8.8073,0.7624,0.0,0.0,1.0,6.0,539,0,0.0,0.0,0.0,2.0,338,1.0,1.0,1.648,3.609,11.826,387.0,0.0,0.0,0.0,0.0,3.707e-07,1.855e-05,0.0514,0.2307
65356,Albugo,27,6.1785,0.0397,0.204,0.0703,0.3302,-8.8419,0.6523,0.0,0.0,1.0,4.64,340,0,0.0,0.0,0.0,1.0,978,1.0,1.0,1.81,2.055,9.579,51.27823529411764,0.0,0.0,0.0,0.0,3.18e-08,3.428e-05,0.0628,0.3
84565,Sodalis,27,6.1785,0.0322,0.1518,0.0617,0.2784,-8.7899,0.8387,0.0,0.0,1.0,9.0,28,0,0.0,0.0,0.0,2.0,141,1.0,1.0,1.427,2.073,4.603,35.824999999999996,0.0,0.0,0.0,0.0,5.065e-07,5.054e-05,0.0572,0.2556
214906,Histophilus,27,6.1785,0.0246,0.1117,0.0568,0.2507,-8.796,0.8077,0.0,0.0,1.0,2.0,19,0,0.0,0.0,0.0,2.0,138,1.0,1.0,1.0,1.5,3.275,6.54,0.0,0.0,0.0,0.0,6.111e-07,4.217e-05,0.0534,0.2368
56688,Halorubrum,27,6.1785,0.0781,0.4332,0.1267,0.6536,-8.7329,1.1182,0.0,0.0,1.0,257.56,19302,0,0.0,0.0,0.0,2.0,508887,1.0,1.013,1.33,2.0,7.237,9.350813559322033,0.0,0.0,0.0,0.0,6.7e-07,0.06927,0.1217,0.6418
1649454,Glaciihabitans,27,6.1785,0.0314,0.1484,0.0528,0.2185,-8.7995,0.7872,0.0,0.0,1.0,4.0,27,0,0.0,0.0,0.0,2.2,46,1.0,1.0,1.0,1.24,7.763,9.0,0.0,0.0,0.0,0.0,6.635e-07,1.387e-05,0.0489,0.2029
53365,Catellatospora,27,6.1785,0.0352,0.1758,0.0568,0.2388,-8.8189,0.7142,0.0,0.0,1.0,5.64,148,0,0.0,0.0,0.0,3.0,86,1.0,1.0,1.21,1.835,6.202,7.97,0.0,0.0,0.0,0.0,3.713e-07,1.064e-05,0.052,0.2189
682522,Ilumatobacter,27,6.1785,0.0517,0.2668,0.084,0.3655,-8.7756,0.8927,0.0,0.0,1.0,36.56,896,0,0.0,0.0,0.0,6.2,980,1.0,1.0,1.31,2.955,15.58,23.1,0.0,0.0,0.0,0.0,1.302e-06,0.0002058,0.0751,0.3259
875170,Celeribacter,27,6.1785,0.0362,0.1935,0.0711,0.3113,-8.7893,0.8339,0.0,0.0,1.0,6.64,507,0,0.0,0.0,0.0,2.0,183,1.0,1.0,1.0,1.632,4.309,51.53313609467455,0.0,0.0,0.0,0.0,5.57e-07,2.803e-05,0.0662,0.2874
375288,Parabacteroides,27,6.1785,0.0495,0.2533,0.1106,0.4902,-8.7677,0.9361,0.0,0.0,1.0,32.64,679,0,0.0,0.0,0.0,5.6,39878,1.0,1.0,1.3,1.933,12.222,15.007708333333332,0.0,0.0,0.0,0.0,4.952e-07,0.003195,0.1047,0.4704
204286,Cobetia,26,5.9497,0.0371,0.1814,0.066,0.294,-8.7784,0.8977,0.0,0.0,1.0,6.92,128,0,0.0,0.0,0.0,1.2,137,1.0,1.0,1.024,2.0,17.245,22.125,0.0,0.0,0.0,0.0,8.108e-07,7.208e-05,0.0597,0.2661
1068,Rhodomicrobium,26,5.9497,0.0309,0.1597,0.0657,0.2799,-8.7954,0.8192,0.0,0.0,1.0,4.28,71,0,0.0,0.0,0.0,5.0,159,1.0,1.0,1.0,2.0,6.846,8.744507042253522,0.0,0.0,0.0,0.0,1.36e-06,2.667e-05,0.0603,0.2529
1156568,Methylovirgula,26,5.9497,0.0337,0.1727,0.0617,0.2861,-8.799,0.8147,0.0,0.0,1.0,4.0,146,0,0.0,0.0,0.0,1.2,200,1.0,1.0,1.485,2.0,6.196,9.770205479452056,0.0,0.0,0.0,0.0,3.508e-07,3.644e-05,0.0555,0.2555
302485,Phaeobacter,26,5.9497,0.0428,0.2168,0.0716,0.3275,-8.8125,0.7603,0.0,0.0,1.0,16.28,134,0,0.0,0.0,0.0,2.2,696,1.0,1.0,1.21,1.477,11.449,57.0,0.0,0.0,0.0,0.0,2.976e-07,2.482e-05,0.0665,0.3058
2767887,Ligilactobacillus,26,5.9497,0.0426,0.21,0.0976,0.423,-8.7637,0.9658,0.0,0.0,1.0,12.48,78,0,0.0,0.0,0.0,11.2,1090,1.0,1.0,1.08,1.963,6.093,11.123589743589745,0.0,0.0,0.0,0.0,1.2858e-06,0.0005374,0.093,0.405
35829,Acetivibrio,26,5.9497,0.0283,0.1328,0.0647,0.2915,-8.7925,0.8497,0.0,0.0,1.0,2.64,19,0,0.0,0.0,0.0,1.0,92,1.0,1.0,1.0,2.0,5.062,5.4,0.0,0.0,0.0,0.0,2.7e-07,0.0002918,0.0601,0.2694
239934,Akkermansia,26,5.9497,0.0325,0.171,0.0519,0.2419,-8.8315,0.6872,0.0,0.0,1.0,5.2,191,0,0.0,0.0,0.0,2.0,164,1.0,1.0,1.0,2.383,11.75,21.619371727748693,0.0,0.0,0.0,0.0,1.432e-07,1.886e-05,0.0459,0.214
1524217,Labilithrix,26,5.9497,0.0358,0.1905,0.0709,0.312,-8.8183,0.7375,0.0,0.0,1.0,6.28,588,0,0.0,0.0,0.0,3.4,461,1.0,1.0,1.23,1.965,9.865,16.6,0.0,0.0,0.0,0.0,2.816e-07,3.819e-05,0.0646,0.2847
2964429,Candida/Metschnikowiaceae,26,5.9497,0.0381,0.1974,0.0734,0.3025,-8.8229,0.709,0.0,0.0,1.0,7.0,600,0,0.0,0.0,0.0,5.4,76,1.0,4.75,7.62,16.325,51.034,352.0,0.0,0.0,0.0,0.0,4.209e-07,4.349e-06,0.0482,0.1974
262,Francisella,26,5.9497,0.0301,0.1435,0.0516,0.2262,-8.7714,0.9327,0.0,0.0,1.0,5.92,21,0,0.0,0.0,0.0,2.0,50,1.0,1.0,1.67,2.415,5.193,68.86,0.0,0.0,0.0,0.0,1.2028e-06,0.003982,0.045,0.2009
2680018,Rhodophyticola,26,5.9497,0.0361,0.1856,0.063,0.2632,-8.796,0.8155,0.0,0.0,1.0,7.28,123,0,0.0,0.0,0.0,5.4,71,1.0,1.044,2.0,3.0,19.189,42.8,0.0,0.0,0.0,0.0,1.5498e-06,1.387e-05,0.0532,0.2254
388463,Edaphobacter,26,5.9497,0.0362,0.1858,0.0699,0.3066,-8.7997,0.808,0.0,0.0,1.0,7.56,223,0,0.0,0.0,0.0,2.0,134,1.0,1.0,1.095,2.0,8.493,10.317040358744395,0.0,0.0,0.0,0.0,4.744e-07,2.002e-05,0.0644,0.2814
28196,Arcobacter,26,5.9497,0.0317,0.1498,0.0663,0.2957,-8.7868,0.8589,0.0,0.0,1.0,4.64,50,0,0.0,0.0,0.0,2.2,134,1.0,1.0,1.062,1.469,5.112,14.252,0.0,0.0,0.0,0.0,7.913e-07,2.426e-05,0.0628,0.2812
33071,Gloeobacter,26,5.9497,0.0359,0.1747,0.0432,0.1879,-8.8224,0.7121,0.0,0.0,1.0,10.0,48,0,0.0,0.0,0.0,2.0,45,1.0,1.0,3.25,18.3,506.0,669.0,0.0,0.0,0.0,0.0,4.958e-07,8.401e-06,0.0319,0.1544
359407,Methylotenera,26,5.9497,0.0436,0.199,0.0851,0.3629,-8.7715,0.9193,0.0,0.0,1.0,9.0,122,0,0.0,0.0,0.0,2.6,215,1.0,1.0,1.22,1.829,9.324,11.278333333333334,0.0,0.0,0.0,0.0,9.683e-07,6.747e-05,0.0803,0.3426
166953,Kaistia,26,5.9497,0.0324,0.1677,0.0637,0.2808,-8.804,0.7919,0.0,0.0,1.0,6.56,109,0,0.0,0.0,0.0,3.0,150,1.0,1.0,1.0,1.785,7.072,13.8,0.0,0.0,0.0,0.0,5.94e-07,2.97e-05,0.059,0.2558
1070314,Halorussus,26,5.9497,0.058,0.3141,0.0825,0.4344,-8.7959,0.8425,0.0,0.0,1.0,54.64,1802,0,0.0,0.0,0.0,2.0,15471,1.0,1.0,1.043,1.982,11.931,22.0,0.0,0.0,0.0,0.0,3.547e-07,0.0003989,0.0772,0.4175
3044698,Cyvirus,26,5.9497,0.0215,0.0937,0.0413,0.1776,-8.7541,0.9825,0.0,0.0,1.0,1.64,10,0,0.0,0.0,0.0,1.0,18,1.0,1.0,1.225,2.0,11.85,22.5,0.0,0.0,0.0,0.0,3.744e-06,5.94e-05,0.0413,0.1776
1911577,Oryzomicrobium,25,5.7208,0.0319,0.1545,0.0722,0.3157,-8.7885,0.8689,0.0,0.0,1.0,7.2,42,0,0.0,0.0,0.0,3.0,111,1.0,1.0,1.6,2.27,7.176,16.7,0.0,0.0,0.0,0.0,9.083e-07,3.361e-05,0.0664,0.2933
48075,Marinobacterium,25,5.7208,0.0327,0.1653,0.0578,0.2577,-8.8163,0.7532,0.0,0.0,1.0,6.56,96,0,0.0,0.0,0.0,3.0,117,1.0,1.0,1.415,2.0,2.923,8.828437500000001,0.0,0.0,0.0,0.0,6.148e-07,9.632e-06,0.0536,0.2355
133193,Alkalilimnicola,25,5.7208,0.0328,0.1524,0.0625,0.2697,-8.7973,0.8297,0.0,0.0,1.0,5.64,30,0,0.0,0.0,0.0,4.0,81,1.0,1.0,1.07,1.9,3.694,9.45,0.0,0.0,0.0,0.0,1.276e-06,2.584e-05,0.0583,0.2511
85108,Halorhodospira,25,5.7208,0.035,0.1738,0.0562,0.2498,-8.801,0.8166,0.0,0.0,1.0,7.0,82,0,0.0,0.0,0.0,3.0,128,1.0,1.33,1.887,3.0,11.2,24.86647058823529,0.0,0.0,0.0,0.0,1.152e-06,4.108e-05,0.0479,0.2187
1273155,Thiohalobacter,25,5.7208,0.0347,0.1726,0.0568,0.2545,-8.7913,0.8555,0.0,0.0,1.0,5.0,86,0,0.0,0.0,0.0,2.2,73,1.0,1.0,1.503,2.0,6.932,13.172441860465115,0.0,0.0,0.0,0.0,1.1029e-06,3.125e-05,0.0513,0.2294
1934947,Immundisolibacter,25,5.7208,0.0286,0.1462,0.0582,0.2533,-8.8014,0.8139,0.0,0.0,1.0,3.0,117,0,0.0,0.0,0.0,2.2,108,1.0,1.0,1.41,2.0,8.776,9.579999999999998,0.0,0.0,0.0,0.0,7.321e-07,3.594e-05,0.0522,0.2268
2831955,Pikeienuella,25,5.7208,0.0338,0.1743,0.0528,0.2468,-8.8173,0.756,0.0,0.0,1.0,8.56,114,0,0.0,0.0,0.0,1.0,114,1.0,1.0,1.0,1.63,14.7,19.0,0.0,0.0,0.0,0.0,2.382e-07,2.715e-05,0.0487,0.227
907364,Phytohabitans,25,5.7208,0.0381,0.1935,0.0589,0.2691,-8.833,0.6904,0.0,0.0,1.0,8.0,157,0,0.0,0.0,0.0,1.2,129,1.0,1.0,1.0,2.0,9.08,11.777297297297297,0.0,0.0,0.0,0.0,1.376e-07,9.435e-06,0.0538,0.2425
2000,Streptosporangium,25,5.7208,0.0284,0.1491,0.0568,0.2523,-8.8327,0.6901,0.0,0.0,1.0,3.64,140,0,0.0,0.0,0.0,2.0,124,1.0,1.0,1.0,1.67,2.0,9.15,0.0,0.0,0.0,0.0,2.047e-07,1.269e-05,0.054,0.2363
1569,Sporosarcina,25,5.7208,0.035,0.1678,0.059,0.2681,-8.8108,0.7811,0.0,0.0,1.0,7.64,42,0,0.0,0.0,0.0,2.0,96,1.0,1.0,1.623,2.4,5.762,83.0,0.0,0.0,0.0,0.0,2.742e-07,3.39e-05,0.0536,0.2499
1344552,Noviherbaspirillum,25,5.7208,0.0375,0.181,0.0728,0.3206,-8.7959,0.8415,0.0,0.0,1.0,8.0,121,0,0.0,0.0,0.0,1.4,133,1.0,1.0,1.62,2.18,6.592,9.52,0.0,0.0,0.0,0.0,3.161e-07,3.003e-05,0.0665,0.2904
449972,Chelativorans,25,5.7208,0.0359,0.1826,0.0714,0.3101,-8.8019,0.8144,0.0,0.0,1.0,4.0,96,0,0.0,0.0,0.0,2.6,135,1.0,1.0,1.33,1.61,7.498,9.28,0.0,0.0,0.0,0.0,4.778e-07,2.481e-05,0.066,0.2847
120652,Methylocella,25,5.7208,0.0418,0.2199,0.0763,0.3395,-8.7954,0.8408,0.0,0.0,1.0,9.64,216,0,0.0,0.0,0.0,4.2,355,1.0,1.0,1.17,2.0,7.325,10.524489795918369,0.0,0.0,0.0,0.0,1.0026e-06,4.917e-05,0.0713,0.3125
2854186,Pseudosulfitobacter,25,5.7208,0.0337,0.1743,0.0749,0.3367,-8.812,0.7796,0.0,0.0,1.0,3.64,91,0,0.0,0.0,0.0,2.4,519,1.0,1.0,1.0,1.812,6.372,13.5,0.0,0.0,0.0,0.0,2.422e-07,4.397e-05,0.0712,0.3239
522,Acidiphilium,25,5.7208,0.027,0.133,0.0411,0.1791,-8.8067,0.7888,0.0,0.0,1.0,3.0,31,0,0.0,0.0,0.0,1.2,15,1.0,1.0,1.5,3.2,6.548,12.03225806451613,0.0,0.0,0.0,0.0,9.168e-07,9.255e-06,0.0357,0.1543
1186,Calothrix,25,5.7208,0.0389,0.2023,0.0638,0.3027,-8.8306,0.7015,0.0,0.0,1.0,6.92,160,0,0.0,0.0,0.0,2.0,944,1.0,1.0,1.125,2.0,17.233,56.8,0.0,0.0,0.0,0.0,1.86e-07,3.529e-05,0.059,0.283
146865,Pseudoloma,25,5.7208,0.0384,0.1693,0.0544,0.2216,-8.8119,0.7646,0.0,0.0,1.0,8.56,16,0,0.0,0.0,0.0,7.0,13,2.0,4.92,7.29,14.3,25.02,32.6,0.0,0.0,0.0,0.0,1.715e-06,3.184e-06,0.034,0.1413
3026546,Duffyella,25,5.7208,0.0421,0.2158,0.1137,0.4889,-8.7591,0.9941,0.0,0.0,1.0,10.0,212,0,0.0,0.0,0.0,18.2,1635,1.0,1.0,1.18,1.62,12.19,14.4,0.0,0.0,0.0,0.0,3.2192e-06,0.0002892,0.1071,0.4594
666508,Phycisphaera,25,5.7208,0.0271,0.1272,0.0569,0.2512,-8.8095,0.7833,0.0,0.0,1.0,2.64,14,0,0.0,0.0,0.0,1.2,52,1.0,1.17,2.0,3.87,8.232,14.1,0.0,0.0,0.0,0.0,3.149e-07,1.365e-05,0.0481,0.2123
5140,Neurospora,25,5.7208,0.0379,0.2403,0.0527,0.2438,-8.8639,0.5677,0.0,0.0,1.0,4.64,7712,0,0.0,0.0,0.0,1.2,148,1.0,1.0,1.56,2.33,19.571,198.60191908713693,0.0,0.0,0.0,0.0,4.77e-08,4.957e-06,0.0455,0.204
32012,Thiomonas,24,5.492,0.0369,0.187,0.0626,0.2971,-8.8041,0.8284,0.0,0.0,1.0,8.92,124,0,0.0,0.0,0.0,2.0,333,1.0,1.0,1.53,2.647,7.099,13.5,0.0,0.0,0.0,0.0,6.285e-07,0.0001047,0.0557,0.2625
305976,Pusillimonas,24,5.492,0.0389,0.1868,0.0579,0.2657,-8.8183,0.7617,0.0,0.0,1.0,12.0,71,0,0.0,0.0,0.0,1.2,77,1.0,1.65,2.0,2.614,15.501,33.6,0.0,0.0,0.0,0.0,3.289e-07,1.179e-05,0.0498,0.2331
2891324,Pseudothauera,24,5.492,0.0422,0.2222,0.0854,0.3838,-8.7763,0.9416,0.0,0.0,1.0,19.64,230,0,0.0,0.0,0.0,5.0,953,1.0,1.0,1.26,2.208,13.55,39.6,0.0,0.0,0.0,0.0,1.7574e-06,0.0003349,0.0781,0.3549
413496,Cronobacter,24,5.492,0.0309,0.1568,0.0464,0.2194,-8.8329,0.704,0.0,0.0,1.0,5.64,69,0,0.0,0.0,0.0,1.0,129,1.0,1.0,1.103,2.619,12.569,16.22222222222222,0.0,0.0,0.0,0.0,1.562e-07,4.14e-05,0.0418,0.1955
1330546,Pluralibacter,24,5.492,0.0287,0.1447,0.0511,0.2413,-8.8291,0.7196,0.0,0.0,1.0,5.0,35,0,0.0,0.0,0.0,1.0,120,1.0,1.0,1.0,2.035,6.318,7.9065714285714295,0.0,0.0,0.0,0.0,1.966e-07,2.073e-05,0.0471,0.2194
1903858,Pseudorhizobium,24,5.492,0.0323,0.1653,0.0616,0.2895,-8.8091,0.806,0.0,0.0,1.0,5.64,68,0,0.0,0.0,0.0,1.0,139,1.0,1.0,1.0,1.96,6.335,8.628676470588236,0.0,0.0,0.0,0.0,3.15e-07,3.906e-05,0.0573,0.2668
6,Azorhizobium,24,5.492,0.0356,0.1927,0.0717,0.3292,-8.8052,0.8236,0.0,0.0,1.0,6.0,207,0,0.0,0.0,0.0,1.8,404,1.0,1.0,1.44,1.948,5.767,7.8,0.0,0.0,0.0,0.0,3.555e-07,7.978e-05,0.0662,0.3024
599653,Tropicibacter,24,5.492,0.0297,0.1503,0.0598,0.2679,-8.8111,0.7928,0.0,0.0,1.0,4.64,72,0,0.0,0.0,0.0,1.6,85,1.0,1.0,1.605,1.82,7.726,10.3,0.0,0.0,0.0,0.0,4.159e-07,2.209e-05,0.054,0.2407
92944,Ketogulonicigenium,24,5.492,0.033,0.1603,0.0615,0.2821,-8.8046,0.8299,0.0,0.0,1.0,9.56,23,0,0.0,0.0,0.0,1.0,119,1.0,1.0,1.49,2.606,8.276,10.8,0.0,0.0,0.0,0.0,2.364e-07,0.0003188,0.0548,0.2539
577469,Demequina,24,5.492,0.0328,0.1755,0.068,0.3059,-8.7953,0.859,0.0,0.0,1.0,5.64,163,0,0.0,0.0,0.0,3.0,196,1.0,1.0,1.0,1.347,7.999,9.187607361963192,0.0,0.0,0.0,0.0,1.216e-06,4.377e-05,0.0642,0.2876
83677,Thermobifida,24,5.492,0.0374,0.193,0.0656,0.3348,-8.8113,0.8133,0.0,0.0,1.0,9.28,168,0,0.0,0.0,0.0,1.0,1454,1.0,1.0,1.267,2.749,9.553,17.0,0.0,0.0,0.0,0.0,2.313e-07,0.0004139,0.0599,0.3103
400634,Lysinibacillus,24,5.492,0.0333,0.1688,0.061,0.2889,-8.795,0.8783,0.0,0.0,1.0,5.28,103,0,0.0,0.0,0.0,1.2,155,1.0,1.0,1.166,1.777,3.597,15.694368932038834,0.0,0.0,0.0,0.0,3.518e-07,0.0003476,0.0573,0.2695
76831,Myroides,24,5.492,0.0302,0.1539,0.0545,0.2656,-8.8162,0.7812,0.0,0.0,1.0,4.64,83,0,0.0,0.0,0.0,1.0,1168,1.0,1.0,1.095,2.044,3.0,6.711,0.0,0.0,0.0,0.0,1.937e-07,0.0003832,0.0513,0.2523
2731450,Limnoglobus,24,5.492,0.0396,0.1999,0.0659,0.3052,-8.8259,0.7393,0.0,0.0,1.0,11.56,69,0,0.0,0.0,0.0,1.0,167,1.0,1.0,1.355,1.91,8.438,10.6,0.0,0.0,0.0,0.0,1.102e-07,1.841e-05,0.0604,0.2803
58842,Sagittula,24,5.492,0.0347,0.1771,0.0619,0.2763,-8.8154,0.7744,0.0,0.0,1.0,8.0,105,0,0.0,0.0,0.0,3.0,113,1.0,1.0,1.345,2.513,10.609,19.0,0.0,0.0,0.0,0.0,5.798e-07,2.184e-05,0.0551,0.247
85,Hyphomonas,24,5.492,0.0305,0.1596,0.0548,0.2589,-8.8204,0.7538,0.0,0.0,1.0,6.56,65,0,0.0,0.0,0.0,2.0,193,1.0,1.0,1.418,2.049,8.795,13.0,0.0,0.0,0.0,0.0,5.497e-07,1.498e-05,0.0495,0.2316
458839,Actinotalea,24,5.492,0.0303,0.1893,0.0665,0.3009,-8.7994,0.8426,0.0,0.0,1.0,2.64,1160,0,0.0,0.0,0.0,3.2,780,1.0,1.0,1.0,1.573,8.928,14.5,0.0,0.0,0.0,0.0,9.784e-07,0.0002385,0.0625,0.2765
2701,Gardnerella,24,5.492,0.0267,0.1492,0.0868,0.3939,-8.7699,0.9692,0.0,0.0,1.0,2.64,231,0,0.0,0.0,0.0,2.0,1076,1.0,1.0,1.0,1.22,3.149,9.354155844155846,0.0,0.0,0.0,0.0,7.267e-07,0.0004615,0.084,0.3814
5455,Colletotrichum,24,5.492,0.034,0.2105,0.0569,0.2551,-8.8727,0.541,0.0,0.0,1.0,4.28,2502,0,0.0,0.0,0.0,1.2,101,1.0,1.0,1.295,2.535,62.455,627.0,0.0,0.0,0.0,0.0,2.73e-08,2.298e-06,0.0472,0.2087
2732160,Candidatus Prometheoarchaeum,24,5.492,0.0321,0.1682,0.0626,0.2657,-8.8101,0.791,0.0,0.0,1.0,4.28,254,0,0.0,0.0,0.0,4.0,24,1.0,1.575,2.11,3.185,19.702,33.0,0.0,0.0,0.0,0.0,9.121e-07,5.473e-06,0.0518,0.2203
1705353,Aurantimicrobium,24,5.492,0.0304,0.1467,0.0701,0.3151,-8.7825,0.914,0.0,0.0,1.0,6.28,24,0,0.0,0.0,0.0,1.0,101,1.0,1.0,1.215,2.0,8.539,11.0,0.0,0.0,0.0,0.0,5.977e-07,5.678e-05,0.0652,0.2971
441,Gluconobacter,24,5.492,0.0332,0.1598,0.0671,0.2932,-8.7992,0.8394,0.0,0.0,1.0,4.64,72,0,0.0,0.0,0.0,3.0,79,1.0,1.0,1.54,1.998,8.339,10.538194444444445,0.0,0.0,0.0,0.0,1.0432e-06,2.287e-05,0.0623,0.2716
512381,Acidisoma,24,5.492,0.0372,0.1998,0.0637,0.2785,-8.8114,0.7889,0.0,0.0,1.0,10.56,208,0,0.0,0.0,0.0,4.0,86,1.0,1.0,1.325,2.518,14.44,16.4,0.0,0.0,0.0,0.0,8.328e-07,1.79e-05,0.0561,0.2448
2709686,Novosphingopyxis,23,5.2632,0.0354,0.183,0.0536,0.2598,-8.8172,0.7892,0.0,0.0,1.0,11.0,78,0,0.0,0.0,0.0,1.0,351,1.0,1.04,1.42,2.0,13.88,14.4,0.0,0.0,0.0,0.0,3.468e-07,0.0001217,0.048,0.2387
2800788,Erythrobacter/Porphyrobacter group,23,5.2632,0.0317,0.1785,0.1111,0.4958,-8.8247,0.7604,0.0,0.0,1.0,6.56,149,0,0.0,0.0,0.0,11.6,3289,1.0,1.06,1.34,2.105,10.068,11.1,0.0,0.0,0.0,0.0,1.959e-07,5.555e-05,0.1041,0.4627
1649457,Homoserinibacter,23,5.2632,0.0298,0.1454,0.0543,0.2467,-8.8134,0.7988,0.0,0.0,1.0,5.28,16,0,0.0,0.0,0.0,1.4,65,1.0,1.0,1.18,1.775,10.759,11.199999999999998,0.0,0.0,0.0,0.0,5.301e-07,2.461e-05,0.0493,0.2264
53357,Intrasporangium,23,5.2632,0.0339,0.1807,0.0661,0.2974,-8.8102,0.8139,0.0,0.0,1.0,7.2,238,0,0.0,0.0,0.0,3.2,198,1.0,1.0,1.0,1.495,8.374,12.655126050420169,0.0,0.0,0.0,0.0,7.088e-07,4.598e-05,0.0619,0.2779
2828348,Occultella,23,5.2632,0.0267,0.1447,0.048,0.2214,-8.8371,0.6992,0.0,0.0,1.0,4.0,110,0,0.0,0.0,0.0,1.2,77,1.0,1.0,1.0,1.535,7.402,10.2,0.0,0.0,0.0,0.0,2.221e-07,1.425e-05,0.0443,0.2025
369926,Brooklawnia,23,5.2632,0.0306,0.1605,0.0652,0.3146,-8.8058,0.841,0.0,0.0,1.0,5.64,67,0,0.0,0.0,0.0,2.0,219,1.0,1.0,1.0,2.12,8.874,16.0,0.0,0.0,0.0,0.0,6.594e-07,7.221e-05,0.0603,0.295
1546255,Mumia,23,5.2632,0.0322,0.1702,0.0582,0.2683,-8.8188,0.7785,0.0,0.0,1.0,5.28,204,0,0.0,0.0,0.0,1.2,192,1.0,1.0,1.25,3.415,6.019,12.5,0.0,0.0,0.0,0.0,3.013e-07,4.821e-05,0.0517,0.2353
65496,Actinoalloteichus,23,5.2632,0.0343,0.1781,0.0507,0.2438,-8.8307,0.7312,0.0,0.0,1.0,8.84,105,0,0.0,0.0,0.0,1.2,104,1.0,1.0,1.0,2.016,10.45,23.996060606060606,0.0,0.0,0.0,0.0,1.979e-07,3.405e-05,0.0466,0.2271
130795,Crossiella,23,5.2632,0.0326,0.1705,0.0509,0.2394,-8.8449,0.6694,0.0,0.0,1.0,6.92,125,0,0.0,0.0,0.0,1.0,96,1.0,1.0,1.0,1.685,10.61,14.0,0.0,0.0,0.0,0.0,1.158e-07,1.112e-05,0.0465,0.2196
2837506,Niallia,23,5.2632,0.0395,0.2443,0.095,0.4738,-8.7902,0.9345,0.0,0.0,1.0,8.84,3044,0,0.0,0.0,0.0,2.0,140627,1.0,1.0,1.0,1.456,2.206,19.189915966386554,0.0,0.0,0.0,0.0,1.921e-07,0.03055,0.0922,0.4615
29330,Alicyclobacillus,23,5.2632,0.0383,0.2055,0.0563,0.2765,-8.8331,0.7217,0.0,0.0,1.0,9.92,126,0,0.0,0.0,0.0,1.0,267,1.0,1.0,1.31,3.958,19.391,27.20137931034483,0.0,0.0,0.0,0.0,1.988e-07,5.433e-05,0.0512,0.2501
286104,Winogradskyella,23,5.2632,0.0286,0.1397,0.0477,0.2338,-8.8392,0.6934,0.0,0.0,1.0,5.0,28,0,0.0,0.0,0.0,1.0,98,1.0,1.0,1.331,2.0,5.136,14.1,0.0,0.0,0.0,0.0,1.737e-07,8.149e-06,0.0434,0.2147
2691417,Lacipirellula,23,5.2632,0.0339,0.1852,0.0663,0.3051,-8.8225,0.765,0.0,0.0,1.0,7.28,63,0,0.0,0.0,0.0,1.2,248,1.0,1.0,1.0,1.47,7.512,9.03,0.0,0.0,0.0,0.0,1.747e-07,3.612e-05,0.0623,0.2859
43927,Halobaculum,23,5.2632,0.0552,0.3244,0.0846,0.4698,-8.7983,0.902,0.0,0.0,1.0,67.36,2618,0,0.0,0.0,0.0,1.0,25719,1.0,1.0,1.0,1.75,9.053,10.4725,0.0,0.0,0.0,0.0,2.512e-07,0.002708,0.0811,0.4562
2184,Methanococcus,23,5.2632,0.0243,0.1285,0.0347,0.1869,-8.8293,0.7373,0.0,0.0,1.0,2.64,27,0,0.0,0.0,0.0,1.0,98,1.0,1.0,1.0,1.0,1.832,2.0,0.0,0.0,0.0,0.0,5.395e-07,5.168e-05,0.0338,0.1805
50,Chondromyces,23,5.2632,0.0247,0.1311,0.0431,0.2147,-8.8609,0.6054,0.0,0.0,1.0,3.0,75,0,0.0,0.0,0.0,1.0,79,1.0,1.0,1.17,2.15,14.96,25.0,0.0,0.0,0.0,0.0,8.92e-08,7.048e-06,0.0384,0.1926
28231,Geobacter,23,5.2632,0.0306,0.1602,0.0485,0.2279,-8.8365,0.7032,0.0,0.0,1.0,6.64,45,0,0.0,0.0,0.0,1.0,61,1.0,1.0,2.0,2.5,12.782,16.6,0.0,0.0,0.0,0.0,1.398e-07,7.89e-06,0.0429,0.2029
83770,Succinivibrio,23,5.2632,0.0196,0.0918,0.0337,0.1736,-8.8584,0.6144,0.0,0.0,1.0,1.0,7,0,0.0,0.0,0.0,1.0,35,1.0,1.0,1.0,1.975,3.297,7.0,0.0,0.0,0.0,0.0,1.725e-07,6.038e-06,0.0314,0.1642
267408,Arsenicicoccus,23,5.2632,0.0318,0.1762,0.0576,0.2684,-8.8147,0.796,0.0,0.0,1.0,6.28,255,0,0.0,0.0,0.0,2.0,200,1.0,1.0,1.0,1.64,8.858,35.0,0.0,0.0,0.0,0.0,6.118e-07,6.118e-05,0.0539,0.2523
47251,Leptolyngbya,23,5.2632,0.0329,0.1719,0.0575,0.2779,-8.8309,0.7305,0.0,0.0,1.0,5.64,112,0,0.0,0.0,0.0,1.0,264,1.0,1.0,1.2,1.938,11.728,41.18000000000001,0.0,0.0,0.0,0.0,2.176e-07,3.797e-05,0.0535,0.2608
171163,Halosimplex,23,5.2632,0.0485,0.2951,0.0802,0.4227,-8.8024,0.8719,0.0,0.0,1.0,17.0,2012,0,0.0,0.0,0.0,2.0,12499,1.0,1.206,1.871,2.006,4.56,9.647058823529411,0.0,0.0,0.0,0.0,4.995e-07,0.001634,0.0745,0.4058
2050,Mobiluncus,23,5.2632,0.0314,0.1558,0.0806,0.3746,-8.7838,0.9345,0.0,0.0,1.0,6.28,71,0,0.0,0.0,0.0,1.0,261,1.0,1.0,1.0,1.362,6.8,8.774788732394367,0.0,0.0,0.0,0.0,4.018e-07,0.0001062,0.0768,0.3585
2995706,Streptantibioticus,23,5.2632,0.03,0.1575,0.0399,0.1958,-8.8545,0.6301,0.0,0.0,1.0,6.92,99,0,0.0,0.0,0.0,1.0,36,1.0,1.0,1.33,2.815,10.8,12.3,0.0,0.0,0.0,0.0,1.413e-07,5.087e-06,0.035,0.1725
1653174,Actinotignum,23,5.2632,0.0274,0.1357,0.0674,0.3164,-8.7959,0.8794,0.0,0.0,1.0,4.0,43,0,0.0,0.0,0.0,1.2,158,1.0,1.0,1.0,1.39,5.6,10.401627906976744,0.0,0.0,0.0,0.0,6.549e-07,7.47e-05,0.0643,0.3032
2018044,Candidatus Vallotia,23,5.2632,0.0363,0.1767,0.0473,0.2192,-8.806,0.8289,0.0,0.0,1.0,8.28,39,0,0.0,0.0,0.0,1.0,58,1.0,1.649,3.0,5.706,13.7,21.483333333333334,0.0,0.0,0.0,0.0,9.075e-07,3.611e-05,0.0395,0.1917
40544,Sutterella,23,5.2632,0.0278,0.1532,0.0545,0.2636,-8.8184,0.7834,0.0,0.0,1.0,3.64,117,0,0.0,0.0,0.0,1.0,211,1.0,1.0,1.567,2.0,5.944,8.331111111111111,0.0,0.0,0.0,0.0,3.443e-07,5.302e-05,0.0499,0.2373
2838250,Kaustia,23,5.2632,0.0324,0.1798,0.0603,0.2826,-8.819,0.7795,0.0,0.0,1.0,6.92,131,0,0.0,0.0,0.0,2.0,160,1.0,1.0,1.45,1.84,10.814,16.0,0.0,0.0,0.0,0.0,4.497e-07,3.598e-05,0.0543,0.2544
2676781,Aquisediminimonas,23,5.2632,0.0292,0.1558,0.0595,0.2765,-8.8135,0.8019,0.0,0.0,1.0,5.28,59,0,0.0,0.0,0.0,2.0,125,1.0,1.0,2.0,4.595,7.73,25.3,0.0,0.0,0.0,0.0,5.962e-07,3.726e-05,0.0518,0.2426
1844015,Pontivivens,23,5.2632,0.027,0.1437,0.0516,0.2427,-8.8265,0.7464,0.0,0.0,1.0,4.28,78,0,0.0,0.0,0.0,1.2,79,1.0,1.0,1.21,1.9,9.003,10.5,0.0,0.0,0.0,0.0,3e-07,1.975e-05,0.047,0.2208
2299,Desulfosarcina,23,5.2632,0.0268,0.1345,0.0363,0.1719,-8.8556,0.6192,0.0,0.0,1.0,3.0,40,0,0.0,0.0,0.0,1.2,38,1.0,1.0,2.0,5.5,20.115,27.0,0.0,0.0,0.0,0.0,2.509e-07,5.838e-06,0.0295,0.1454
1054211,Sulfuritalea,22,5.0343,0.0335,0.1708,0.0579,0.2699,-8.8223,0.7809,0.0,0.0,0.2,7.28,52,0,0.0,0.0,0.0,0.2,58,1.0,1.105,1.945,2.6,6.711,33.6,0.0,0.0,0.0,0.0,5.54e-08,1.607e-05,0.0508,0.2392
1330545,Lelliottia,22,5.0343,0.0332,0.1675,0.0822,0.3888,-8.8098,0.8445,0.0,0.0,0.2,8.64,42,0,0.0,0.0,0.0,0.2,593,1.0,1.0,1.368,2.477,7.0,7.95047619047619,0.0,0.0,0.0,0.0,3.14e-08,0.0001048,0.0777,0.3728
3020832,Alloalcanivorax,22,5.0343,0.0314,0.1716,0.0553,0.26,-8.8272,0.7577,0.0,0.0,0.2,5.64,97,0,0.0,0.0,0.0,0.4,104,1.0,1.0,1.538,3.103,9.743,16.770192307692305,0.0,0.0,0.0,0.0,1.14e-07,2.963e-05,0.0493,0.2299
2034504,Sulfurivermis,22,5.0343,0.0309,0.1664,0.0774,0.3695,-8.7971,0.8966,0.0,0.0,0.2,5.64,97,0,0.0,0.0,0.0,0.4,658,1.0,1.0,1.0,1.392,3.016,10.5,0.0,0.0,0.0,0.0,1.347e-07,0.0002216,0.0746,0.3572
226,Alteromonas,22,5.0343,0.0303,0.1637,0.0471,0.2472,-8.8483,0.6935,0.0,0.0,0.2,4.92,51,0,0.0,0.0,0.0,0.2,159,1.0,1.0,1.275,2.0,10.534,18.576666666666664,0.0,0.0,0.0,0.0,1.43e-08,6.254e-05,0.0432,0.2305
1082930,Pelagibacterium,22,5.0343,0.0269,0.1449,0.0428,0.2105,-8.8424,0.6933,0.0,0.0,0.2,3.0,60,0,0.0,0.0,0.0,0.2,82,1.0,1.0,1.345,2.825,10.921,13.0,0.0,0.0,0.0,0.0,5.45e-08,1.307e-05,0.0383,0.191
2795377,Pelagovum,22,5.0343,0.0279,0.1522,0.0531,0.2558,-8.8294,0.7524,0.0,0.0,0.2,3.0,80,0,0.0,0.0,0.0,0.2,81,1.0,1.0,1.615,3.0,7.698,14.7,0.0,0.0,0.0,0.0,5.14e-08,2.083e-05,0.0471,0.2255
2126281,Mycolicibacillus,22,5.0343,0.0286,0.1578,0.05,0.2379,-8.8319,0.7376,0.0,0.0,0.2,6.28,114,0,0.0,0.0,0.0,0.2,121,1.0,1.0,1.22,2.0,8.9,9.833684210526316,0.0,0.0,0.0,0.0,5.66e-08,1.813e-05,0.0455,0.2184
427753,Humibacter,22,5.0343,0.0243,0.1214,0.0498,0.2388,-8.8334,0.7338,0.0,0.0,0.2,3.0,30,0,0.0,0.0,0.0,0.2,97,1.0,1.0,1.0,1.39,3.598,9.7,0.0,0.0,0.0,0.0,5.06e-08,2.452e-05,0.0467,0.2226
947525,Miniimonas,22,5.0343,0.0277,0.1454,0.0634,0.2936,-8.8151,0.8121,0.0,0.0,0.2,4.64,58,0,0.0,0.0,0.0,0.2,89,1.0,1.0,1.0,1.367,10.455,16.1,0.0,0.0,0.0,0.0,5.8e-08,2.581e-05,0.0596,0.2733
754249,Luteimicrobium,22,5.0343,0.0241,0.1356,0.045,0.2136,-8.8382,0.7106,0.0,0.0,0.2,2.64,130,0,0.0,0.0,0.0,0.2,82,1.0,1.0,1.0,1.575,2.0,12.3,0.0,0.0,0.0,0.0,5.1e-08,2.093e-05,0.0425,0.1981
102106,Collinsella,22,5.0343,0.0311,0.1655,0.0845,0.3872,-8.8042,0.8606,0.0,0.0,0.2,6.28,126,0,0.0,0.0,0.0,0.4,469,1.0,1.0,1.05,1.452,3.44,10.5,0.0,0.0,0.0,0.0,5.34e-08,6.259e-05,0.0809,0.3707
1870884,Clostridioides,22,5.0343,0.0373,0.1874,0.0774,0.3574,-8.79,0.978,0.0,0.0,0.2,12.92,38,0,0.0,0.0,0.0,0.2,293,1.0,1.0,1.314,1.731,4.087,4.841666666666666,0.0,0.0,0.0,0.0,2.9e-08,0.01203,0.0732,0.3386
518753,Luteolibacter,22,5.0343,0.0383,0.2316,0.0623,0.3047,-8.8323,0.7435,0.0,0.0,0.2,8.84,1560,0,0.0,0.0,0.0,0.2,663,1.0,1.0,1.295,2.212,13.203,41.38897435897436,0.0,0.0,0.0,0.0,3.14e-08,9.245e-05,0.0561,0.2712
2576890,Nibricoccus,22,5.0343,0.0243,0.1263,0.0574,0.268,-8.828,0.7556,0.0,0.0,0.2,3.0,35,0,0.0,0.0,0.0,0.2,361,1.0,1.0,1.0,1.665,9.429,9.93,0.0,0.0,0.0,0.0,4.26e-08,7.688e-05,0.0537,0.2515
872,Desulfovibrio,22,5.0343,0.0365,0.1869,0.059,0.2875,-8.835,0.7317,0.0,0.0,0.2,11.64,120,0,0.0,0.0,0.0,0.2,157,1.0,1.02,1.549,3.014,10.715,12.890833333333331,0.0,0.0,0.0,0.0,2.29e-08,3.492e-05,0.0549,0.2712
152161,Stappia,22,5.0343,0.0274,0.1548,0.0501,0.2441,-8.8365,0.7212,0.0,0.0,0.2,3.64,154,0,0.0,0.0,0.0,0.4,187,1.0,1.0,1.085,1.955,5.923,8.68,0.0,0.0,0.0,0.0,8.52e-08,3.984e-05,0.0456,0.2183
1484898,Methyloceanibacter,22,5.0343,0.027,0.1474,0.0492,0.233,-8.8309,0.7423,0.0,0.0,0.2,3.0,69,0,0.0,0.0,0.0,0.2,93,1.0,1.0,1.0,1.85,5.523,16.43623188405797,0.0,0.0,0.0,0.0,6.54e-08,1.971e-05,0.0452,0.2123
2723776,Lichenihabitans,22,5.0343,0.0299,0.175,0.0522,0.2545,-8.8274,0.7599,0.0,0.0,0.2,3.64,246,0,0.0,0.0,0.0,0.2,193,1.0,1.0,1.0,1.532,9.323,11.608130081300812,0.0,0.0,0.0,0.0,6.25e-08,4.097e-05,0.0481,0.2286
665568,Paraoerskovia,22,5.0343,0.0244,0.1378,0.044,0.2108,-8.8353,0.7237,0.0,0.0,0.2,2.0,103,0,0.0,0.0,0.0,0.2,86,1.0,1.0,1.0,1.387,2.38,7.44,0.0,0.0,0.0,0.0,6.25e-08,2.686e-05,0.0415,0.1957
332248,Truepera,22,5.0343,0.03,0.1593,0.0594,0.2891,-8.8181,0.8034,0.0,0.0,0.2,3.28,67,0,0.0,0.0,0.0,0.4,400,1.0,1.0,1.2,1.772,14.68,25.3,0.0,0.0,0.0,0.0,1.246e-07,0.0001246,0.0542,0.2712
29175,Neospora,22,5.0343,0.0318,0.1515,0.0436,0.2074,-8.8925,0.4911,0.0,0.0,0.2,6.64,13,0,0.0,0.0,0.0,0.6,124,1.5325,4.135,8.335,12.9,29.235,87.2,0.0,0.0,0.0,0.0,1.09e-08,1.652e-05,0.028,0.1565
10,Cellvibrio,22,5.0343,0.0297,0.1601,0.0668,0.3228,-8.8306,0.746,0.0,0.0,0.2,5.92,33,0,0.0,0.0,0.0,0.2,764,1.0,1.0,1.0,1.61,2.904,8.07090909090909,0.0,0.0,0.0,0.0,3.85e-08,6.622e-05,0.0641,0.3106
1499987,Prymnesium kappa virus,22,5.0343,0.0242,0.1353,0.0697,0.312,-8.7878,0.9257,0.0,0.0,0.2,2.0,35,0,0.0,0.0,0.0,1.2,125,1.0,1.272,1.325,1.725,4.289,5.919999999999999,0.0,0.0,0.0,0.0,8.56e-07,8.917e-05,0.0697,0.312
1330547,Kosakonia,22,5.0343,0.0356,0.1857,0.0469,0.2343,-8.8389,0.7117,0.0,0.0,0.2,10.28,66,0,0.0,0.0,0.0,0.2,166,1.0,1.0,1.633,3.625,18.836,29.0,0.0,0.0,0.0,0.0,2.96e-08,2.624e-05,0.0421,0.2124
1676142,Wenzhouxiangella,22,5.0343,0.0289,0.1465,0.0453,0.2187,-8.8394,0.7053,0.0,0.0,0.2,4.0,59,0,0.0,0.0,0.0,0.2,75,1.0,1.047,1.827,2.0,6.745,13.0,0.0,0.0,0.0,0.0,5.57e-08,1.226e-05,0.0405,0.198
472568,Devriesea,22,5.0343,0.0239,0.1202,0.0339,0.1616,-8.8456,0.6768,0.0,0.0,0.2,3.0,16,0,0.0,0.0,0.0,0.2,14,1.0,1.425,5.75,11.925,18.925,22.399999999999995,0.0,0.0,0.0,0.0,6.84e-08,4.79e-06,0.0238,0.1215
69965,Macrococcus,22,5.0343,0.0283,0.153,0.0587,0.2949,-8.8168,0.8156,0.0,0.0,0.2,4.0,95,0,0.0,0.0,0.0,0.2,422,1.0,1.0,1.368,2.132,10.558,11.0,0.0,0.0,0.0,0.0,2.95e-08,7.051e-05,0.0544,0.2744
160674,Raoultella,22,5.0343,0.0252,0.1378,0.0559,0.2776,-8.8253,0.7741,0.0,0.0,0.2,3.0,92,0,0.0,0.0,0.0,0.2,467,1.0,1.0,1.0,1.124,1.678,10.719782608695654,0.0,0.0,0.0,0.0,5.65e-08,8.95e-05,0.0546,0.2685
713,Actinobacillus,22,5.0343,0.0339,0.1856,0.0584,0.2899,-8.8089,0.8567,0.0,0.0,0.2,10.56,148,0,0.0,0.0,0.0,0.2,271,1.0,1.0,1.0,1.641,15.41,21.166666666666668,0.0,0.0,0.0,0.0,3.18e-08,0.001434,0.056,0.2749
1004303,Ferruginibacter,22,5.0343,0.0346,0.2027,0.0598,0.2953,-8.8233,0.7812,0.0,0.0,0.2,4.64,305,0,0.0,0.0,0.0,0.2,374,1.0,1.0,1.0,1.749,17.183,22.79785046728972,0.0,0.0,0.0,0.0,5.38e-08,5.672e-05,0.0553,0.2683
180252,Mardivirus,22,5.0343,0.0171,0.0765,0.0338,0.1644,-8.7819,0.9527,0.0,0.0,0.2,1.0,3,0,0.0,0.0,0.0,0.2,21,1.0,1.0,1.0,1.478,2.348,4.0,0.0,0.0,0.0,0.0,1.3384e-06,8.82e-05,0.0338,0.1644
1511809,Betapartitivirus,22,5.0343,0.019,0.0928,0.0371,0.1734,-8.7015,1.2995,0.0,0.0,0.2,1.0,10,0,0.0,0.0,0.0,0.2,22,1.0,1.27,2.435,4.447,11.15,13.08,0.0,0.0,0.0,0.0,4.32e-05,0.002804,0.0371,0.1734
34019,Liberibacter,22,5.0343,0.0368,0.212,0.06,0.2888,-8.7642,1.0756,0.0,0.0,0.2,10.76,517,0,0.0,0.0,0.0,0.2,156,1.0,1.0,1.601,3.605,17.538,73.18520309477756,0.0,0.0,0.0,0.0,1.736e-07,0.007615,0.0546,0.2593
34084,Riemerella,22,5.0343,0.0339,0.1929,0.0608,0.3065,-8.8294,0.7593,0.0,0.0,0.2,11.12,130,0,0.0,0.0,0.0,0.2,677,1.0,1.0,1.201,1.845,6.809,18.7,0.0,0.0,0.0,0.0,2.45e-08,7.307e-05,0.0563,0.2847
359336,Castellaniella,21,4.8055,0.026,0.1445,0.0575,0.273,-8.8269,0.7783,0.0,0.0,0.0,3.0,76,0,0.0,0.0,0.0,0.0,124,1.0,1.0,1.33,1.82,3.92,6.34,0.0,0.0,0.0,0.0,0.0,3.519e-05,0.0538,0.2528
568394,Pseudogulbenkiania,21,4.8055,0.0286,0.1607,0.0572,0.2663,-8.8292,0.7655,0.0,0.0,0.0,5.56,66,0,0.0,0.0,0.0,0.0,78,1.0,1.0,1.08,1.47,11.9,45.70000000000001,0.0,0.0,0.0,0.0,0.0,1.98e-05,0.0529,0.2464
376488,Halotalea,21,4.8055,0.0261,0.1376,0.0506,0.2483,-8.8385,0.7295,0.0,0.0,0.0,3.0,54,0,0.0,0.0,0.0,0.0,128,1.0,1.0,1.25,1.69,8.5,11.0,0.0,0.0,0.0,0.0,0.0,3.091e-05,0.0467,0.2309
413435,Solimonas,21,4.8055,0.0301,0.1773,0.0534,0.2656,-8.8398,0.7253,0.0,0.0,0.0,5.56,267,0,0.0,0.0,0.0,0.0,194,1.0,1.0,1.0,2.0,7.62,11.5,0.0,0.0,0.0,0.0,0.0,3.766e-05,0.049,0.2414
986106,Acidiferrobacter,21,4.8055,0.0232,0.1318,0.0384,0.1898,-8.845,0.6962,0.0,0.0,0.0,2.0,56,0,0.0,0.0,0.0,0.0,59,1.0,1.0,1.12,4.738,10.677,19.3,0.0,0.0,0.0,0.0,0.0,1.878e-05,0.0324,0.1576
72173,Citromicrobium,21,4.8055,0.0292,0.1645,0.0506,0.2509,-8.8312,0.7619,0.0,0.0,0.0,3.64,126,0,0.0,0.0,0.0,0.0,266,1.0,1.0,1.18,2.0,4.4,12.5,0.0,0.0,0.0,0.0,0.0,9.039e-05,0.0468,0.2327
1751296,Sinirhodobacter,21,4.8055,0.029,0.164,0.0595,0.2896,-8.8215,0.8062,0.0,0.0,0.0,5.92,119,0,0.0,0.0,0.0,0.0,164,1.0,1.0,1.0,1.17,1.94,15.1,0.0,0.0,0.0,0.0,0.0,5.614e-05,0.0572,0.2765
238783,Pseudorhodobacter,21,4.8055,0.0261,0.1472,0.0496,0.2457,-8.8385,0.7292,0.0,0.0,0.0,6.64,40,0,0.0,0.0,0.0,0.0,574,1.0,1.0,1.0,2.0,8.05,9.64,0.0,0.0,0.0,0.0,0.0,0.0001434,0.0451,0.2267
1649466,Marinicauda,21,4.8055,0.0238,0.1302,0.055,0.2674,-8.8283,0.7742,0.0,0.0,0.0,2.64,68,0,0.0,0.0,0.0,0.0,119,1.0,1.0,1.43,2.0,4.12,9.28,0.0,0.0,0.0,0.0,0.0,3.657e-05,0.0511,0.2464
1434022,Naasia,21,4.8055,0.0263,0.144,0.0495,0.2361,-8.8337,0.7479,0.0,0.0,0.0,4.64,91,0,0.0,0.0,0.0,0.0,63,1.0,1.0,1.0,1.83,9.52,11.800000000000002,0.0,0.0,0.0,0.0,0.0,2.006e-05,0.0451,0.2142
1230698,Marisediminicola,21,4.8055,0.0279,0.1469,0.0488,0.2341,-8.8346,0.7443,0.0,0.0,0.0,4.0,39,0,0.0,0.0,0.0,0.0,64,1.0,1.0,1.5,2.15,9.14,11.9,0.0,0.0,0.0,0.0,0.0,2.042e-05,0.0431,0.2088
1911549,Raineyella,21,4.8055,0.0287,0.1571,0.0541,0.2573,-8.8308,0.7614,0.0,0.0,0.0,4.28,82,0,0.0,0.0,0.0,0.0,79,1.0,1.0,1.0,1.31,8.34,9.24,0.0,0.0,0.0,0.0,0.0,2.267e-05,0.0499,0.2333
142577,Prauserella,21,4.8055,0.0275,0.1489,0.0499,0.2339,-8.8487,0.6794,0.0,0.0,0.0,4.28,102,0,0.0,0.0,0.0,0.0,38,1.0,1.0,1.74,2.0,9.0,11.9,0.0,0.0,0.0,0.0,0.0,5.626e-06,0.0443,0.2079
2994361,Protofrankia,21,4.8055,0.0317,0.1761,0.0505,0.2466,-8.8422,0.7127,0.0,0.0,0.0,4.64,209,0,0.0,0.0,0.0,0.0,125,1.0,1.0,1.24,3.0,13.0,14.5,0.0,0.0,0.0,0.0,0.0,2.533e-05,0.0444,0.2138
1047167,Zymoseptoria,21,4.8055,0.0313,0.1877,0.0611,0.3172,-8.8585,0.6488,0.0,0.0,0.0,3.64,579,0,0.0,0.0,0.0,0.0,1040,1.0,1.0,1.0,2.0,9.024,99.44835924006908,0.0,0.0,0.0,0.0,0.0,1.828e-05,0.057,0.2974
180541,Salinisphaera,21,4.8055,0.0302,0.1554,0.0536,0.2472,-8.8333,0.7461,0.0,0.0,0.0,6.64,19,0,0.0,0.0,0.0,0.0,41,1.0,1.0,1.26,2.5,12.1,12.3,0.0,0.0,0.0,0.0,0.0,1.027e-05,0.0473,0.2182
1775688,Jiella,21,4.8055,0.0263,0.1521,0.0575,0.2721,-8.8362,0.7365,0.0,0.0,0.0,2.64,113,0,0.0,0.0,0.0,0.0,155,1.0,1.0,1.12,1.96,4.26,9.28,0.0,0.0,0.0,0.0,0.0,2.793e-05,0.053,0.2478
1485594,Methyloligella,21,4.8055,0.0273,0.1545,0.0468,0.2319,-8.8367,0.7365,0.0,0.0,0.0,3.0,94,0,0.0,0.0,0.0,0.0,112,1.0,1.0,1.25,2.0,4.56,12.3,0.0,0.0,0.0,0.0,0.0,3.587e-05,0.0425,0.2068
841,Roseburia,21,4.8055,0.0247,0.1491,0.0699,0.3404,-8.8116,0.8647,0.0,0.0,0.0,2.64,205,0,0.0,0.0,0.0,0.0,225,1.0,1.0,1.0,1.054,1.57,14.61121951219512,0.0,0.0,0.0,0.0,0.0,0.007959,0.0681,0.3304
73918,Thermaerobacter,21,4.8055,0.0281,0.1641,0.0462,0.2386,-8.8388,0.7296,0.0,0.0,0.0,4.0,220,0,0.0,0.0,0.0,0.0,177,1.0,1.0,1.0,2.0,16.0,83.52645454545453,0.0,0.0,0.0,0.0,0.0,6.424e-05,0.0411,0.2185
5864,Babesia,21,4.8055,0.0313,0.1599,0.0355,0.1623,-8.8732,0.5662,0.0,0.0,0.0,6.28,32,0,0.0,0.0,0.0,0.0,14,1.0,19.7,30.125,46.2,85.3,140.0,0.0,0.0,0.0,0.0,0.0,1.101e-06,0.0156,0.0833
252301,Oceanicola,21,4.8055,0.0219,0.1161,0.0444,0.2147,-8.8439,0.7025,0.0,0.0,0.0,2.0,21,0,0.0,0.0,0.0,0.0,48,1.0,1.0,1.24,2.36,7.14,8.33,0.0,0.0,0.0,0.0,0.0,1.235e-05,0.0399,0.1934
2732017,Epseptimavirus,21,4.8055,0.0211,0.1113,0.0409,0.1843,-8.6984,1.3443,0.0,0.0,0.0,2.0,21,0,0.0,0.0,0.0,0.0,9,1.0,2.0,5.33,6.22,160.0,190.0,0.0,0.0,0.0,0.0,0.0,0.002818,0.0409,0.1843
780,Rickettsia,21,4.8055,0.0351,0.2319,0.0551,0.2765,-8.7954,0.922,0.0,0.0,0.0,5.28,1355,0,0.0,0.0,0.0,0.0,413,1.0,1.0,1.37,3.742,68.162,149.5587673611111,0.0,0.0,0.0,0.0,0.0,0.0002115,0.05,0.2555
2885697,Gephyromycinifex,21,4.8055,0.0237,0.1265,0.0469,0.2288,-8.8381,0.7295,0.0,0.0,0.0,3.64,49,0,0.0,0.0,0.0,0.0,61,1.0,1.0,1.08,1.92,8.23,14.7,0.0,0.0,0.0,0.0,0.0,1.822e-05,0.0428,0.2098
1755825,Egicoccus,21,4.8055,0.0284,0.1644,0.048,0.2311,-8.8394,0.7225,0.0,0.0,0.0,4.92,80,0,0.0,0.0,0.0,0.0,103,1.0,1.0,2.67,5.67,16.0,19.4,0.0,0.0,0.0,0.0,0.0,2.664e-05,0.0395,0.1955
55080,Brevibacillus,21,4.8055,0.0353,0.1811,0.0544,0.2691,-8.8285,0.7884,0.0,0.0,0.0,8.0,70,0,0.0,0.0,0.0,0.0,127,1.0,1.0,1.417,4.499,10.0,11.775428571428572,0.0,0.0,0.0,0.0,0.0,0.0001322,0.0498,0.2491
906,Megasphaera,21,4.8055,0.0266,0.1425,0.0562,0.2922,-8.827,0.787,0.0,0.0,0.0,4.28,42,0,0.0,0.0,0.0,0.0,429,1.0,1.0,1.02,2.0,13.3,16.0,0.0,0.0,0.0,0.0,0.0,0.0001376,0.0528,0.2781
2603324,Acidibrevibacterium,21,4.8055,0.0336,0.2019,0.0445,0.2208,-8.8434,0.7071,0.0,0.0,0.0,5.0,484,0,0.0,0.0,0.0,0.0,89,1.0,1.0,1.4,3.0,9.73,59.0,0.0,0.0,0.0,0.0,0.0,2.377e-05,0.0373,0.1801
2478349,Indioceanicola,21,4.8055,0.0256,0.1518,0.0492,0.2451,-8.8447,0.7031,0.0,0.0,0.0,2.0,90,0,0.0,0.0,0.0,0.0,108,1.0,1.0,1.12,2.0,4.01,8.97,0.0,0.0,0.0,0.0,0.0,2.104e-05,0.0454,0.2235
1543705,Nitrospirillum,21,4.8055,0.0249,0.1366,0.0493,0.2441,-8.8517,0.673,0.0,0.0,0.0,3.0,69,0,0.0,0.0,0.0,0.0,70,1.0,1.0,1.14,2.0,3.18,17.8,0.0,0.0,0.0,0.0,0.0,9.927e-06,0.0455,0.2242
1612157,Pararhodospirillum,21,4.8055,0.0229,0.1258,0.0475,0.2273,-8.8391,0.7234,0.0,0.0,0.0,2.64,65,0,0.0,0.0,0.0,0.0,79,1.0,1.0,1.1,1.67,2.17,18.2,0.0,0.0,0.0,0.0,0.0,2.142e-05,0.044,0.2072
1427149,Halomicroarcula,21,4.8055,0.0653,0.3806,0.0969,0.5343,-8.8108,0.8797,0.0,0.0,0.0,155.16,7734,0,0.0,0.0,0.0,0.0,75400,1.0,1.0,1.029,1.5,9.0,10.959646464646463,0.0,0.0,0.0,0.0,0.0,0.00293,0.0937,0.5219
63743,Natronomonas,21,4.8055,0.0727,0.4256,0.0988,0.5433,-8.7877,1.0008,0.0,0.0,0.0,245.32,17659,0,0.0,0.0,0.0,0.0,57543,1.0,1.0,1.036,2.174,8.249,9.0,0.0,0.0,0.0,0.0,0.0,0.01254,0.0954,0.5266
1148163,Paralcaligenes,20,4.5767,0.022,0.114,0.0431,0.212,-8.8527,0.6791,0.0,0.0,0.0,4.0,18,0,0.0,0.0,0.0,0.0,36,1.0,1.0,1.183,2.348,4.859,14.0,0.0,0.0,0.0,0.0,0.0,6.035e-06,0.039,0.1933
299568,Uruburuella,20,4.5767,0.0274,0.1517,0.0454,0.2422,-8.842,0.7323,0.0,0.0,0.0,5.0,87,0,0.0,0.0,0.0,0.0,997,1.0,1.0,1.228,1.655,6.296,11.921333333333333,0.0,0.0,0.0,0.0,0.0,0.0002373,0.0422,0.2301
1914449,Rugosibacter,20,4.5767,0.0252,0.1367,0.0574,0.2913,-8.8287,0.7955,0.0,0.0,0.0,4.64,53,0,0.0,0.0,0.0,0.0,177,1.0,1.0,1.01,1.757,3.92,32.8,0.0,0.0,0.0,0.0,0.0,6.261e-05,0.0544,0.2818
2772198,Sulfurimicrobium,20,4.5767,0.0252,0.1418,0.0495,0.2386,-8.8416,0.729,0.0,0.0,0.0,3.0,55,0,0.0,0.0,0.0,0.0,71,1.0,1.0,1.215,2.0,12.35,15.2,0.0,0.0,0.0,0.0,0.0,1.93e-05,0.045,0.2194
406099,Aquisalimonas,20,4.5767,0.0282,0.1561,0.0506,0.2483,-8.8417,0.7315,0.0,0.0,0.0,5.64,112,0,0.0,0.0,0.0,0.0,78,1.0,1.0,1.24,1.562,3.835,10.2,0.0,0.0,0.0,0.0,0.0,2.049e-05,0.0474,0.2327
1760987,Methylomagnum,20,4.5767,0.025,0.1542,0.0429,0.2149,-8.8554,0.6684,0.0,0.0,0.0,2.0,222,0,0.0,0.0,0.0,0.0,62,1.0,1.0,1.5,2.0,4.478,18.3,0.0,0.0,0.0,0.0,0.0,1.244e-05,0.0385,0.1911
745410,Gallaecimonas,20,4.5767,0.0248,0.142,0.0434,0.2126,-8.8498,0.6916,0.0,0.0,0.0,4.92,79,0,0.0,0.0,0.0,0.0,55,1.0,1.0,1.0,2.315,8.901,9.2,0.0,0.0,0.0,0.0,0.0,9.833e-06,0.0388,0.1905
1434019,Mameliella,20,4.5767,0.0288,0.163,0.0506,0.2529,-8.8484,0.7025,0.0,0.0,0.0,6.28,98,0,0.0,0.0,0.0,0.0,87,1.0,1.0,1.22,2.0,7.272,7.32,0.0,0.0,0.0,0.0,0.0,1.632e-05,0.0463,0.23
50709,Acidocella,20,4.5767,0.0258,0.1418,0.0473,0.2416,-8.8442,0.723,0.0,0.0,0.0,4.64,74,0,0.0,0.0,0.0,0.0,84,1.0,1.0,1.165,2.85,5.269,13.8,0.0,0.0,0.0,0.0,0.0,2.39e-05,0.042,0.2142
110934,Agreia,20,4.5767,0.027,0.1387,0.0587,0.2811,-8.8292,0.7859,0.0,0.0,0.0,6.64,14,0,0.0,0.0,0.0,0.0,229,1.0,1.0,1.45,2.305,5.071,9.83,0.0,0.0,0.0,0.0,0.0,6.978e-05,0.0538,0.2583
255204,Pseudoclavibacter,20,4.5767,0.0197,0.0952,0.0541,0.2752,-8.8252,0.8107,0.0,0.0,0.0,3.0,4,0,0.0,0.0,0.0,0.0,104,1.0,1.0,1.14,1.895,4.397,5.66,0.0,0.0,0.0,0.0,0.0,5.327e-05,0.051,0.2617
908935,Yimella,20,4.5767,0.0245,0.1451,0.0459,0.2321,-8.8424,0.7289,0.0,0.0,0.0,2.64,125,0,0.0,0.0,0.0,0.0,159,1.0,1.0,1.0,1.963,4.198,12.7,0.0,0.0,0.0,0.0,0.0,5.198e-05,0.0425,0.2115
1851,Saccharomonospora,20,4.5767,0.0279,0.1674,0.0444,0.2352,-8.8535,0.6827,0.0,0.0,0.0,4.64,150,0,0.0,0.0,0.0,0.0,112,1.0,1.0,1.125,2.0,20.008,25.488461538461536,0.0,0.0,0.0,0.0,0.0,1.942e-05,0.0394,0.2116
674734,Alloactinosynnema,20,4.5767,0.025,0.1471,0.0469,0.2303,-8.8575,0.6586,0.0,0.0,0.0,3.64,149,0,0.0,0.0,0.0,0.0,86,1.0,1.0,1.0,1.835,7.38,10.8,0.0,0.0,0.0,0.0,0.0,1.235e-05,0.0431,0.2113
1961799,Lacunisphaera,20,4.5767,0.022,0.1212,0.0496,0.2521,-8.8451,0.7195,0.0,0.0,0.0,3.0,42,0,0.0,0.0,0.0,0.0,60,1.0,1.0,1.0,1.772,3.639,9.51,0.0,0.0,0.0,0.0,0.0,1.446e-05,0.0463,0.2343
983507,Ponticoccus,20,4.5767,0.0263,0.1431,0.0485,0.2505,-8.8488,0.7044,0.0,0.0,0.0,5.92,52,0,0.0,0.0,0.0,0.0,74,1.0,1.0,1.32,1.91,3.506,11.400000000000002,0.0,0.0,0.0,0.0,0.0,1.594e-05,0.0447,0.2303
529883,Rhodoluna,20,4.5767,0.0297,0.1551,0.0558,0.2769,-8.8239,0.8119,0.0,0.0,0.0,6.64,31,0,0.0,0.0,0.0,0.0,99,1.0,1.009,1.24,1.79,8.213,36.0,0.0,0.0,0.0,0.0,0.0,3.767e-05,0.0515,0.2608
35823,Arthrospira,20,4.5767,0.0384,0.2209,0.0963,0.465,-8.8006,0.9242,0.0,0.0,0.0,24.72,170,0,0.0,0.0,0.0,0.0,3603,1.0,1.0,1.15,2.0,12.595,60.0,0.0,0.0,0.0,0.0,0.0,0.0006618,0.0911,0.4452
1754,Thermoanaerobacter,20,4.5767,0.0223,0.1222,0.051,0.2483,-8.8114,0.8676,0.0,0.0,0.0,2.64,20,0,0.0,0.0,0.0,0.0,65,1.0,1.083,1.422,1.768,11.728,21.757777777777775,0.0,0.0,0.0,0.0,0.0,0.0001238,0.0461,0.2223
86331,Mogibacterium,20,4.5767,0.0355,0.1892,0.0893,0.4201,-8.7931,0.9513,0.0,0.0,0.0,8.56,106,0,0.0,0.0,0.0,0.0,727,1.0,1.0,1.155,2.0,9.85,12.7,0.0,0.0,0.0,0.0,0.0,0.0002759,0.0846,0.4001
1648508,Ciceribacter,20,4.5767,0.029,0.1577,0.0487,0.2365,-8.8474,0.7035,0.0,0.0,0.0,6.28,73,0,0.0,0.0,0.0,0.0,53,1.0,1.13,1.42,5.072,10.139,16.0,0.0,0.0,0.0,0.0,0.0,1.133e-05,0.0423,0.207
2831925,Pukyongiella,20,4.5767,0.0321,0.1709,0.0589,0.2901,-8.8326,0.774,0.0,0.0,0.0,11.2,38,0,0.0,0.0,0.0,0.0,279,1.0,1.0,1.485,2.07,24.245,25.1,0.0,0.0,0.0,0.0,0.0,7.24e-05,0.0527,0.2663
1004301,Flavihumibacter,20,4.5767,0.0297,0.165,0.042,0.2164,-8.857,0.6614,0.0,0.0,0.0,6.92,51,0,0.0,0.0,0.0,0.0,97,1.0,1.0,1.525,2.75,12.014,12.288235294117648,0.0,0.0,0.0,0.0,0.0,1.384e-05,0.0371,0.1943
1348508,Roseimicrobium,20,4.5767,0.0319,0.1928,0.0547,0.2739,-8.8516,0.6894,0.0,0.0,0.0,6.92,212,0,0.0,0.0,0.0,0.0,235,1.0,1.0,1.8,7.2,18.615,30.3,0.0,0.0,0.0,0.0,0.0,2.978e-05,0.0453,0.226
2093823,Candidatus Nanosynbacter,20,4.5767,0.0296,0.1649,0.0677,0.3319,-8.7985,0.9292,0.0,0.0,0.0,5.0,48,0,0.0,0.0,0.0,0.0,956,1.0,1.0,1.04,1.465,14.033,27.6,0.0,0.0,0.0,0.0,0.0,0.000617,0.0638,0.3177
171,Leptospira,20,4.5767,0.0252,0.1384,0.0339,0.1815,-8.8735,0.6012,0.0,0.0,0.0,5.56,18,0,0.0,0.0,0.0,0.0,42,1.0,1.248,1.75,6.071,8.139,10.785714285714286,0.0,0.0,0.0,0.0,0.0,0.0003223,0.0291,0.1591
4895,Schizosaccharomyces,19,4.3478,0.0281,0.2009,0.0299,0.1659,-8.8957,0.4977,0.0,0.0,0.0,3.0,3492,0,0.0,0.0,0.0,0.0,51,1.0,3.0,4.967,16.82,93.837,601.7035796105384,0.0,0.0,0.0,0.0,0.0,1.95e-06,0.0202,0.1167
1056,Thiocapsa,19,4.3478,0.0277,0.1581,0.0404,0.2142,-8.8667,0.6358,0.0,0.0,0.0,9.76,46,0,0.0,0.0,0.0,0.0,73,1.0,1.0,1.5,3.635,10.113,20.0,0.0,0.0,0.0,0.0,0.0,9.857e-06,0.0351,0.1858
78526,Allorhizobium,19,4.3478,0.0241,0.1441,0.0364,0.1873,-8.8671,0.6304,0.0,0.0,0.0,3.0,66,0,0.0,0.0,0.0,0.0,43,1.0,1.5,1.83,3.0,9.161,12.5,0.0,0.0,0.0,0.0,0.0,8.919e-06,0.0305,0.1603
1573407,Paradevosia,19,4.3478,0.0273,0.1514,0.0434,0.2227,-8.8569,0.68,0.0,0.0,0.0,4.64,35,0,0.0,0.0,0.0,0.0,101,1.0,1.0,1.43,2.855,9.355,14.8,0.0,0.0,0.0,0.0,0.0,2.376e-05,0.0383,0.1991
478070,Labrenzia,19,4.3478,0.0248,0.1372,0.0563,0.2844,-8.8555,0.6824,0.0,0.0,0.0,4.92,31,0,0.0,0.0,0.0,0.0,180,1.0,1.0,1.532,2.305,8.597,8.964166666666666,0.0,0.0,0.0,0.0,0.0,1.053e-05,0.0514,0.2585
1742974,Pyruvatibacter,19,4.3478,0.0208,0.118,0.0407,0.2066,-8.8545,0.6895,0.0,0.0,0.0,2.0,37,0,0.0,0.0,0.0,0.0,61,1.0,1.0,1.0,1.85,5.175,6.57,0.0,0.0,0.0,0.0,0.0,1.892e-05,0.0375,0.186
2800682,Paraurantiacibacter,19,4.3478,0.025,0.1452,0.0468,0.2397,-8.8427,0.7469,0.0,0.0,0.0,3.64,27,0,0.0,0.0,0.0,0.0,107,1.0,1.0,1.23,2.02,13.16,29.0,0.0,0.0,0.0,0.0,0.0,4.381e-05,0.042,0.2161
309512,Dinoroseobacter,19,4.3478,0.0319,0.1814,0.0482,0.2445,-8.8505,0.7098,0.0,0.0,0.0,12.76,65,0,0.0,0.0,0.0,0.0,99,1.0,1.0,1.36,2.595,10.31,12.2,0.0,0.0,0.0,0.0,0.0,2.446e-05,0.0424,0.2155
2919626,Yangia,19,4.3478,0.0243,0.1392,0.0431,0.226,-8.8599,0.6689,0.0,0.0,0.0,4.0,68,0,0.0,0.0,0.0,0.0,57,1.0,1.0,1.0,1.93,5.998,12.1,0.0,0.0,0.0,0.0,0.0,1.214e-05,0.0393,0.2048
1195526,Gryllotalpicola,19,4.3478,0.0198,0.1189,0.0371,0.1934,-8.8602,0.6636,0.0,0.0,0.0,1.64,60,0,0.0,0.0,0.0,0.0,49,1.0,1.0,1.0,1.285,2.762,9.62,0.0,0.0,0.0,0.0,0.0,1.416e-05,0.035,0.1814
2805681,Yinghuangia,19,4.3478,0.0253,0.1507,0.0415,0.2208,-8.8716,0.6154,0.0,0.0,0.0,3.64,175,0,0.0,0.0,0.0,0.0,128,1.0,1.0,1.54,1.93,4.71,11.1,0.0,0.0,0.0,0.0,0.0,1.615e-05,0.0378,0.1984
2995702,Actinacidiphila,19,4.3478,0.026,0.1483,0.0394,0.1977,-8.8712,0.6098,0.0,0.0,0.0,4.64,65,0,0.0,0.0,0.0,0.0,37,1.0,1.0,1.33,2.0,12.87,13.5,0.0,0.0,0.0,0.0,0.0,5.023e-06,0.035,0.1791
2920401,Natronosporangium,19,4.3478,0.0234,0.1421,0.0403,0.2046,-8.865,0.6403,0.0,0.0,0.0,2.0,53,0,0.0,0.0,0.0,0.0,47,1.0,1.0,1.6,2.79,9.709,14.2,0.0,0.0,0.0,0.0,0.0,8.549e-06,0.0347,0.1734
147067,Thermobispora,19,4.3478,0.0216,0.1338,0.0479,0.2492,-8.8511,0.7115,0.0,0.0,0.0,2.64,121,0,0.0,0.0,0.0,0.0,111,1.0,1.0,1.17,1.845,3.326,6.256033057851239,0.0,0.0,0.0,0.0,0.0,3.038e-05,0.0449,0.2335
2737,Vagococcus,19,4.3478,0.0234,0.1268,0.0418,0.2273,-8.8545,0.6943,0.0,0.0,0.0,4.28,14,0,0.0,0.0,0.0,0.0,115,1.0,1.449,1.725,4.645,9.437,18.139999999999997,0.0,0.0,0.0,0.0,0.0,1.978e-05,0.036,0.2001
39948,Dialister,19,4.3478,0.0315,0.1721,0.0728,0.3682,-8.8068,0.9211,0.0,0.0,0.0,7.28,57,0,0.0,0.0,0.0,0.0,325,1.0,1.0,1.0,1.528,13.558,20.0,0.0,0.0,0.0,0.0,0.0,0.0002401,0.0689,0.3503
2494209,Capsulimonas,19,4.3478,0.0297,0.1906,0.0524,0.2728,-8.858,0.6794,0.0,0.0,0.0,4.64,1066,0,0.0,0.0,0.0,0.0,230,1.0,1.0,1.38,1.87,20.24,67.4,0.0,0.0,0.0,0.0,0.0,3.049e-05,0.0474,0.2489
257820,Kerstersia,19,4.3478,0.0216,0.1272,0.0538,0.2794,-8.8429,0.7486,0.0,0.0,0.0,2.64,70,0,0.0,0.0,0.0,0.0,179,1.0,1.0,1.03,1.325,3.81,15.6,0.0,0.0,0.0,0.0,0.0,4.772e-05,0.0511,0.2648
71655,Brenneria,19,4.3478,0.0218,0.1269,0.0326,0.1701,-8.8729,0.6021,0.0,0.0,0.0,2.64,46,0,0.0,0.0,0.0,0.0,33,1.0,1.0,1.0,1.661,6.442,10.421956521739132,0.0,0.0,0.0,0.0,0.0,6.162e-06,0.0299,0.1543
2800685,Pelagerythrobacter,19,4.3478,0.0242,0.1382,0.0505,0.2549,-8.84,0.7581,0.0,0.0,0.0,3.64,42,0,0.0,0.0,0.0,0.0,201,1.0,1.0,1.16,1.545,3.45,7.5,0.0,0.0,0.0,0.0,0.0,7.415e-05,0.0475,0.2394
2692113,Gleimia,19,4.3478,0.0221,0.117,0.0553,0.286,-8.8328,0.7959,0.0,0.0,0.0,4.0,15,0,0.0,0.0,0.0,0.0,106,1.0,1.0,1.06,1.278,2.403,6.030000000000001,0.0,0.0,0.0,0.0,0.0,5.296e-05,0.0533,0.2744
2843450,Sarumanvirus,19,4.3478,0.0345,0.1994,0.0601,0.2936,-8.7731,1.0682,0.0,0.0,0.0,9.64,414,0,0.0,0.0,0.0,0.0,124,1.0,1.0,1.157,1.642,4.557,27.571497584541063,0.0,0.0,0.0,0.0,0.0,0.0008573,0.0601,0.2936
5112,Epichloe,19,4.3478,0.0228,0.1278,0.041,0.2022,-8.8898,0.5226,0.0,0.0,0.0,3.64,55,0,0.0,0.0,0.0,0.0,41,1.0,1.0,1.0,1.65,10.78,13.3,0.0,0.0,0.0,0.0,0.0,2.022e-06,0.037,0.1809
2767353,Lancefieldella,19,4.3478,0.0368,0.1985,0.0846,0.4162,-8.7964,0.9631,0.0,0.0,0.0,11.92,73,0,0.0,0.0,0.0,0.0,749,1.0,1.0,1.12,1.26,10.14,11.4,0.0,0.0,0.0,0.0,0.0,0.0003277,0.0811,0.4024
227979,Jeotgalicoccus,19,4.3478,0.023,0.1324,0.0648,0.3224,-8.8264,0.8202,0.0,0.0,0.0,3.64,55,0,0.0,0.0,0.0,0.0,270,1.0,1.0,1.0,1.965,14.748,20.1875,0.0,0.0,0.0,0.0,0.0,5.041e-05,0.0609,0.3053
88723,Natrinema,19,4.3478,0.0519,0.3291,0.0814,0.4599,-8.8255,0.8539,0.0,0.0,0.0,101.08,3258,0,0.0,0.0,0.0,0.0,24455,1.0,1.0,1.0,1.814,2.869,9.186184210526317,0.0,0.0,0.0,0.0,0.0,0.002941,0.0791,0.447
2874214,Terrihabitans,19,4.3478,0.0281,0.1815,0.0528,0.2679,-8.8397,0.7608,0.0,0.0,0.0,4.56,152,0,0.0,0.0,0.0,0.0,148,1.0,1.0,1.25,1.96,8.974,15.4,0.0,0.0,0.0,0.0,0.0,4.932e-05,0.048,0.24
1765964,Acidihalobacter,19,4.3478,0.0232,0.1337,0.0319,0.1632,-8.8665,0.6325,0.0,0.0,0.0,2.64,35,0,0.0,0.0,0.0,0.0,29,1.0,1.0,1.0,2.0,6.391,7.300000000000001,0.0,0.0,0.0,0.0,0.0,8.424e-06,0.0278,0.1399
189330,Dorea,19,4.3478,0.0213,0.1131,0.064,0.3306,-8.8303,0.8111,0.0,0.0,0.0,2.64,10,0,0.0,0.0,0.0,0.0,724,1.0,1.0,1.02,1.69,4.249,5.23,0.0,0.0,0.0,0.0,0.0,0.0002025,0.0607,0.3164
1988031,Candidatus Promineifilum,19,4.3478,0.0253,0.1436,0.0422,0.2151,-8.8613,0.6591,0.0,0.0,0.0,3.64,106,0,0.0,0.0,0.0,0.0,39,1.0,1.51,1.83,2.93,6.02,15.199999999999998,0.0,0.0,0.0,0.0,0.0,7.879e-06,0.0359,0.1833
85072,Allochromatium,19,4.3478,0.0243,0.1399,0.0429,0.2147,-8.8532,0.6933,0.0,0.0,0.0,3.0,49,0,0.0,0.0,0.0,0.0,82,1.0,1.0,1.6,2.013,4.117,6.335510204081633,0.0,0.0,0.0,0.0,0.0,1.662e-05,0.0388,0.1925
1861863,Sinimarinibacterium,19,4.3478,0.0251,0.1424,0.0463,0.2333,-8.8466,0.7264,0.0,0.0,0.0,4.0,82,0,0.0,0.0,0.0,0.0,72,1.0,1.0,1.18,2.25,6.5,11.0,0.0,0.0,0.0,0.0,0.0,2.397e-05,0.0423,0.215
1763827,Hankyongella,19,4.3478,0.0262,0.1577,0.0533,0.2771,-8.8371,0.7762,0.0,0.0,0.0,2.64,71,0,0.0,0.0,0.0,0.0,235,1.0,1.0,1.0,1.47,4.765,11.2,0.0,0.0,0.0,0.0,0.0,8.928e-05,0.05,0.2549
104267,Tenacibaculum,19,4.3478,0.0297,0.1601,0.0471,0.2463,-8.8454,0.7643,0.0,0.0,0.0,8.28,33,0,0.0,0.0,0.0,0.0,152,1.0,1.0,1.5,2.0,4.578,6.0,0.0,0.0,0.0,0.0,0.0,0.004752,0.0444,0.2351
323449,Pontibacter,19,4.3478,0.0235,0.1429,0.0416,0.2165,-8.8656,0.6373,0.0,0.0,0.0,3.28,103,0,0.0,0.0,0.0,0.0,89,1.0,1.0,1.0,1.43,2.869,10.685048543689321,0.0,0.0,0.0,0.0,0.0,8.429e-06,0.0395,0.203
466152,Singulisphaera,19,4.3478,0.0328,0.2141,0.057,0.2982,-8.8573,0.6853,0.0,0.0,0.0,8.64,531,0,0.0,0.0,0.0,0.0,279,1.0,1.0,1.0,1.505,18.42,30.3,0.0,0.0,0.0,0.0,0.0,2.966e-05,0.0527,0.2714
2807511,Humisphaera,19,4.3478,0.0309,0.1977,0.0546,0.2952,-8.8551,0.6993,0.0,0.0,0.0,6.64,1034,0,0.0,0.0,0.0,0.0,681,1.0,1.0,1.15,1.79,15.96,24.6,0.0,0.0,0.0,0.0,0.0,9.606e-05,0.0501,0.271
890,Desulfuromonas,19,4.3478,0.0313,0.1839,0.0459,0.2424,-8.8578,0.6775,0.0,0.0,0.0,7.84,121,0,0.0,0.0,0.0,0.0,254,1.0,1.0,2.0,3.5,12.444,13.130434782608695,0.0,0.0,0.0,0.0,0.0,5.395e-05,0.0397,0.2116
1331051,Candidatus Saccharimonas,19,4.3478,0.0235,0.1322,0.0598,0.3021,-8.8123,0.8907,0.0,0.0,0.0,2.64,53,0,0.0,0.0,0.0,0.0,227,1.0,1.0,1.16,1.57,3.51,17.1,0.0,0.0,0.0,0.0,0.0,0.0002251,0.0568,0.2891
558016,Alphabaculovirus,19,4.3478,0.0211,0.1218,0.0312,0.1758,-8.8129,0.8842,0.0,0.0,0.0,2.0,18,0,0.0,0.0,0.0,0.0,51,1.0,1.0,1.0,2.946,8.35,16.0,0.0,0.0,0.0,0.0,0.0,0.0001598,0.0312,0.1758
204619,Candidatus Nardonella,19,4.3478,0.0249,0.1425,0.0398,0.2043,-8.8079,0.9066,0.0,0.0,0.0,7.0,40,0,0.0,0.0,0.0,0.0,36,1.0,1.0,1.272,3.016,32.906,250.85,0.0,0.0,0.0,0.0,0.0,0.0001295,0.0356,0.1839
1779136,Bradymonas,19,4.3478,0.0182,0.1002,0.0328,0.1672,-8.8721,0.6061,0.0,0.0,0.0,1.64,19,0,0.0,0.0,0.0,0.0,30,1.0,1.365,2.17,4.965,13.73,20.3,0.0,0.0,0.0,0.0,0.0,6.04e-06,0.0261,0.1381
1253,Pediococcus,19,4.3478,0.0272,0.1644,0.0612,0.3266,-8.84,0.7686,0.0,0.0,0.0,3.64,88,0,0.0,0.0,0.0,0.0,2651,1.0,1.0,1.0,1.503,8.101,17.106250000000003,0.0,0.0,0.0,0.0,0.0,0.0004761,0.0583,0.3135
5320,Pleurotus,19,4.3478,0.0252,0.1611,0.0527,0.265,-8.8843,0.5538,0.0,0.0,0.0,3.28,110,0,0.0,0.0,0.0,0.0,75,1.0,1.0,1.33,1.795,10.432,29.8,0.0,0.0,0.0,0.0,0.0,2.385e-06,0.0471,0.2336
29574,Taylorella,18,4.119,0.0214,0.1329,0.0434,0.2313,-8.7552,1.2084,0.0,0.0,0.0,3.0,103,0,0.0,0.0,0.0,0.0,128,1.0,1.0,1.0,1.803,9.261,26.94504854368932,0.0,0.0,0.0,0.0,0.0,0.01359,0.0394,0.2067
585890,Chitiniphilus,18,4.119,0.0225,0.1325,0.0451,0.236,-8.8579,0.6935,0.0,0.0,0.0,3.0,35,0,0.0,0.0,0.0,0.0,62,1.0,1.0,1.255,1.95,4.961,8.82,0.0,0.0,0.0,0.0,0.0,1.611e-05,0.0413,0.2143
2891322,Parazoarcus,18,4.119,0.026,0.1481,0.0473,0.2463,-8.868,0.6456,0.0,0.0,0.0,4.28,41,0,0.0,0.0,0.0,0.0,81,1.0,1.0,1.19,1.725,3.315,7.199999999999999,0.0,0.0,0.0,0.0,0.0,1.046e-05,0.0443,0.2297
138117,Quatrionicoccus,18,4.119,0.0229,0.1355,0.0509,0.2617,-8.8514,0.7252,0.0,0.0,0.0,4.0,70,0,0.0,0.0,0.0,0.0,71,1.0,1.0,1.205,1.827,3.908,8.6,0.0,0.0,0.0,0.0,0.0,1.888e-05,0.0475,0.2443
1915401,Roseitalea,18,4.119,0.0287,0.1717,0.0462,0.2423,-8.8542,0.7118,0.0,0.0,0.0,9.64,71,0,0.0,0.0,0.0,0.0,173,1.0,1.045,1.785,3.377,12.145,12.4,0.0,0.0,0.0,0.0,0.0,5.16e-05,0.0399,0.2114
1406135,Breoghania,18,4.119,0.0223,0.1315,0.043,0.2305,-8.8643,0.6646,0.0,0.0,0.0,2.0,56,0,0.0,0.0,0.0,0.0,133,1.0,1.0,1.185,1.685,4.173,10.2,0.0,0.0,0.0,0.0,0.0,2.778e-05,0.0396,0.2086
84756,Beutenbergia,18,4.119,0.0196,0.1117,0.0378,0.2018,-8.8692,0.6397,0.0,0.0,0.0,2.0,30,0,0.0,0.0,0.0,0.0,57,1.0,1.0,1.0,1.86,2.664,6.429999999999999,0.0,0.0,0.0,0.0,0.0,1.28e-05,0.0354,0.1883
39845,Actinokineospora,18,4.119,0.026,0.1554,0.0419,0.2163,-8.8709,0.6297,0.0,0.0,0.0,4.0,190,0,0.0,0.0,0.0,0.0,82,1.0,1.0,1.19,1.865,6.329,10.8,0.0,0.0,0.0,0.0,0.0,1.254e-05,0.038,0.1955
40566,Actinosynnema,18,4.119,0.0239,0.1389,0.0382,0.1986,-8.8711,0.6275,0.0,0.0,0.0,4.92,29,0,0.0,0.0,0.0,0.0,50,1.0,1.0,1.0,2.548,11.075,12.16551724137931,0.0,0.0,0.0,0.0,0.0,5.706e-06,0.0341,0.1766
2078948,Epidermidibacterium,18,4.119,0.0226,0.1376,0.0497,0.273,-8.8539,0.7207,0.0,0.0,0.0,3.28,91,0,0.0,0.0,0.0,0.0,198,1.0,1.0,1.095,1.515,2.942,6.47,0.0,0.0,0.0,0.0,0.0,5.181e-05,0.0472,0.2602
1055323,Aeribacillus,18,4.119,0.0275,0.172,0.0819,0.4188,-8.8181,0.8908,0.0,0.0,0.0,8.48,152,0,0.0,0.0,0.0,0.0,1271,1.0,1.0,1.005,1.288,4.087,12.4,0.0,0.0,0.0,0.0,0.0,0.0003591,0.0794,0.4056
1433995,Cruoricaptor,18,4.119,0.0282,0.1861,0.0641,0.352,-8.8266,0.8555,0.0,0.0,0.0,3.0,210,0,0.0,0.0,0.0,0.0,4633,1.0,1.0,1.3,1.945,4.74,14.600000000000001,0.0,0.0,0.0,0.0,0.0,0.002267,0.0606,0.3367
1594166,Oricola,18,4.119,0.0223,0.13,0.0416,0.2174,-8.8617,0.6748,0.0,0.0,0.0,4.28,23,0,0.0,0.0,0.0,0.0,94,1.0,1.0,1.165,2.75,9.145,12.8,0.0,0.0,0.0,0.0,0.0,2.466e-05,0.0365,0.1893
745364,Luteipulveratus,18,4.119,0.0235,0.1484,0.0469,0.2426,-8.8611,0.6775,0.0,0.0,0.0,3.0,228,0,0.0,0.0,0.0,0.0,168,1.0,1.0,1.0,1.54,7.376,9.509999999999998,0.0,0.0,0.0,0.0,0.0,3.238e-05,0.0437,0.2265
1843210,Anaerocolumna,18,4.119,0.0215,0.13,0.0433,0.2232,-8.8695,0.6373,0.0,0.0,0.0,3.64,69,0,0.0,0.0,0.0,0.0,52,1.0,1.0,1.0,1.15,10.609,33.79347826086956,0.0,0.0,0.0,0.0,0.0,9.816e-06,0.0414,0.2124
1686313,Fenollaria,18,4.119,0.0207,0.1157,0.0579,0.2996,-8.8277,0.8402,0.0,0.0,0.0,3.64,23,0,0.0,0.0,0.0,0.0,439,1.0,1.0,1.0,2.41,6.16,18.4,0.0,0.0,0.0,0.0,0.0,0.000286,0.0542,0.2843
28250,Ornithobacterium,18,4.119,0.0245,0.1426,0.0466,0.2515,-8.8536,0.7192,0.0,0.0,0.0,5.56,44,0,0.0,0.0,0.0,0.0,101,1.0,1.0,1.147,1.682,9.329,22.5,0.0,0.0,0.0,0.0,0.0,3.788e-05,0.0429,0.234
2719313,Enterocloster,18,4.119,0.022,0.1308,0.0486,0.2709,-8.8731,0.6311,0.0,0.0,0.0,3.0,84,0,0.0,0.0,0.0,0.0,238,1.0,1.0,1.295,2.0,5.65,14.245,0.0,0.0,0.0,0.0,0.0,2.141e-05,0.0449,0.254
13724,Thiocystis,18,4.119,0.024,0.1592,0.0344,0.1814,-8.8739,0.6156,0.0,0.0,0.0,4.92,363,0,0.0,0.0,0.0,0.0,30,1.0,1.0,1.0,3.5,15.58,56.1,0.0,0.0,0.0,0.0,0.0,6.423e-06,0.0293,0.1517
11572,Orthobunyavirus,18,4.119,0.0191,0.1016,0.0323,0.1695,-8.7713,1.1062,0.0,0.0,0.0,2.0,7,0,0.0,0.0,0.0,0.0,29,1.0,2.333,6.0,17.85,40.788,66.21857142857144,0.0,0.0,0.0,0.0,0.0,0.002663,0.0323,0.1695
1798085,Piscine myocarditis-like virus,18,4.119,0.0139,0.0693,0.0377,0.188,-8.7496,1.2107,0.0,0.0,0.0,1.0,3,0,0.0,0.0,0.0,0.0,18,1.0,1.0,1.31,2.73,10.748,21.9,0.0,0.0,0.0,0.0,0.0,0.003049,0.0377,0.188
283810,Stackebrandtia,18,4.119,0.0282,0.1606,0.0405,0.2211,-8.8736,0.6221,0.0,0.0,0.0,5.64,76,0,0.0,0.0,0.0,0.0,82,1.0,1.0,1.45,2.375,8.468,10.5,0.0,0.0,0.0,0.0,0.0,1.233e-05,0.0359,0.2003
44259,Filifactor,18,4.119,0.0429,0.3053,0.0839,0.4858,-8.8038,0.9861,0.0,0.0,0.0,16.56,14115,0,0.0,0.0,0.0,0.0,333231,1.0,1.01,1.24,2.66,18.495,21.3,0.0,0.0,0.0,0.0,0.0,0.1893,0.0783,0.4656
2895509,Metamycoplasma,18,4.119,0.0255,0.1732,0.0367,0.2025,-8.8458,0.7526,0.0,0.0,0.0,4.92,518,0,0.0,0.0,0.0,0.0,87,1.0,1.062,1.645,3.368,89.675,306.0,0.0,0.0,0.0,0.0,0.0,0.0001226,0.0291,0.1686
120961,Roseiflexus,18,4.119,0.0228,0.1385,0.0359,0.19,-8.8767,0.6013,0.0,0.0,0.0,4.64,92,0,0.0,0.0,0.0,0.0,37,1.0,1.0,1.131,4.06,7.839,15.423913043478262,0.0,0.0,0.0,0.0,0.0,4.146e-06,0.0314,0.1666
914,Nitrosomonas,18,4.119,0.0262,0.1516,0.047,0.2439,-8.854,0.7123,0.0,0.0,0.0,5.28,101,0,0.0,0.0,0.0,0.0,106,1.0,1.006,2.1,3.601,9.901,11.6,0.0,0.0,0.0,0.0,0.0,1.535e-05,0.0411,0.2128
2039723,Thiomicrorhabdus,18,4.119,0.027,0.1538,0.0333,0.1877,-8.8688,0.6385,0.0,0.0,0.0,7.28,28,0,0.0,0.0,0.0,0.0,76,1.0,2.0,2.585,10.292,81.995,112.0,0.0,0.0,0.0,0.0,0.0,1.021e-05,0.026,0.1595
256616,Parvibaculum,18,4.119,0.0214,0.1398,0.0444,0.2376,-8.858,0.6951,0.0,0.0,0.0,2.64,161,0,0.0,0.0,0.0,0.0,123,1.0,1.0,1.0,1.48,3.973,9.26,0.0,0.0,0.0,0.0,0.0,3.377e-05,0.0417,0.2184
1769012,Arachidicoccus,18,4.119,0.027,0.1525,0.0443,0.2377,-8.865,0.6597,0.0,0.0,0.0,6.28,28,0,0.0,0.0,0.0,0.0,234,1.0,1.0,1.466,1.825,4.309,9.053571428571429,0.0,0.0,0.0,0.0,0.0,1.713e-05,0.0411,0.2216
504481,Sediminibacterium,18,4.119,0.0255,0.1675,0.0491,0.2763,-8.8507,0.7387,0.0,0.0,0.0,2.64,100,0,0.0,0.0,0.0,0.0,401,1.0,1.0,1.11,1.708,4.726,15.299999999999999,0.0,0.0,0.0,0.0,0.0,0.0001326,0.0457,0.2544
392733,Terriglobus,18,4.119,0.0263,0.1576,0.0478,0.2572,-8.865,0.663,0.0,0.0,0.0,3.64,162,0,0.0,0.0,0.0,0.0,141,1.0,1.0,1.315,1.707,9.881,10.41,0.0,0.0,0.0,0.0,0.0,1.398e-05,0.0444,0.2378
1163,Anabaena,18,4.119,0.0241,0.1405,0.0345,0.1927,-8.8534,0.7379,0.0,0.0,0.0,3.64,51,0,0.0,0.0,0.0,0.0,134,1.0,1.075,2.113,4.188,11.837,19.0,0.0,0.0,0.0,0.0,0.0,0.0001889,0.0289,0.1663
505692,Chromera,17,3.8902,0.0233,0.1472,0.0481,0.2632,-8.921,0.4118,0.0,0.0,0.0,2.64,70,0,0.0,0.0,0.0,0.0,186,1.0,1.0,1.0,2.0,21.8,62.2,0.0,0.0,0.0,0.0,0.0,1.335e-06,0.0446,0.251
187,Aquaspirillum,17,3.8902,0.0158,0.0859,0.0417,0.2215,-8.8661,0.6726,0.0,0.0,0.0,2.0,7,0,0.0,0.0,0.0,0.0,51,1.0,1.0,1.0,1.59,2.986,4.53,0.0,0.0,0.0,0.0,0.0,1.389e-05,0.0393,0.2078
2891323,Pseudazoarcus,17,3.8902,0.0214,0.1291,0.0449,0.2318,-8.8585,0.7073,0.0,0.0,0.0,3.0,64,0,0.0,0.0,0.0,0.0,41,1.0,1.0,1.37,2.0,5.832,10.2,0.0,0.0,0.0,0.0,0.0,1.378e-05,0.0411,0.2109
2706000,Casimicrobium,17,3.8902,0.0236,0.1381,0.0415,0.2267,-8.869,0.6603,0.0,0.0,0.0,3.64,33,0,0.0,0.0,0.0,0.0,93,1.0,1.0,1.6,2.0,7.6,14.0,0.0,0.0,0.0,0.0,0.0,2.186e-05,0.0372,0.206
3020833,Isoalcanivorax,17,3.8902,0.0269,0.1722,0.04,0.2402,-8.8704,0.6621,0.0,0.0,0.0,5.28,87,0,0.0,0.0,0.0,0.0,965,1.0,1.0,1.29,2.0,8.56,12.8,0.0,0.0,0.0,0.0,0.0,0.0002452,0.0359,0.2182
469322,Steroidobacter,17,3.8902,0.0208,0.1313,0.0459,0.2505,-8.8602,0.7057,0.0,0.0,0.0,2.64,85,0,0.0,0.0,0.0,0.0,174,1.0,1.0,1.0,1.45,3.294,8.47,0.0,0.0,0.0,0.0,0.0,5.275e-05,0.0435,0.2356
1209946,Roseicitreum,17,3.8902,0.0263,0.1681,0.0466,0.2663,-8.8627,0.6979,0.0,0.0,0.0,3.28,158,0,0.0,0.0,0.0,0.0,800,1.0,1.0,1.13,2.0,6.24,14.2,0.0,0.0,0.0,0.0,0.0,0.0002009,0.0431,0.2482
387095,Maribius,17,3.8902,0.0248,0.1448,0.0399,0.2156,-8.8658,0.6746,0.0,0.0,0.0,4.64,64,0,0.0,0.0,0.0,0.0,81,1.0,1.0,2.07,4.42,37.1,48.3,0.0,0.0,0.0,0.0,0.0,2.529e-05,0.0335,0.1888
192992,Thermoleophilum,17,3.8902,0.0247,0.1517,0.0447,0.2399,-8.8531,0.7375,0.0,0.0,0.0,4.64,111,0,0.0,0.0,0.0,0.0,176,1.0,1.0,1.38,2.0,11.48,25.399999999999995,0.0,0.0,0.0,0.0,0.0,8.438e-05,0.0401,0.221
84406,Virgibacillus,17,3.8902,0.0171,0.0929,0.0365,0.2001,-8.8762,0.6243,0.0,0.0,0.0,2.64,6,0,0.0,0.0,0.0,0.0,88,1.0,1.0,1.0,2.0,3.51,4.5,0.0,0.0,0.0,0.0,0.0,2.235e-05,0.0344,0.1909
1506553,Lachnoclostridium,17,3.8902,0.0198,0.1191,0.0453,0.2508,-8.8706,0.656,0.0,0.0,0.0,2.64,54,0,0.0,0.0,0.0,0.0,117,1.0,1.0,1.0,1.5,4.167,8.833333333333334,0.0,0.0,0.0,0.0,0.0,2.339e-05,0.0428,0.2391
44000,Caldicellulosiruptor,17,3.8902,0.0201,0.1166,0.042,0.2371,-8.857,0.7194,0.0,0.0,0.0,4.56,13,0,0.0,0.0,0.0,0.0,312,1.0,1.0,2.0,2.503,4.756,8.77,0.0,0.0,0.0,0.0,0.0,0.0001259,0.0385,0.2217
2795775,Lignipirellula,17,3.8902,0.0202,0.1133,0.0249,0.1313,-8.9013,0.4947,0.0,0.0,0.0,3.64,17,0,0.0,0.0,0.0,0.0,12,1.0,1.0,1.6,3.0,5.2,6.0,0.0,0.0,0.0,0.0,0.0,1.297e-06,0.0213,0.1153
893,Desulfobulbus,17,3.8902,0.0179,0.0992,0.0425,0.2342,-8.8629,0.6922,0.0,0.0,0.0,2.64,7,0,0.0,0.0,0.0,0.0,62,1.0,1.0,1.38,2.395,7.486,7.67,0.0,0.0,0.0,0.0,0.0,2.34e-05,0.0388,0.2178
2767577,Burkholderia phage Magia,17,3.8902,0.0206,0.1094,0.0692,0.3511,-8.7541,1.2257,0.0,0.0,0.0,3.0,8,0,0.0,0.0,0.0,0.0,229,1.0,1.0,1.0,1.83,2.408,2.48,0.0,0.0,0.0,0.0,0.0,0.008187,0.0692,0.3511
314343,Sideroxydans,17,3.8902,0.0217,0.1302,0.0376,0.2074,-8.8709,0.6495,0.0,0.0,0.0,3.0,30,0,0.0,0.0,0.0,0.0,48,1.0,1.0,1.267,3.353,13.335,18.714000000000002,0.0,0.0,0.0,0.0,0.0,1.121e-05,0.0332,0.1827
150203,Blastomonas,17,3.8902,0.0255,0.166,0.046,0.2536,-8.8499,0.7548,0.0,0.0,0.0,3.28,128,0,0.0,0.0,0.0,0.0,301,1.0,1.0,1.15,2.337,9.099,10.5,0.0,0.0,0.0,0.0,0.0,0.0001042,0.0416,0.2296
2675230,Cytobacillus,17,3.8902,0.0201,0.1156,0.0382,0.205,-8.8718,0.6432,0.0,0.0,0.0,2.64,29,0,0.0,0.0,0.0,0.0,71,1.0,1.0,1.0,1.6,3.053,6.462758620689656,0.0,0.0,0.0,0.0,0.0,1.228e-05,0.0364,0.195
1649475,Paludibaculum,17,3.8902,0.0239,0.1423,0.0464,0.2502,-8.8768,0.622,0.0,0.0,0.0,4.64,67,0,0.0,0.0,0.0,0.0,107,1.0,1.0,1.13,2.25,3.862,7.23,0.0,0.0,0.0,0.0,0.0,1.137e-05,0.0432,0.2343
338583,Polymorphospora,17,3.8902,0.021,0.1287,0.0397,0.2127,-8.881,0.5994,0.0,0.0,0.0,2.64,64,0,0.0,0.0,0.0,0.0,83,1.0,1.0,1.07,2.0,9.112,11.0,0.0,0.0,0.0,0.0,0.0,1.072e-05,0.0368,0.1982
1849,Actinopolyspora,17,3.8902,0.0206,0.1273,0.0351,0.1986,-8.8794,0.6098,0.0,0.0,0.0,2.64,72,0,0.0,0.0,0.0,0.0,116,1.0,1.0,1.06,2.0,6.088,6.44,0.0,0.0,0.0,0.0,0.0,2.299e-05,0.0324,0.1847
1649459,Hungatella,17,3.8902,0.0186,0.1045,0.0489,0.2698,-8.8739,0.6384,0.0,0.0,0.0,2.64,14,0,0.0,0.0,0.0,0.0,89,1.0,1.0,1.0,1.0,2.182,2.9099999999999997,0.0,0.0,0.0,0.0,0.0,8.411e-06,0.0479,0.265
1730,Eubacterium,17,3.8902,0.0178,0.0973,0.0336,0.1908,-8.8744,0.6346,0.0,0.0,0.0,3.0,6,0,0.0,0.0,0.0,0.0,111,1.0,1.0,1.0,1.417,4.896,11.6,0.0,0.0,0.0,0.0,0.0,3.927e-05,0.0318,0.1832
203804,Candidatus Blochmannia,17,3.8902,0.0238,0.1483,0.0242,0.143,-8.8689,0.6603,0.0,0.0,0.0,4.92,67,0,0.0,0.0,0.0,0.0,30,1.0,1.0,1.0,2.0,72.6,91.0,0.0,0.0,0.0,0.0,0.0,4.083e-05,0.0218,0.1346
2884814,Pseudoprevotella,17,3.8902,0.0298,0.1796,0.0485,0.2652,-8.8552,0.7317,0.0,0.0,0.0,7.64,75,0,0.0,0.0,0.0,0.0,83,1.0,1.13,1.52,1.84,6.724,10.3,0.0,0.0,0.0,0.0,0.0,2.917e-05,0.0434,0.2364
1827478,Youhaiella,17,3.8902,0.0212,0.1263,0.0436,0.2279,-8.8656,0.6731,0.0,0.0,0.0,4.64,21,0,0.0,0.0,0.0,0.0,56,1.0,1.0,1.0,5.06,10.88,14.0,0.0,0.0,0.0,0.0,0.0,1.35e-05,0.0386,0.2002
2233801,Ahniella,17,3.8902,0.0206,0.1201,0.0476,0.2691,-8.8688,0.6681,0.0,0.0,0.0,3.0,20,0,0.0,0.0,0.0,0.0,172,1.0,1.0,1.0,1.96,5.24,10.2,0.0,0.0,0.0,0.0,0.0,2.866e-05,0.0443,0.252
1155738,Moorena,17,3.8902,0.0176,0.0968,0.0318,0.1802,-8.8948,0.5298,0.0,0.0,0.0,2.64,8,0,0.0,0.0,0.0,0.0,48,1.0,1.0,1.0,1.585,3.42,5.1,0.0,0.0,0.0,0.0,0.0,2.934e-06,0.0297,0.1668
292632,Subdoligranulum,17,3.8902,0.0216,0.1358,0.0529,0.2874,-8.8513,0.7511,0.0,0.0,0.0,2.64,71,0,0.0,0.0,0.0,0.0,294,1.0,1.0,1.0,2.0,8.0,16.0,0.0,0.0,0.0,0.0,0.0,9.612e-05,0.0495,0.2708
1647,Erysipelothrix,17,3.8902,0.0217,0.1239,0.0388,0.217,-8.8577,0.7211,0.0,0.0,0.0,4.64,26,0,0.0,0.0,0.0,0.0,67,1.0,1.0,1.408,3.53,7.864,12.596153846153847,0.0,0.0,0.0,0.0,0.0,5.149e-05,0.0353,0.1978
2056,Sphaerobacter,17,3.8902,0.0251,0.165,0.0375,0.2199,-8.8735,0.6442,0.0,0.0,0.0,6.92,247,0,0.0,0.0,0.0,0.0,143,1.0,1.0,1.0,1.33,15.42,31.5,0.0,0.0,0.0,0.0,0.0,3.634e-05,0.0334,0.195
2808942,Fluviibacter,17,3.8902,0.0214,0.1205,0.0579,0.3173,-8.845,0.7852,0.0,0.0,0.0,2.64,15,0,0.0,0.0,0.0,0.0,722,1.0,1.0,1.18,1.64,3.406,6.55,0.0,0.0,0.0,0.0,0.0,0.0002551,0.0552,0.3047
1679002,Candidatus Methylopumilus,17,3.8902,0.0229,0.1285,0.0469,0.243,-8.8479,0.76,0.0,0.0,0.0,3.64,33,0,0.0,0.0,0.0,0.0,48,1.0,1.0,1.29,1.7,6.532,17.1,0.0,0.0,0.0,0.0,0.0,2.778e-05,0.0432,0.2268
745,Pasteurella,17,3.8902,0.0265,0.1786,0.0545,0.295,-8.841,0.8275,0.0,0.0,0.0,2.64,82,0,0.0,0.0,0.0,0.0,743,1.0,1.0,1.193,1.625,7.019,11.452926829268295,0.0,0.0,0.0,0.0,0.0,0.004668,0.0519,0.2815
2944826,Pontibrevibacter,17,3.8902,0.0277,0.1569,0.0441,0.2329,-8.8615,0.6946,0.0,0.0,0.0,6.64,36,0,0.0,0.0,0.0,0.0,62,1.0,1.55,2.36,8.0,11.44,12.0,0.0,0.0,0.0,0.0,0.0,1.863e-05,0.0358,0.1925
2211641,Yoonia,17,3.8902,0.0234,0.1624,0.05,0.2748,-8.8574,0.7213,0.0,0.0,0.0,2.0,447,0,0.0,0.0,0.0,0.0,223,1.0,1.0,1.0,1.2,14.484,66.1,0.0,0.0,0.0,0.0,0.0,6.101e-05,0.0473,0.2577
2493629,Minwuia,17,3.8902,0.0262,0.1764,0.0439,0.2371,-8.862,0.6965,0.0,0.0,0.0,4.56,481,0,0.0,0.0,0.0,0.0,130,1.0,1.0,1.67,4.32,12.944,35.4,0.0,0.0,0.0,0.0,0.0,6.931e-05,0.038,0.204
2321111,Aliarcobacter,17,3.8902,0.0187,0.1085,0.0382,0.2217,-8.8744,0.6399,0.0,0.0,0.0,3.28,13,0,0.0,0.0,0.0,0.0,80,1.0,1.0,1.0,1.107,1.655,1.8772727272727272,0.0,0.0,0.0,0.0,0.0,2.166e-05,0.0375,0.2175
5094,Talaromyces,17,3.8902,0.0194,0.1349,0.038,0.2098,-8.9065,0.4764,0.0,0.0,0.0,2.0,215,0,0.0,0.0,0.0,0.0,77,1.0,1.0,1.0,1.22,5.359,18.7953488372093,0.0,0.0,0.0,0.0,0.0,1.93e-06,0.0358,0.1942
82105,Cladophialophora,17,3.8902,0.0218,0.1505,0.0337,0.1871,-8.9122,0.447,0.0,0.0,0.0,2.0,379,0,0.0,0.0,0.0,0.0,97,1.0,1.0,1.0,2.0,8.867,28.33377308707124,0.0,0.0,0.0,0.0,0.0,3.292e-06,0.0298,0.1638
2239,Halobacterium,17,3.8902,0.0474,0.3144,0.077,0.4664,-8.8204,0.9414,0.0,0.0,0.0,76.12,2830,0,0.0,0.0,0.0,0.0,30914,1.0,1.0,1.0,1.763,4.182,11.881320754716981,0.0,0.0,0.0,0.0,0.0,0.01132,0.0745,0.4525
90243,Oligella,16,3.6613,0.0253,0.172,0.0464,0.276,-8.8624,0.7221,0.0,0.0,0.0,4.28,171,0,0.0,0.0,0.0,0.0,399,1.0,1.0,1.025,2.436,6.852,8.388421052631578,0.0,0.0,0.0,0.0,0.0,0.0001438,0.0427,0.2517
2249462,Ferrigenium,16,3.6613,0.0221,0.1372,0.0424,0.2294,-8.8637,0.7045,0.0,0.0,0.0,4.0,68,0,0.0,0.0,0.0,0.0,102,1.0,1.225,1.64,2.268,9.58,11.2,0.0,0.0,0.0,0.0,0.0,4.169e-05,0.0374,0.2013
504090,Kushneria,16,3.6613,0.0233,0.1487,0.0417,0.229,-8.8725,0.6588,0.0,0.0,0.0,4.92,127,0,0.0,0.0,0.0,0.0,132,1.0,1.0,1.07,3.655,8.892,11.569763779527559,0.0,0.0,0.0,0.0,0.0,1.606e-05,0.0373,0.2057
28253,Marinomonas,16,3.6613,0.0261,0.1591,0.0468,0.2701,-8.8701,0.6792,0.0,0.0,0.0,5.64,54,0,0.0,0.0,0.0,0.0,179,1.0,1.355,2.0,2.149,11.818,14.8,0.0,0.0,0.0,0.0,0.0,5.419e-05,0.0419,0.2509
109262,Halothiobacillus,16,3.6613,0.0179,0.1211,0.0299,0.176,-8.8814,0.6161,0.0,0.0,0.0,1.64,91,0,0.0,0.0,0.0,0.0,73,1.0,1.0,1.0,2.25,6.319,11.357142857142858,0.0,0.0,0.0,0.0,0.0,1.376e-05,0.0267,0.1531
447467,Simiduia,16,3.6613,0.0181,0.1096,0.031,0.1799,-8.8864,0.5911,0.0,0.0,0.0,2.64,29,0,0.0,0.0,0.0,0.0,39,1.0,1.0,1.785,2.11,4.949,6.625,0.0,0.0,0.0,0.0,0.0,9.327e-06,0.0277,0.1599
1744881,Sulfuricaulis,16,3.6613,0.0192,0.1195,0.0401,0.2219,-8.8687,0.6808,0.0,0.0,0.0,2.0,34,0,0.0,0.0,0.0,0.0,88,1.0,1.0,1.265,2.583,6.85,12.4,0.0,0.0,0.0,0.0,0.0,3.165e-05,0.0362,0.2007
245186,Loktanella,16,3.6613,0.023,0.1511,0.0439,0.2718,-8.8766,0.6543,0.0,0.0,0.0,3.64,133,0,0.0,0.0,0.0,0.0,5676,1.0,1.0,1.455,3.58,10.9,16.6,0.0,0.0,0.0,0.0,0.0,0.001001,0.0395,0.2555
596707,Sinomonas,16,3.6613,0.0181,0.1207,0.0322,0.1937,-8.8853,0.6016,0.0,0.0,0.0,1.64,78,0,0.0,0.0,0.0,0.0,86,1.0,1.0,1.0,1.775,5.21,9.59,0.0,0.0,0.0,0.0,0.0,2.071e-05,0.0297,0.1782
1926259,Pseudactinotalea,16,3.6613,0.024,0.1574,0.0368,0.2044,-8.8759,0.6443,0.0,0.0,0.0,4.0,110,0,0.0,0.0,0.0,0.0,56,1.0,1.0,1.09,2.15,14.2,15.4,0.0,0.0,0.0,0.0,0.0,1.634e-05,0.0324,0.1797
2892396,Vescimonas,16,3.6613,0.0166,0.0933,0.041,0.2289,-8.8651,0.699,0.0,0.0,0.0,2.64,7,0,0.0,0.0,0.0,0.0,98,1.0,1.0,1.0,1.156,4.875,7.5,0.0,0.0,0.0,0.0,0.0,2.718e-05,0.0394,0.2247
2676755,Croceibacterium,16,3.6613,0.0239,0.1444,0.0417,0.2312,-8.8689,0.6803,0.0,0.0,0.0,5.92,39,0,0.0,0.0,0.0,0.0,159,1.0,1.0,1.21,2.042,6.1,9.4,0.0,0.0,0.0,0.0,0.0,5.034e-05,0.0379,0.2099
1679449,Pseudooceanicola,16,3.6613,0.0221,0.135,0.0373,0.2075,-8.8768,0.6387,0.0,0.0,0.0,3.28,32,0,0.0,0.0,0.0,0.0,68,1.0,1.0,1.0,2.02,6.63,6.900000000000001,0.0,0.0,0.0,0.0,0.0,1.757e-05,0.0342,0.1893
687331,Alphatorquevirus,16,3.6613,0.0284,0.1938,0.053,0.3055,-8.7512,1.2845,0.0,0.0,0.0,7.0,523,0,0.0,0.0,0.0,0.0,633,1.0,1.0,1.096,1.868,25.057,85.22868068833651,0.0,0.0,0.0,0.0,0.0,0.1834,0.053,0.3055
59613,Skermania,16,3.6613,0.0191,0.1248,0.0409,0.2256,-8.8737,0.6555,0.0,0.0,0.0,2.0,81,0,0.0,0.0,0.0,0.0,69,1.0,1.0,1.0,1.52,3.662,7.1499999999999995,0.0,0.0,0.0,0.0,0.0,1.712e-05,0.0387,0.2121
84111,Eggerthella,16,3.6613,0.0164,0.0968,0.0301,0.1762,-8.8911,0.5668,0.0,0.0,0.0,2.28,14,0,0.0,0.0,0.0,0.0,31,1.0,1.0,1.26,2.0,3.21,3.8414285714285716,0.0,0.0,0.0,0.0,0.0,3.44e-06,0.0276,0.1601
2211635,Cognatishimia,16,3.6613,0.028,0.1819,0.0324,0.1861,-8.8906,0.5698,0.0,0.0,0.0,6.64,135,0,0.0,0.0,0.0,0.0,67,1.0,1.085,3.0,8.4,25.0,31.6,0.0,0.0,0.0,0.0,0.0,1.062e-05,0.0249,0.1508
871740,Halomarina,16,3.6613,0.0387,0.2667,0.06,0.3746,-8.8632,0.7239,0.0,0.0,0.0,29.4,984,0,0.0,0.0,0.0,0.0,6847,1.0,1.0,1.0,1.599,4.45,10.376428571428571,0.0,0.0,0.0,0.0,0.0,0.0004222,0.0576,0.3599
2995234,Mycoplasmoides,16,3.6613,0.0165,0.0953,0.0279,0.1652,-8.8624,0.7186,0.0,0.0,0.0,2.28,8,0,0.0,0.0,0.0,0.0,31,1.0,1.0,1.107,2.0,3.72,4.2,0.0,0.0,0.0,0.0,0.0,0.0003932,0.0255,0.1518
46255,Weissella,16,3.6613,0.0226,0.1469,0.0501,0.2956,-8.8618,0.7238,0.0,0.0,0.0,3.0,112,0,0.0,0.0,0.0,0.0,614,1.0,1.0,1.5,2.035,6.894,12.015625,0.0,0.0,0.0,0.0,0.0,7.152e-05,0.0468,0.2768
1874526,Kovacikia,16,3.6613,0.0181,0.1102,0.0288,0.1616,-8.8989,0.5257,0.0,0.0,0.0,2.64,24,0,0.0,0.0,0.0,0.0,21,1.0,1.0,1.0,1.77,13.275,15.6,0.0,0.0,0.0,0.0,0.0,2.601e-06,0.0258,0.1472
1055692,Chitinolyticbacter,16,3.6613,0.0186,0.1109,0.0361,0.203,-8.8795,0.6265,0.0,0.0,0.0,2.64,24,0,0.0,0.0,0.0,0.0,74,1.0,1.0,1.335,1.755,5.853,8.14,0.0,0.0,0.0,0.0,0.0,1.813e-05,0.0329,0.1822
2100764,Mixta,16,3.6613,0.0227,0.1378,0.0418,0.2506,-8.8736,0.6649,0.0,0.0,0.0,4.64,40,0,0.0,0.0,0.0,0.0,897,1.0,1.0,1.0,1.812,5.856,9.925,0.0,0.0,0.0,0.0,0.0,0.0002639,0.0389,0.2339
1658781,Aliiroseovarius,16,3.6613,0.0186,0.1159,0.0387,0.225,-8.889,0.5826,0.0,0.0,0.0,2.64,22,0,0.0,0.0,0.0,0.0,120,1.0,1.0,1.0,1.448,5.68,13.678947368421051,0.0,0.0,0.0,0.0,0.0,1.645e-05,0.0362,0.2082
53945,Octadecabacter,16,3.6613,0.023,0.1481,0.0407,0.2385,-8.8759,0.6477,0.0,0.0,0.0,4.92,48,0,0.0,0.0,0.0,0.0,300,1.0,1.068,1.715,2.4,8.415,9.658125,0.0,0.0,0.0,0.0,0.0,4.035e-05,0.0364,0.2159
89583,Gluconacetobacter,16,3.6613,0.0235,0.1567,0.043,0.2422,-8.8728,0.6634,0.0,0.0,0.0,2.64,107,0,0.0,0.0,0.0,0.0,157,1.0,1.0,1.13,2.703,7.79,10.1,0.0,0.0,0.0,0.0,0.0,3.679e-05,0.0389,0.2153
1543704,Niveispirillum,16,3.6613,0.0253,0.1632,0.0393,0.2257,-8.8818,0.6177,0.0,0.0,0.0,5.0,72,0,0.0,0.0,0.0,0.0,94,1.0,1.0,1.095,3.225,9.315,10.2,0.0,0.0,0.0,0.0,0.0,1.609e-05,0.0346,0.1925
44675,Geothrix,16,3.6613,0.0213,0.1342,0.0421,0.2374,-8.8765,0.6404,0.0,0.0,0.0,2.64,71,0,0.0,0.0,0.0,0.0,296,1.0,1.0,1.0,1.447,6.561,14.242253521126761,0.0,0.0,0.0,0.0,0.0,2.838e-05,0.0399,0.2264
2831665,Candidatus Mycosynbacter,16,3.6613,0.0198,0.1195,0.0447,0.2517,-8.8489,0.7847,0.0,0.0,0.0,4.56,21,0,0.0,0.0,0.0,0.0,148,1.0,1.0,1.225,2.0,12.412,42.0,0.0,0.0,0.0,0.0,0.0,0.0001374,0.0415,0.2384
64895,Borreliella,16,3.6613,0.0229,0.1385,0.0296,0.1758,-8.859,0.7285,0.0,0.0,0.0,6.56,19,0,0.0,0.0,0.0,0.0,37,1.0,1.0,1.018,2.787,11.661,13.643157894736843,0.0,0.0,0.0,0.0,0.0,5.212e-05,0.0269,0.1623
29521,Brachyspira,16,3.6613,0.0179,0.1165,0.0282,0.172,-8.8845,0.6065,0.0,0.0,0.0,1.0,30,0,0.0,0.0,0.0,0.0,64,1.0,1.0,1.0,1.066,1.563,2.0,0.0,0.0,0.0,0.0,0.0,2.228e-05,0.0275,0.1667
78156,Pseudogymnoascus,16,3.6613,0.0216,0.1466,0.034,0.2033,-8.9105,0.4743,0.0,0.0,0.0,3.0,180,0,0.0,0.0,0.0,0.0,162,1.0,1.0,1.0,1.46,5.55,13.2,0.0,0.0,0.0,0.0,0.0,6.71e-06,0.0314,0.1839
42,Cystobacter,16,3.6613,0.0212,0.1378,0.0339,0.1872,-8.8976,0.5316,0.0,0.0,0.0,3.0,97,0,0.0,0.0,0.0,0.0,86,1.0,1.0,1.9,4.627,9.35,13.4,0.0,0.0,0.0,0.0,0.0,7.631e-06,0.0282,0.1572
2597167,Pteropus lylei-associated alphaherpesvirus,16,3.6613,0.0337,0.2381,0.069,0.3556,-8.7888,1.0852,0.0,0.0,0.0,4.64,3411,0,0.0,0.0,0.0,0.0,129,1.0,1.0,1.44,3.127,208.45,772.0,0.0,0.0,0.0,0.0,0.0,0.001005,0.069,0.3556
155862,Methanothermococcus,16,3.6613,0.0192,0.112,0.0284,0.1672,-8.8742,0.653,0.0,0.0,0.0,2.0,11,0,0.0,0.0,0.0,0.0,36,1.0,1.0,1.0,1.203,2.0,2.0,0.0,0.0,0.0,0.0,0.0,2.212e-05,0.0276,0.1628
299261,Tateyamaria,16,3.6613,0.0235,0.1419,0.0385,0.2074,-8.8763,0.6391,0.0,0.0,0.0,7.2,25,0,0.0,0.0,0.0,0.0,38,1.0,1.28,2.0,3.303,12.225,15.6,0.0,0.0,0.0,0.0,0.0,9.167e-06,0.0321,0.1722
156885,Thioflavicoccus,16,3.6613,0.0175,0.1055,0.0357,0.1937,-8.8789,0.6261,0.0,0.0,0.0,2.28,15,0,0.0,0.0,0.0,0.0,40,1.0,1.0,1.0,2.038,7.968,9.25,0.0,0.0,0.0,0.0,0.0,1.005e-05,0.0318,0.1697
5569,Cenococcum,16,3.6613,0.0205,0.1328,0.0233,0.1375,-8.9479,0.2804,0.0,0.0,0.0,3.28,53,0,0.0,0.0,0.0,0.0,40,1.0,1.0,1.0,2.5,13.5,15.0,0.0,0.0,0.0,0.0,0.0,3.538e-07,0.0201,0.1201
1436289,Candidatus Symbiobacter,15,3.4325,0.0221,0.1564,0.0331,0.1936,-8.8829,0.6293,0.0,0.0,0.0,3.64,175,0,0.0,0.0,0.0,0.0,48,1.0,1.075,1.67,2.0,26.258,64.8,0.0,0.0,0.0,0.0,0.0,1.666e-05,0.0283,0.1654
57739,Vogesella,15,3.4325,0.0209,0.143,0.0417,0.2511,-8.8769,0.6666,0.0,0.0,0.0,2.0,107,0,0.0,0.0,0.0,0.0,1103,1.0,1.0,1.43,2.085,10.43,10.5,0.0,0.0,0.0,0.0,0.0,0.0003022,0.038,0.2339
347533,Zobellella,15,3.4325,0.0196,0.1296,0.035,0.2,-8.8843,0.6201,0.0,0.0,0.0,2.0,88,0,0.0,0.0,0.0,0.0,69,1.0,1.0,1.0,1.53,4.64,10.8,0.0,0.0,0.0,0.0,0.0,1.802e-05,0.0327,0.1844
44011,Ferrimonas,15,3.4325,0.0163,0.0975,0.032,0.1838,-8.8925,0.575,0.0,0.0,0.0,2.64,11,0,0.0,0.0,0.0,0.0,32,1.0,1.0,1.25,2.0,11.465,18.333333333333332,0.0,0.0,0.0,0.0,0.0,6.924e-06,0.029,0.1663
2678529,Kineobactrum,15,3.4325,0.0173,0.1017,0.0306,0.1754,-8.892,0.5789,0.0,0.0,0.0,2.0,11,0,0.0,0.0,0.0,0.0,28,1.0,1.0,1.08,2.0,4.395,9.4,0.0,0.0,0.0,0.0,0.0,6.2e-06,0.0279,0.1603
2893022,Flagellatimonas,15,3.4325,0.0182,0.1297,0.0342,0.198,-8.8839,0.6226,0.0,0.0,0.0,1.64,133,0,0.0,0.0,0.0,0.0,90,1.0,1.0,1.17,2.0,7.515,12.1,0.0,0.0,0.0,0.0,0.0,2.57e-05,0.0308,0.1754
1433986,Actibacterium,15,3.4325,0.0224,0.1356,0.042,0.2374,-8.8757,0.6659,0.0,0.0,0.0,3.64,43,0,0.0,0.0,0.0,0.0,77,1.0,1.06,1.32,2.235,6.65,14.0,0.0,0.0,0.0,0.0,0.0,2.134e-05,0.0383,0.2179
364409,Granulibacter,15,3.4325,0.0236,0.1507,0.0309,0.1844,-8.9018,0.5312,0.0,0.0,0.0,4.64,132,0,0.0,0.0,0.0,0.0,59,1.0,1.0,1.63,4.36,16.5,27.0,0.0,0.0,0.0,0.0,0.0,6.91e-06,0.0267,0.1618
111830,Defluviicoccus,15,3.4325,0.0209,0.1467,0.0399,0.2326,-8.8791,0.6511,0.0,0.0,0.0,2.64,131,0,0.0,0.0,0.0,0.0,181,1.0,1.0,1.78,2.21,8.708,10.5,0.0,0.0,0.0,0.0,0.0,4.8e-05,0.0353,0.2008
1231242,Ferrovibrio,15,3.4325,0.0232,0.1641,0.0422,0.2508,-8.878,0.6593,0.0,0.0,0.0,4.2,136,0,0.0,0.0,0.0,0.0,135,1.0,1.1,1.86,3.185,14.27,18.4,0.0,0.0,0.0,0.0,0.0,3.277e-05,0.0366,0.2123
518733,Microterricola,15,3.4325,0.0181,0.1215,0.0346,0.1994,-8.8833,0.6259,0.0,0.0,0.0,1.64,49,0,0.0,0.0,0.0,0.0,59,1.0,1.0,1.0,1.31,5.429,10.7,0.0,0.0,0.0,0.0,0.0,1.724e-05,0.0324,0.1842
2767879,Companilactobacillus,15,3.4325,0.0207,0.1689,0.0416,0.2755,-8.872,0.6983,0.0,0.0,0.0,2.0,911,0,0.0,0.0,0.0,0.0,11657,1.0,1.0,1.719,2.5,5.993,10.853571428571428,0.0,0.0,0.0,0.0,0.0,0.002077,0.038,0.257
253238,Ethanoligenens,15,3.4325,0.0221,0.1454,0.0474,0.2703,-8.8669,0.7139,0.0,0.0,0.0,2.0,52,0,0.0,0.0,0.0,0.0,252,1.0,1.0,1.11,1.905,14.289,40.0,0.0,0.0,0.0,0.0,0.0,8.46e-05,0.0439,0.252
1763521,Paludisphaera,15,3.4325,0.0265,0.1808,0.0423,0.2575,-8.8875,0.6142,0.0,0.0,0.0,5.0,134,0,0.0,0.0,0.0,0.0,478,1.0,1.0,1.02,1.945,19.7,23.2,0.0,0.0,0.0,0.0,0.0,6.395e-05,0.0377,0.228
1656823,Halanaeroarchaeum,15,3.4325,0.0352,0.2556,0.0577,0.3726,-8.8554,0.8011,0.0,0.0,0.0,22.36,743,0,0.0,0.0,0.0,0.0,5284,1.0,1.0,1.0,1.481,4.137,8.044339622641509,0.0,0.0,0.0,0.0,0.0,0.002129,0.0555,0.3569
2160,Methanobacterium,15,3.4325,0.0163,0.0941,0.0343,0.2061,-8.8799,0.6478,0.0,0.0,0.0,3.0,6,0,0.0,0.0,0.0,0.0,123,1.0,1.0,1.0,1.89,5.425,7.0,0.0,0.0,0.0,0.0,0.0,5.057e-05,0.032,0.1936
34372,Blumeria,15,3.4325,0.031,0.234,0.0622,0.3695,-8.9005,0.5557,0.0,0.0,0.0,8.76,6144,0,0.0,0.0,0.0,0.0,14249,1.0,1.0,1.16,1.685,14.44,21.3,0.0,0.0,0.0,0.0,0.0,0.0001864,0.0584,0.342
311181,Denitratisoma,15,3.4325,0.0213,0.1446,0.0391,0.2232,-8.881,0.6397,0.0,0.0,0.0,3.0,111,0,0.0,0.0,0.0,0.0,50,1.0,1.0,1.32,1.875,24.776,63.5,0.0,0.0,0.0,0.0,0.0,1.253e-05,0.0349,0.2
3050722,Algicella,15,3.4325,0.0181,0.142,0.0384,0.219,-8.8807,0.6393,0.0,0.0,0.0,1.0,302,0,0.0,0.0,0.0,0.0,84,1.0,1.0,1.0,2.415,15.728,37.4,0.0,0.0,0.0,0.0,0.0,2.157e-05,0.0342,0.1908
2766734,Faecalibacter,15,3.4325,0.0168,0.1097,0.0415,0.2437,-8.8727,0.6861,0.0,0.0,0.0,1.0,22,0,0.0,0.0,0.0,0.0,101,1.0,1.0,1.0,1.565,15.7,22.0,0.0,0.0,0.0,0.0,0.0,3.712e-05,0.0387,0.2312
367188,Haladaptatus,15,3.4325,0.035,0.248,0.0507,0.3483,-8.8703,0.7481,0.0,0.0,0.0,22.28,733,0,0.0,0.0,0.0,0.0,4528,1.0,1.0,1.107,1.977,5.005,10.788235294117648,0.0,0.0,0.0,0.0,0.0,0.002812,0.0483,0.3349
29907,Sporothrix,15,3.4325,0.0149,0.0997,0.0242,0.1331,-8.9228,0.4126,0.0,0.0,0.0,1.0,37,0,0.0,0.0,0.0,0.0,9,1.0,1.0,1.0,1.5,7.31,19.7,0.0,0.0,0.0,0.0,0.0,4.217e-07,0.0226,0.1276
1851509,Naganishia,15,3.4325,0.0264,0.1716,0.0511,0.2941,-8.9036,0.5256,0.0,0.0,0.0,5.92,129,0,0.0,0.0,0.0,0.0,674,1.0,1.0,1.16,2.185,6.638,9.27,0.0,0.0,0.0,0.0,0.0,1.522e-05,0.0475,0.2737
5740,Giardia,15,3.4325,0.0107,0.0576,0.0167,0.0952,-8.9216,0.4212,0.0,0.0,0.0,1.0,2,0,0.0,0.0,0.0,0.0,8,1.0,3.5,8.67,20.25,30.1,35.0,0.0,0.0,0.0,0.0,0.0,9.925e-07,0.0096,0.0631
398041,Flavisolibacter,15,3.4325,0.0275,0.198,0.0445,0.2816,-8.8819,0.6491,0.0,0.0,0.0,4.28,532,0,0.0,0.0,0.0,0.0,506,1.0,1.0,1.502,2.333,13.011,18.76240601503759,0.0,0.0,0.0,0.0,0.0,8.389e-05,0.0403,0.253
2179,Methanothermus,15,3.4325,0.0168,0.0969,0.0177,0.098,-8.8883,0.5944,0.0,0.0,0.0,3.0,6,0,0.0,0.0,0.0,0.0,5,1.0,4.335,9.0,24.15,97.0,174.0,0.0,0.0,0.0,0.0,0.0,4.083e-06,0.0096,0.0626
2948762,Ichnoviriform,15,3.4325,0.0145,0.092,0.0248,0.1458,-8.8574,0.7608,0.0,0.0,0.0,1.0,16,0,0.0,0.0,0.0,0.0,31,1.0,1.0,1.0,1.0,7.492,21.9,0.0,0.0,0.0,0.0,0.0,9.949e-05,0.0233,0.1344
404,Methylobacillus,15,3.4325,0.0168,0.1044,0.0319,0.1943,-8.8839,0.6264,0.0,0.0,0.0,2.0,16,0,0.0,0.0,0.0,0.0,58,1.0,1.0,1.0,1.26,4.181,9.27,0.0,0.0,0.0,0.0,0.0,2.109e-05,0.0301,0.1831
1692042,Sulfurifustis,15,3.4325,0.0192,0.125,0.0344,0.1952,-8.885,0.6154,0.0,0.0,0.0,2.0,60,0,0.0,0.0,0.0,0.0,51,1.0,1.0,1.17,2.35,11.954,16.7,0.0,0.0,0.0,0.0,0.0,1.317e-05,0.0308,0.1742
2766927,Persicimonas,15,3.4325,0.0222,0.1339,0.0359,0.1997,-8.8936,0.5686,0.0,0.0,0.0,6.2,19,0,0.0,0.0,0.0,0.0,45,1.0,1.0,1.33,3.11,11.44,12.0,0.0,0.0,0.0,0.0,0.0,5.747e-06,0.031,0.1714
1825023,Candidatus Nitrosotenuis,15,3.4325,0.02,0.1392,0.0541,0.3063,-8.8509,0.8001,0.0,0.0,0.0,3.0,167,0,0.0,0.0,0.0,0.0,461,1.0,1.0,1.0,1.93,7.38,10.6,0.0,0.0,0.0,0.0,0.0,0.0002907,0.0508,0.2871
943,Ehrlichia,15,3.4325,0.0126,0.0714,0.0294,0.1623,-8.877,0.6554,0.0,0.0,0.0,1.0,4,0,0.0,0.0,0.0,0.0,17,1.0,1.07,1.5,2.57,8.555,9.71,0.0,0.0,0.0,0.0,0.0,1.299e-05,0.0254,0.1403
286801,Segniliparus,15,3.4325,0.0232,0.1524,0.0369,0.2103,-8.8793,0.6472,0.0,0.0,0.0,4.0,45,0,0.0,0.0,0.0,0.0,54,1.0,1.165,1.95,5.315,44.3,45.0,0.0,0.0,0.0,0.0,0.0,1.753e-05,0.0303,0.1796
1742991,Pseudoglutamicibacter,15,3.4325,0.0146,0.0859,0.042,0.2486,-8.8678,0.7129,0.0,0.0,0.0,2.0,10,0,0.0,0.0,0.0,0.0,135,1.0,1.0,1.96,2.32,3.138,3.25,0.0,0.0,0.0,0.0,0.0,6.726e-05,0.039,0.2354
2888818,Pengzhenrongella,15,3.4325,0.0207,0.1355,0.0376,0.2171,-8.8826,0.6306,0.0,0.0,0.0,3.0,116,0,0.0,0.0,0.0,0.0,130,1.0,1.0,1.31,2.0,10.74,12.0,0.0,0.0,0.0,0.0,0.0,3.186e-05,0.0333,0.1917
2675232,Neobacillus,15,3.4325,0.0229,0.1518,0.037,0.2236,-8.8964,0.5599,0.0,0.0,0.0,6.28,142,0,0.0,0.0,0.0,0.0,168,1.0,1.0,1.085,1.504,5.668,14.18950704225352,0.0,0.0,0.0,0.0,0.0,1.306e-05,0.0349,0.2089
2675233,Metabacillus,15,3.4325,0.0178,0.1123,0.0334,0.2123,-8.8922,0.5864,0.0,0.0,0.0,2.0,21,0,0.0,0.0,0.0,0.0,395,1.0,1.0,1.0,1.755,4.591,9.469523809523809,0.0,0.0,0.0,0.0,0.0,8.454e-05,0.0312,0.196
241421,Crinalium,15,3.4325,0.0248,0.1788,0.0328,0.2099,-8.8934,0.5814,0.0,0.0,0.0,3.64,250,0,0.0,0.0,0.0,0.0,183,1.0,1.0,1.11,2.25,23.53,51.6,0.0,0.0,0.0,0.0,0.0,3.373e-05,0.0289,0.1903
1218,Prochlorococcus,15,3.4325,0.0162,0.0969,0.0303,0.1779,-8.8975,0.55,0.0,0.0,0.0,2.0,8,0,0.0,0.0,0.0,0.0,29,1.0,1.0,1.12,1.334,2.544,3.59,0.0,0.0,0.0,0.0,0.0,4.964e-06,0.0286,0.1667
290425,Advenella,15,3.4325,0.0206,0.1311,0.0318,0.1882,-8.8913,0.5846,0.0,0.0,0.0,3.0,68,0,0.0,0.0,0.0,0.0,88,1.0,1.0,2.0,2.222,6.924,12.594117647058823,0.0,0.0,0.0,0.0,0.0,1.847e-05,0.0283,0.1667
158483,Cedecea,15,3.4325,0.0155,0.0913,0.0241,0.1377,-8.9123,0.4709,0.0,0.0,0.0,2.0,12,0,0.0,0.0,0.0,0.0,23,1.0,1.125,1.5,2.0,3.8,8.0,0.0,0.0,0.0,0.0,0.0,2.15e-06,0.0214,0.1243
776,Coxiella,15,3.4325,0.0169,0.1045,0.0263,0.1616,-8.8791,0.6486,0.0,0.0,0.0,2.0,23,0,0.0,0.0,0.0,0.0,65,1.0,1.0,1.333,2.0,4.783,9.0,0.0,0.0,0.0,0.0,0.0,2.749e-05,0.0241,0.1496
2738399,Parasedimentitalea,15,3.4325,0.0215,0.1364,0.0332,0.1947,-8.8915,0.5814,0.0,0.0,0.0,3.28,28,0,0.0,0.0,0.0,0.0,115,1.0,1.0,2.0,3.3,5.904,6.044347826086955,0.0,0.0,0.0,0.0,0.0,1.338e-05,0.029,0.1719
2433,Roseobacter,15,3.4325,0.0212,0.1445,0.0356,0.2111,-8.8873,0.6052,0.0,0.0,0.0,3.28,66,0,0.0,0.0,0.0,0.0,135,1.0,1.0,1.067,2.085,11.389,16.393548387096775,0.0,0.0,0.0,0.0,0.0,1.531e-05,0.0321,0.1903
1433402,Glycocaulis,15,3.4325,0.0173,0.1073,0.0348,0.1992,-8.8807,0.6391,0.0,0.0,0.0,2.0,20,0,0.0,0.0,0.0,0.0,64,1.0,1.32,1.67,2.0,5.535,11.1,0.0,0.0,0.0,0.0,0.0,2.173e-05,0.0307,0.1761
978,Cytophaga,15,3.4325,0.018,0.1242,0.0373,0.2159,-8.8839,0.6238,0.0,0.0,0.0,2.0,70,0,0.0,0.0,0.0,0.0,124,1.0,1.0,1.11,1.965,10.062,22.2,0.0,0.0,0.0,0.0,0.0,2.844e-05,0.0338,0.1986
123,Pirellula,15,3.4325,0.0177,0.1131,0.0322,0.19,-8.8975,0.5517,0.0,0.0,0.0,2.64,40,0,0.0,0.0,0.0,0.0,66,1.0,1.0,1.0,1.667,29.932,92.77324999999999,0.0,0.0,0.0,0.0,0.0,9.361e-06,0.0297,0.1756
44,Melittangium,15,3.4325,0.0202,0.1433,0.0273,0.1612,-8.9064,0.5041,0.0,0.0,0.0,1.0,53,0,0.0,0.0,0.0,0.0,34,1.0,1.0,1.5,9.39,18.19,27.5,0.0,0.0,0.0,0.0,0.0,3.753e-06,0.0216,0.1313
458032,Chloracidobacterium,15,3.4325,0.0204,0.1344,0.027,0.1599,-8.8933,0.5726,0.0,0.0,0.0,2.64,60,0,0.0,0.0,0.0,0.0,38,1.0,1.0,1.113,2.812,27.5,31.0,0.0,0.0,0.0,0.0,0.0,1.471e-05,0.0238,0.1445
48558,Pyricularia,15,3.4325,0.0139,0.0883,0.0284,0.1701,-8.9277,0.3959,0.0,0.0,0.0,1.0,21,0,0.0,0.0,0.0,0.0,34,1.0,1.0,1.0,1.25,5.832,15.099999999999998,0.0,0.0,0.0,0.0,0.0,7.621e-07,0.0265,0.1584
28581,Allomyces,15,3.4325,0.0249,0.2019,0.032,0.1975,-8.9261,0.4097,0.0,0.0,0.0,2.64,2560,0,0.0,0.0,0.0,0.0,96,1.0,1.125,1.82,3.175,59.288,184.0,0.0,0.0,0.0,0.0,0.0,2.067e-06,0.026,0.1554
40272,Roseolovirus,15,3.4325,0.0189,0.1205,0.041,0.2538,-8.8289,0.9213,0.0,0.0,0.0,2.0,39,0,0.0,0.0,0.0,0.0,264,1.0,1.0,1.0,2.0,7.73,17.6,0.0,0.0,0.0,0.0,0.0,0.002103,0.041,0.2538
1003337,Angomonas,15,3.4325,0.017,0.1038,0.0142,0.0826,-8.9321,0.3641,0.0,0.0,0.0,2.64,12,0,0.0,0.0,0.0,0.0,5,1.0,1.0,1.75,2.6,5.92,9.0,0.0,0.0,0.0,0.0,0.0,3.194e-07,0.0117,0.0674
1486720,Methylomarinovum,15,3.4325,0.0203,0.1312,0.032,0.1841,-8.8806,0.6396,0.0,0.0,0.0,3.28,35,0,0.0,0.0,0.0,0.0,34,1.0,1.1,2.0,3.49,11.8,16.0,0.0,0.0,0.0,0.0,0.0,1.451e-05,0.0271,0.1592
229219,Blastomyces,15,3.4325,0.0203,0.1493,0.0302,0.1891,-8.9167,0.4541,0.0,0.0,0.0,2.64,309,0,0.0,0.0,0.0,0.0,127,1.0,1.0,1.0,3.679,51.135,140.11553398058254,0.0,0.0,0.0,0.0,0.0,2.171e-06,0.025,0.1496
1549750,Lomentospora,15,3.4325,0.0216,0.1658,0.0372,0.222,-8.9154,0.4636,0.0,0.0,0.0,1.64,478,0,0.0,0.0,0.0,0.0,142,1.0,1.0,1.5,8.75,57.17,160.0,0.0,0.0,0.0,0.0,0.0,4.094e-06,0.0299,0.1803
2251,Haloferax,15,3.4325,0.0402,0.2738,0.0655,0.3978,-8.8437,0.8616,0.0,0.0,0.0,30.84,1242,0,0.0,0.0,0.0,0.0,6857,1.0,1.024,1.33,2.0,4.335,8.04074074074074,0.0,0.0,0.0,0.0,0.0,0.004463,0.0624,0.3814
1100891,Paenalcaligenes,14,3.2037,0.0176,0.1177,0.0331,0.2002,-8.8886,0.62,0.0,0.0,0.0,2.0,43,0,0.0,0.0,0.0,0.0,55,1.0,1.0,1.0,1.838,7.689,14.366511627906977,0.0,0.0,0.0,0.0,0.0,1.971e-05,0.0306,0.1849
626,Xenorhabdus,14,3.2037,0.0199,0.13,0.034,0.2158,-8.8914,0.609,0.0,0.0,0.0,4.28,23,0,0.0,0.0,0.0,0.0,134,1.0,1.0,1.36,2.375,5.888,10.5,0.0,0.0,0.0,0.0,0.0,3.352e-05,0.032,0.2033
2828366,Caldichromatium,14,3.2037,0.0143,0.0922,0.033,0.1985,-8.8875,0.626,0.0,0.0,0.0,1.0,15,0,0.0,0.0,0.0,0.0,81,1.0,1.0,1.0,2.0,4.891,5.47,0.0,0.0,0.0,0.0,0.0,2.91e-05,0.0304,0.1813
3029205,Abyssibius,14,3.2037,0.0223,0.1568,0.0342,0.2133,-8.8881,0.6265,0.0,0.0,0.0,3.0,147,0,0.0,0.0,0.0,0.0,134,1.0,1.0,1.155,2.0,31.76,64.0,0.0,0.0,0.0,0.0,0.0,4.358e-05,0.0303,0.1938
2029,Kibdelosporangium,14,3.2037,0.0218,0.1475,0.0352,0.2065,-8.9041,0.5337,0.0,0.0,0.0,3.64,109,0,0.0,0.0,0.0,0.0,87,1.0,1.132,1.67,1.962,10.768,13.7,0.0,0.0,0.0,0.0,0.0,7.745e-06,0.0305,0.1782
2913367,Spiractinospora,14,3.2037,0.0143,0.0916,0.0311,0.1815,-8.899,0.5598,0.0,0.0,0.0,2.0,20,0,0.0,0.0,0.0,0.0,60,1.0,1.0,1.0,1.562,4.294,7.720000000000001,0.0,0.0,0.0,0.0,0.0,1.057e-05,0.0292,0.1675
908623,Euzebya,14,3.2037,0.0225,0.1559,0.0364,0.2103,-8.8946,0.5846,0.0,0.0,0.0,5.56,180,0,0.0,0.0,0.0,0.0,58,1.0,1.0,1.32,2.688,12.695,15.1,0.0,0.0,0.0,0.0,0.0,9.302e-06,0.0315,0.183
1470540,Jeotgalibaca,14,3.2037,0.0182,0.1143,0.038,0.232,-8.8802,0.6664,0.0,0.0,0.0,3.0,19,0,0.0,0.0,0.0,0.0,117,1.0,1.0,1.432,2.0,15.566,19.4,0.0,0.0,0.0,0.0,0.0,3.018e-05,0.0363,0.2233
648800,Solibacillus,14,3.2037,0.0228,0.1449,0.0352,0.2239,-8.8936,0.5996,0.0,0.0,0.0,5.28,53,0,0.0,0.0,0.0,0.0,457,1.0,1.032,1.514,2.364,3.907,5.0600000000000005,0.0,0.0,0.0,0.0,0.0,0.0001161,0.0327,0.2114
332157,Larkinella,14,3.2037,0.023,0.1491,0.0346,0.2225,-8.8971,0.5801,0.0,0.0,0.0,5.28,56,0,0.0,0.0,0.0,0.0,312,1.0,1.0,1.54,2.885,12.145,13.0,0.0,0.0,0.0,0.0,0.0,4.79e-05,0.0306,0.202
294702,Proteiniphilum,14,3.2037,0.0171,0.1115,0.0342,0.2144,-8.8931,0.5986,0.0,0.0,0.0,2.0,15,0,0.0,0.0,0.0,0.0,143,1.0,1.0,1.044,1.846,2.387,3.1053846153846156,0.0,0.0,0.0,0.0,0.0,3.309e-05,0.0324,0.204
256319,Chlorobaculum,14,3.2037,0.0153,0.1013,0.0272,0.1648,-8.8929,0.5941,0.0,0.0,0.0,1.64,25,0,0.0,0.0,0.0,0.0,26,1.0,1.0,1.0,1.57,8.582,13.776,0.0,0.0,0.0,0.0,0.0,8.088e-06,0.025,0.1491
127,Isosphaera,14,3.2037,0.0205,0.161,0.0292,0.1768,-8.9012,0.5501,0.0,0.0,0.0,1.64,168,0,0.0,0.0,0.0,0.0,91,1.0,1.0,1.155,1.86,23.99,37.9,0.0,0.0,0.0,0.0,0.0,1.659e-05,0.0254,0.1508
935200,Sulfuricella,14,3.2037,0.0161,0.114,0.0315,0.1829,-8.8904,0.6068,0.0,0.0,0.0,2.0,74,0,0.0,0.0,0.0,0.0,51,1.0,1.0,1.0,1.382,3.884,6.27,0.0,0.0,0.0,0.0,0.0,1.626e-05,0.0296,0.1711
146918,Salinibacter,14,3.2037,0.0193,0.1347,0.0358,0.2292,-8.9018,0.557,0.0,0.0,0.0,2.0,41,0,0.0,0.0,0.0,0.0,272,1.0,1.0,1.0,1.59,4.03,7.800000000000001,0.0,0.0,0.0,0.0,0.0,2.966e-05,0.0338,0.2159
376170,Haloplanus,14,3.2037,0.0495,0.3396,0.0826,0.502,-8.8426,0.884,0.0,0.0,0.0,106.64,4451,0,0.0,0.0,0.0,0.0,47601,1.0,1.0,1.014,1.493,4.749,9.618181818181819,0.0,0.0,0.0,0.0,0.0,0.004067,0.0805,0.4882
649461,Lacibacter,14,3.2037,0.0266,0.2082,0.0363,0.2523,-8.8942,0.6074,0.0,0.0,0.0,2.0,596,0,0.0,0.0,0.0,0.0,531,1.0,1.0,1.0,1.418,17.78,20.9,0.0,0.0,0.0,0.0,0.0,0.0001042,0.0325,0.2198
3062336,Parasphaerochaeta,14,3.2037,0.0191,0.1375,0.0246,0.148,-8.8941,0.5883,0.0,0.0,0.0,1.64,71,0,0.0,0.0,0.0,0.0,14,1.0,1.0,1.75,4.812,26.49,53.4,0.0,0.0,0.0,0.0,0.0,6.451e-06,0.0193,0.1188
4769,Saprolegnia,14,3.2037,0.0191,0.1307,0.0268,0.1779,-8.9339,0.3773,0.0,0.0,0.0,3.0,79,0,0.0,0.0,0.0,0.0,127,1.0,1.139,1.835,3.625,710.358,2020.0,0.0,0.0,0.0,0.0,0.0,2.573e-06,0.0225,0.1633
2662752,Kalamiella,14,3.2037,0.0161,0.1045,0.0367,0.245,-8.8932,0.6076,0.0,0.0,0.0,2.0,21,0,0.0,0.0,0.0,0.0,255,1.0,1.0,1.0,1.4,4.422,8.92,0.0,0.0,0.0,0.0,0.0,4.946e-05,0.0349,0.2308
1030,Thiothrix,14,3.2037,0.0155,0.0964,0.028,0.1691,-8.9002,0.5531,0.0,0.0,0.0,2.0,11,0,0.0,0.0,0.0,0.0,34,1.0,1.062,2.0,2.045,4.915,7.14,0.0,0.0,0.0,0.0,0.0,5.925e-06,0.0249,0.1529
2944152,Wujia,14,3.2037,0.0184,0.1225,0.0435,0.2631,-8.875,0.6987,0.0,0.0,0.0,2.0,27,0,0.0,0.0,0.0,0.0,291,1.0,1.0,1.175,2.75,14.67,20.0,0.0,0.0,0.0,0.0,0.0,0.0001164,0.039,0.2408
2905967,Candidatus Minimicrobia,14,3.2037,0.0158,0.1018,0.0449,0.2592,-8.8506,0.8263,0.0,0.0,0.0,2.0,23,0,0.0,0.0,0.0,0.0,92,1.0,1.0,1.0,1.32,3.446,5.5,0.0,0.0,0.0,0.0,0.0,0.0001806,0.0432,0.2495
2892997,Candidatus Viadribacter,14,3.2037,0.0186,0.1417,0.0358,0.206,-8.8878,0.6212,0.0,0.0,0.0,2.0,315,0,0.0,0.0,0.0,0.0,43,1.0,1.095,1.49,2.135,12.601,22.0,0.0,0.0,0.0,0.0,0.0,1.168e-05,0.0316,0.1817
1742990,Paeniglutamicibacter,14,3.2037,0.0129,0.0762,0.0367,0.2185,-8.8885,0.6206,0.0,0.0,0.0,1.64,5,0,0.0,0.0,0.0,0.0,76,1.0,1.0,1.0,1.0,1.908,3.0,0.0,0.0,0.0,0.0,0.0,1.885e-05,0.036,0.2126
207244,Anaerostipes,14,3.2037,0.0192,0.1356,0.0393,0.2558,-8.8844,0.6511,0.0,0.0,0.0,2.64,98,0,0.0,0.0,0.0,0.0,271,1.0,1.0,1.0,2.183,6.372,13.73469387755102,0.0,0.0,0.0,0.0,0.0,5.917e-05,0.0366,0.2361
3025755,Thomasclavelia,14,3.2037,0.0189,0.1286,0.0401,0.2459,-8.8884,0.6245,0.0,0.0,0.0,3.0,90,0,0.0,0.0,0.0,0.0,170,1.0,1.0,1.0,1.354,9.144,17.657444444444444,0.0,0.0,0.0,0.0,0.0,2.715e-05,0.0384,0.2353
669357,Geminocystis,14,3.2037,0.0152,0.094,0.0244,0.1539,-8.9085,0.5117,0.0,0.0,0.0,2.0,13,0,0.0,0.0,0.0,0.0,60,1.0,1.0,1.0,1.079,3.286,4.746153846153846,0.0,0.0,0.0,0.0,0.0,6.381e-06,0.0231,0.1453
748770,Dolichospermum,14,3.2037,0.018,0.1148,0.0361,0.2094,-8.8824,0.6515,0.0,0.0,0.0,2.64,25,0,0.0,0.0,0.0,0.0,31,1.0,1.0,1.15,1.671,6.02,12.52,0.0,0.0,0.0,0.0,0.0,1.392e-05,0.0337,0.196
159191,Nodularia,14,3.2037,0.0195,0.1267,0.0265,0.1635,-8.9039,0.536,0.0,0.0,0.0,5.0,36,0,0.0,0.0,0.0,0.0,26,1.0,1.0,1.433,1.777,6.661,13.46,0.0,0.0,0.0,0.0,0.0,5.126e-06,0.0241,0.1495
1005038,Fimbriimonas,14,3.2037,0.0221,0.1526,0.0355,0.2309,-8.8947,0.5965,0.0,0.0,0.0,6.2,144,0,0.0,0.0,0.0,0.0,171,1.0,1.008,1.705,7.338,11.465,14.0,0.0,0.0,0.0,0.0,0.0,3.287e-05,0.0312,0.2094
637,Arsenophonus,14,3.2037,0.0211,0.1321,0.0328,0.2145,-8.886,0.6374,0.0,0.0,0.0,5.64,19,0,0.0,0.0,0.0,0.0,160,1.0,1.285,1.714,3.525,19.15,25.0,0.0,0.0,0.0,0.0,0.0,4.977e-05,0.0289,0.1976
305899,Endozoicomonas,14,3.2037,0.0203,0.1271,0.0332,0.1965,-8.9015,0.5447,0.0,0.0,0.0,4.64,17,0,0.0,0.0,0.0,0.0,53,1.0,1.0,1.42,3.07,16.35,17.0,0.0,0.0,0.0,0.0,0.0,2.808e-06,0.0293,0.1794
361106,Desulfoglaeba,14,3.2037,0.0144,0.0947,0.0221,0.1427,-8.9031,0.541,0.0,0.0,0.0,1.64,25,0,0.0,0.0,0.0,0.0,37,1.0,1.432,2.0,2.375,8.909,9.0,0.0,0.0,0.0,0.0,0.0,1.152e-05,0.0186,0.1236
577309,Paraprevotella,14,3.2037,0.0212,0.1303,0.0436,0.2839,-8.8791,0.6843,0.0,0.0,0.0,5.28,16,0,0.0,0.0,0.0,0.0,1519,1.0,1.065,1.185,1.627,7.991,17.0,0.0,0.0,0.0,0.0,0.0,0.0004721,0.0413,0.2769
37236,Amauroascus,14,3.2037,0.0201,0.1371,0.0351,0.2196,-8.9166,0.4738,0.0,0.0,0.0,3.28,59,0,0.0,0.0,0.0,0.0,318,1.0,1.0,1.195,2.975,10.24,14.4,0.0,0.0,0.0,0.0,0.0,1.23e-05,0.0309,0.1984
71,Simonsiella,14,3.2037,0.0198,0.1441,0.0371,0.2196,-8.8797,0.6687,0.0,0.0,0.0,2.0,163,0,0.0,0.0,0.0,0.0,86,1.0,1.0,1.07,2.0,21.467,53.2,0.0,0.0,0.0,0.0,0.0,3.916e-05,0.0333,0.1988
73778,Methylocaldum,14,3.2037,0.0183,0.117,0.0309,0.179,-8.8991,0.5588,0.0,0.0,0.0,3.0,21,0,0.0,0.0,0.0,0.0,35,1.0,1.347,2.0,2.817,9.34,17.4,0.0,0.0,0.0,0.0,0.0,6.212e-06,0.0264,0.1535
2709685,Parasphingorhabdus,14,3.2037,0.0214,0.1429,0.032,0.2023,-8.8952,0.5843,0.0,0.0,0.0,2.64,43,0,0.0,0.0,0.0,0.0,106,1.0,1.0,1.357,2.0,5.206,10.865348837209302,0.0,0.0,0.0,0.0,0.0,1.341e-05,0.0299,0.1891
221065,Kordia,14,3.2037,0.0142,0.0878,0.0269,0.1604,-8.9043,0.5315,0.0,0.0,0.0,2.0,13,0,0.0,0.0,0.0,0.0,47,1.0,1.0,1.05,1.193,2.249,2.6,0.0,0.0,0.0,0.0,0.0,6.744e-06,0.0256,0.1529
75984,Mannheimia,14,3.2037,0.0269,0.1991,0.0433,0.2723,-8.8802,0.6764,0.0,0.0,0.0,4.28,380,0,0.0,0.0,0.0,0.0,867,1.0,1.0,1.085,1.895,17.516,26.13505263157894,0.0,0.0,0.0,0.0,0.0,0.0003569,0.0399,0.2446
94642,Besnoitia,14,3.2037,0.0147,0.0935,0.0316,0.2065,-8.9315,0.3984,0.0,0.0,0.0,1.64,13,0,0.0,0.0,0.0,0.0,152,1.0,1.0,1.15,1.552,4.207,8.25,0.0,0.0,0.0,0.0,0.0,2.809e-06,0.0295,0.1945
2806252,Haloglomus,14,3.2037,0.0352,0.2613,0.0551,0.3688,-8.871,0.7437,0.0,0.0,0.0,25.36,1075,0,0.0,0.0,0.0,0.0,7344,1.0,1.0,1.026,1.914,4.791,9.811764705882354,0.0,0.0,0.0,0.0,0.0,0.001787,0.0529,0.3554
1073986,Halobellus,14,3.2037,0.0355,0.2614,0.0585,0.3714,-8.8648,0.7654,0.0,0.0,0.0,25.52,1010,0,0.0,0.0,0.0,0.0,5840,1.0,1.0,1.0,1.656,5.764,12.05264705882353,0.0,0.0,0.0,0.0,0.0,0.001225,0.0565,0.3576
224471,Burkholderiales genera incertae sedis,13,2.9748,0.017,0.1276,0.0815,0.4805,-8.8777,0.709,0.0,0.0,0.0,2.0,105,0,0.0,0.0,0.0,0.0,8046,1.03,1.05,1.51,2.03,11.6,11.9,0.0,0.0,0.0,0.0,0.0,0.0001903,0.0765,0.4483
96,Gallionella,13,2.9748,0.0129,0.0772,0.0308,0.1864,-8.8961,0.5981,0.0,0.0,0.0,2.0,4,0,0.0,0.0,0.0,0.0,49,1.0,1.0,1.53,2.0,3.9,5.25,0.0,0.0,0.0,0.0,0.0,1.606e-05,0.0282,0.1717
35798,Nitrosospira,13,2.9748,0.0134,0.0946,0.0237,0.1582,-8.9049,0.5523,0.0,0.0,0.0,1.64,33,0,0.0,0.0,0.0,0.0,106,1.0,1.0,1.0,1.33,5.151,9.878181818181819,0.0,0.0,0.0,0.0,0.0,2.804e-05,0.0223,0.1459
85073,Thermochromatium,13,2.9748,0.0137,0.0914,0.0308,0.1892,-8.8947,0.6067,0.0,0.0,0.0,1.0,15,0,0.0,0.0,0.0,0.0,78,1.0,1.0,1.18,1.83,3.766,5.59,0.0,0.0,0.0,0.0,0.0,2.873e-05,0.0286,0.1749
1160973,Auritidibacter,13,2.9748,0.014,0.0907,0.0278,0.1787,-8.8915,0.6276,0.0,0.0,0.0,2.0,10,0,0.0,0.0,0.0,0.0,42,1.0,1.0,1.0,1.0,8.8,10.0,0.0,0.0,0.0,0.0,0.0,2.284e-05,0.0259,0.1687
203133,Propionimicrobium,13,2.9748,0.0176,0.1268,0.0357,0.2185,-8.8917,0.6255,0.0,0.0,0.0,2.28,60,0,0.0,0.0,0.0,0.0,86,1.0,1.0,1.12,1.67,7.544,8.36,0.0,0.0,0.0,0.0,0.0,2.696e-05,0.033,0.2018
2912996,Changpingibacter,13,2.9748,0.0177,0.1182,0.0442,0.266,-8.8795,0.6943,0.0,0.0,0.0,2.64,32,0,0.0,0.0,0.0,0.0,164,1.0,1.0,1.38,1.69,4.562,5.03,0.0,0.0,0.0,0.0,0.0,6.39e-05,0.0418,0.252
28263,Arcanobacterium,13,2.9748,0.0243,0.1954,0.0386,0.3024,-8.876,0.753,0.0,0.0,0.0,3.28,1062,0,0.0,0.0,0.0,0.0,50466,1.0,1.0,1.077,2.0,8.372,13.43,0.0,0.0,0.0,0.0,0.0,0.02728,0.0363,0.2952
76632,Thermobacillus,13,2.9748,0.0142,0.095,0.0291,0.1918,-8.9025,0.5676,0.0,0.0,0.0,2.0,22,0,0.0,0.0,0.0,0.0,120,1.0,1.0,1.6,2.0,5.96,10.4,0.0,0.0,0.0,0.0,0.0,2.947e-05,0.0257,0.1682
2834348,Caproicibacterium,13,2.9748,0.017,0.1158,0.0335,0.2001,-8.8908,0.6275,0.0,0.0,0.0,3.0,42,0,0.0,0.0,0.0,0.0,42,1.0,1.0,1.0,1.86,7.046,13.114285714285714,0.0,0.0,0.0,0.0,0.0,2.108e-05,0.0308,0.1841
33042,Coprococcus,13,2.9748,0.021,0.1507,0.0426,0.2785,-8.8815,0.6983,0.0,0.0,0.0,5.28,71,0,0.0,0.0,0.0,0.0,1421,1.0,1.0,1.43,2.0,7.664,14.359154929577464,0.0,0.0,0.0,0.0,0.0,0.001395,0.0396,0.2617
1013,Weeksella,13,2.9748,0.0138,0.0988,0.033,0.2023,-8.8899,0.6353,0.0,0.0,0.0,1.64,39,0,0.0,0.0,0.0,0.0,100,1.0,1.0,1.09,2.0,13.482,27.0,0.0,0.0,0.0,0.0,0.0,4.544e-05,0.0301,0.1886
2715289,Amniculibacterium,13,2.9748,0.0179,0.1214,0.0326,0.2062,-8.8929,0.621,0.0,0.0,0.0,3.0,20,0,0.0,0.0,0.0,0.0,73,1.0,1.0,1.02,1.6,15.56,23.9,0.0,0.0,0.0,0.0,0.0,2.796e-05,0.03,0.1941
2674996,Tellurirhabdus,13,2.9748,0.0163,0.0999,0.0217,0.1398,-8.915,0.4923,0.0,0.0,0.0,2.64,8,0,0.0,0.0,0.0,0.0,31,1.0,1.42,2.0,3.33,9.52,11.8,0.0,0.0,0.0,0.0,0.0,5.631e-06,0.0177,0.1194
168934,Thalassospira,13,2.9748,0.0163,0.1129,0.0292,0.1847,-8.9021,0.5656,0.0,0.0,0.0,1.64,27,0,0.0,0.0,0.0,0.0,58,1.0,1.0,2.0,2.447,6.312,6.64,0.0,0.0,0.0,0.0,0.0,9.289e-06,0.0265,0.1678
212742,Morococcus,13,2.9748,0.018,0.1414,0.0424,0.2749,-8.865,0.7843,0.0,0.0,0.0,1.0,197,0,0.0,0.0,0.0,0.0,721,1.0,1.0,1.0,1.15,5.164,10.3,0.0,0.0,0.0,0.0,0.0,0.001054,0.0407,0.261
1295378,Methylogaea,13,2.9748,0.0167,0.1124,0.0321,0.1911,-8.8977,0.5877,0.0,0.0,0.0,2.64,26,0,0.0,0.0,0.0,0.0,34,1.0,1.47,2.0,2.36,6.24,7.53,0.0,0.0,0.0,0.0,0.0,8.722e-06,0.028,0.1654
1237,Piscirickettsia,13,2.9748,0.0187,0.1226,0.0298,0.1885,-8.9088,0.5307,0.0,0.0,0.0,5.92,13,0,0.0,0.0,0.0,0.0,36,1.0,1.29,1.83,2.43,13.288,27.4,0.0,0.0,0.0,0.0,0.0,5.221e-06,0.0256,0.1622
2661800,Georhizobium,13,2.9748,0.0182,0.1269,0.0353,0.2227,-8.896,0.6045,0.0,0.0,0.0,2.64,40,0,0.0,0.0,0.0,0.0,118,1.0,1.0,1.25,2.5,9.038,11.3,0.0,0.0,0.0,0.0,0.0,2.856e-05,0.0318,0.2001
1676651,Limnochorda,13,2.9748,0.0164,0.1423,0.0329,0.1974,-8.8967,0.5947,0.0,0.0,0.0,1.0,274,0,0.0,0.0,0.0,0.0,42,1.0,1.0,1.0,1.33,33.0,63.60000000000001,0.0,0.0,0.0,0.0,0.0,1.114e-05,0.0294,0.1751
2857076,Anthocerotibacter,13,2.9748,0.0225,0.1847,0.0286,0.1726,-8.9024,0.5614,0.0,0.0,0.0,1.64,504,0,0.0,0.0,0.0,0.0,53,1.0,1.0,1.0,4.25,59.8,115.0,0.0,0.0,0.0,0.0,0.0,1.29e-05,0.023,0.1395
1524214,Vulgatibacter,13,2.9748,0.0164,0.1111,0.0275,0.1726,-8.9047,0.5516,0.0,0.0,0.0,2.64,27,0,0.0,0.0,0.0,0.0,40,1.0,1.0,1.14,4.5,9.11,10.4,0.0,0.0,0.0,0.0,0.0,9.424e-06,0.0238,0.1519
311453,Anncaliia,13,2.9748,0.0141,0.0902,0.0146,0.0878,-8.9207,0.455,0.0,0.0,0.0,2.0,8,0,0.0,0.0,0.0,0.0,4,1.0,2.0,3.5,8.0,17.5,28.0,0.0,0.0,0.0,0.0,0.0,8.223e-07,0.0101,0.0632
10375,Lymphocryptovirus,13,2.9748,0.0284,0.2222,0.059,0.3964,-8.826,1.0165,0.0,0.0,0.0,21.84,1331,0,0.0,0.0,0.0,0.0,10798,1.0,1.0,1.202,2.13,16.642,18.054545454545455,0.0,0.0,0.0,0.0,0.0,0.05849,0.059,0.3964
63265,Sporisorium,13,2.9748,0.0162,0.116,0.0305,0.2048,-8.9202,0.4728,0.0,0.0,0.0,1.64,50,0,0.0,0.0,0.0,0.0,87,1.0,1.0,1.0,1.04,4.88,9.95,0.0,0.0,0.0,0.0,0.0,5.053e-06,0.0291,0.1927
35089,Gregarina,13,2.9748,0.0231,0.1909,0.0189,0.1223,-8.9292,0.4117,0.0,0.0,0.0,1.64,743,0,0.0,0.0,0.0,0.0,17,1.0,1.0,1.0,13.3,408.96,984.0,0.0,0.0,0.0,0.0,0.0,1.371e-06,0.0132,0.0867
568,Hafnia,13,2.9748,0.0131,0.0861,0.0347,0.2167,-8.898,0.5908,0.0,0.0,0.0,1.0,10,0,0.0,0.0,0.0,0.0,88,1.0,1.0,1.0,2.0,9.8,20.0,0.0,0.0,0.0,0.0,0.0,1.834e-05,0.0327,0.2096
235572,Candidatus Portiera,13,2.9748,0.0172,0.1192,0.0325,0.1985,-8.8714,0.7518,0.0,0.0,0.0,2.0,29,0,0.0,0.0,0.0,0.0,55,1.0,1.0,1.05,1.64,2.887,4.35,0.0,0.0,0.0,0.0,0.0,0.001616,0.0307,0.1861
390876,Nisaea,13,2.9748,0.0167,0.1134,0.0348,0.2129,-8.8974,0.5929,0.0,0.0,0.0,3.0,39,0,0.0,0.0,0.0,0.0,73,1.0,1.14,1.86,2.58,8.03,9.65,0.0,0.0,0.0,0.0,0.0,1.583e-05,0.0305,0.184
1348911,Coprobacter,13,2.9748,0.0188,0.1212,0.0295,0.1865,-8.9025,0.5634,0.0,0.0,0.0,3.92,16,0,0.0,0.0,0.0,0.0,61,1.0,1.0,2.0,3.121,14.016,27.1,0.0,0.0,0.0,0.0,0.0,9.283e-06,0.0261,0.1663
1860196,Pseudobacter,13,2.9748,0.0191,0.1369,0.029,0.1938,-8.9118,0.5185,0.0,0.0,0.0,2.0,68,0,0.0,0.0,0.0,0.0,68,1.0,1.0,1.87,4.64,15.98,17.0,0.0,0.0,0.0,0.0,0.0,8.779e-06,0.024,0.1628
2094023,Glaesserella,13,2.9748,0.0136,0.0937,0.0278,0.177,-8.9012,0.598,0.0,0.0,0.0,1.0,16,0,0.0,0.0,0.0,0.0,78,1.0,1.0,1.22,1.565,3.328,3.82,0.0,0.0,0.0,0.0,0.0,0.009009,0.0259,0.1664
138,Borrelia,13,2.9748,0.0207,0.1348,0.0272,0.1665,-8.8916,0.6238,0.0,0.0,0.0,3.64,31,0,0.0,0.0,0.0,0.0,29,1.0,1.0,1.335,2.0,15.594,32.04838709677419,0.0,0.0,0.0,0.0,0.0,5.247e-05,0.0242,0.153
1051,Ectothiorhodospira,13,2.9748,0.0163,0.1103,0.0296,0.1761,-8.8983,0.5838,0.0,0.0,0.0,2.0,37,0,0.0,0.0,0.0,0.0,35,1.0,1.0,1.57,2.0,8.328,10.5,0.0,0.0,0.0,0.0,0.0,1.052e-05,0.026,0.1537
1161127,Murdochiella,13,2.9748,0.0149,0.0994,0.0348,0.2027,-8.8826,0.6722,0.0,0.0,0.0,2.0,17,0,0.0,0.0,0.0,0.0,33,1.0,1.0,1.0,2.0,5.784,6.36,0.0,0.0,0.0,0.0,0.0,2.123e-05,0.0324,0.1898
146825,Halorhabdus,13,2.9748,0.0387,0.2775,0.06,0.4008,-8.8704,0.7713,0.0,0.0,0.0,16.84,1508,0,0.0,0.0,0.0,0.0,11009,1.0,1.0,1.029,1.712,3.506,5.546153846153846,0.0,0.0,0.0,0.0,0.0,0.002223,0.0581,0.3894
644652,Gordonibacter,13,2.9748,0.0148,0.0998,0.0245,0.1516,-8.9039,0.5544,0.0,0.0,0.0,1.64,14,0,0.0,0.0,0.0,0.0,23,1.0,1.0,1.5,4.04,6.572,7.43,0.0,0.0,0.0,0.0,0.0,7.537e-06,0.0206,0.1276
2126548,Miniphocaeibacter,13,2.9748,0.0157,0.1374,0.0248,0.1685,-8.9009,0.577,0.0,0.0,0.0,1.0,366,0,0.0,0.0,0.0,0.0,132,1.0,1.0,1.0,1.16,24.52,58.3,0.0,0.0,0.0,0.0,0.0,5.656e-05,0.0223,0.1444
1848399,Crassaminicella,13,2.9748,0.0153,0.1036,0.0252,0.1598,-8.9075,0.5344,0.0,0.0,0.0,2.0,21,0,0.0,0.0,0.0,0.0,32,1.0,1.0,1.33,2.0,4.666,7.914285714285714,0.0,0.0,0.0,0.0,0.0,4.808e-06,0.0231,0.1451
1152,Pseudanabaena,13,2.9748,0.0206,0.1395,0.0336,0.2033,-8.9029,0.5583,0.0,0.0,0.0,3.64,34,0,0.0,0.0,0.0,0.0,53,1.0,1.0,1.0,1.5,11.507,11.76705882352941,0.0,0.0,0.0,0.0,0.0,7.403e-06,0.0306,0.1819
2680021,Ephemeroptericola,13,2.9748,0.0165,0.1159,0.0256,0.1575,-8.9003,0.5738,0.0,0.0,0.0,1.64,34,0,0.0,0.0,0.0,0.0,39,1.0,1.0,1.65,2.41,10.52,14.300000000000002,0.0,0.0,0.0,0.0,0.0,1.472e-05,0.0221,0.138
579,Kluyvera,13,2.9748,0.0167,0.1147,0.0358,0.2147,-8.8983,0.5854,0.0,0.0,0.0,2.64,43,0,0.0,0.0,0.0,0.0,61,1.0,1.0,1.354,1.9,7.202,11.503023255813954,0.0,0.0,0.0,0.0,0.0,1.137e-05,0.0331,0.1974
1649479,Permianibacter,13,2.9748,0.0127,0.0859,0.025,0.1639,-8.9074,0.5376,0.0,0.0,0.0,1.0,12,0,0.0,0.0,0.0,0.0,147,1.0,1.0,1.67,4.11,17.02,28.3,0.0,0.0,0.0,0.0,0.0,3.543e-05,0.0207,0.1373
436357,Thalassococcus,13,2.9748,0.0159,0.1066,0.0324,0.1976,-8.9008,0.5731,0.0,0.0,0.0,2.0,31,0,0.0,0.0,0.0,0.0,32,1.0,1.0,1.16,2.0,5.816,10.7,0.0,0.0,0.0,0.0,0.0,6.581e-06,0.0298,0.1811
332102,Fluviicola,13,2.9748,0.0179,0.1113,0.0337,0.2102,-8.8985,0.588,0.0,0.0,0.0,3.64,10,0,0.0,0.0,0.0,0.0,97,1.0,1.41,2.0,3.0,21.338,45.2,0.0,0.0,0.0,0.0,0.0,2.13e-05,0.0289,0.1869
1379908,Rufibacter,13,2.9748,0.0183,0.1267,0.0339,0.2148,-8.9025,0.5669,0.0,0.0,0.0,2.64,50,0,0.0,0.0,0.0,0.0,174,1.0,1.0,1.15,1.43,14.538,32.444,0.0,0.0,0.0,0.0,0.0,2.849e-05,0.0315,0.2027
246875,Algoriphagus,13,2.9748,0.0176,0.1365,0.0375,0.2397,-8.895,0.6107,0.0,0.0,0.0,1.64,175,0,0.0,0.0,0.0,0.0,591,1.0,1.09,1.75,2.0,8.125,12.812000000000003,0.0,0.0,0.0,0.0,0.0,0.0001511,0.0341,0.2176
354354,Niastella,13,2.9748,0.0212,0.1515,0.0298,0.1871,-8.9116,0.513,0.0,0.0,0.0,3.0,93,0,0.0,0.0,0.0,0.0,61,1.0,1.0,1.68,3.47,23.54,27.8,0.0,0.0,0.0,0.0,0.0,6.806e-06,0.0247,0.1561
1874621,Panacibacter,13,2.9748,0.0231,0.1594,0.0412,0.2548,-8.8929,0.6215,0.0,0.0,0.0,4.0,81,0,0.0,0.0,0.0,0.0,172,1.0,1.0,2.0,2.79,6.88,11.2,0.0,0.0,0.0,0.0,0.0,3.136e-05,0.0371,0.228
2836216,Phnomibacter,13,2.9748,0.0205,0.1456,0.0326,0.2069,-8.8993,0.5846,0.0,0.0,0.0,3.64,99,0,0.0,0.0,0.0,0.0,148,1.0,1.0,1.29,2.8,7.44,11.099999999999998,0.0,0.0,0.0,0.0,0.0,3.41e-05,0.0293,0.1841
379899,Niabella,13,2.9748,0.0206,0.1581,0.0333,0.2102,-8.9022,0.5654,0.0,0.0,0.0,2.64,318,0,0.0,0.0,0.0,0.0,150,1.0,1.0,1.67,2.247,13.133,26.681761006289307,0.0,0.0,0.0,0.0,0.0,1.48e-05,0.0299,0.1841
2789201,Candidatus Velamenicoccus,13,2.9748,0.0177,0.1336,0.0286,0.1854,-8.8943,0.614,0.0,0.0,0.0,2.0,146,0,0.0,0.0,0.0,0.0,46,1.0,1.0,1.57,2.34,12.75,25.2,0.0,0.0,0.0,0.0,0.0,2.349e-05,0.0248,0.1593
115782,Trichlorobacter,13,2.9748,0.016,0.1116,0.023,0.1412,-8.9131,0.5003,0.0,0.0,0.0,2.0,48,0,0.0,0.0,0.0,0.0,20,1.0,1.0,2.0,2.67,8.328,15.99375,0.0,0.0,0.0,0.0,0.0,2.47e-06,0.0193,0.1158
45654,Desulfonema,13,2.9748,0.0151,0.1023,0.0254,0.1627,-8.9148,0.496,0.0,0.0,0.0,1.64,21,0,0.0,0.0,0.0,0.0,43,1.0,1.0,1.35,2.0,7.986,9.464761904761904,0.0,0.0,0.0,0.0,0.0,5.495e-06,0.0227,0.1462
1644057,Salinigranum,13,2.9748,0.0292,0.2213,0.049,0.3251,-8.8832,0.69,0.0,0.0,0.0,11.4,413,0,0.0,0.0,0.0,0.0,2559,1.0,1.0,1.05,1.63,4.836,9.12,0.0,0.0,0.0,0.0,0.0,0.0005454,0.0469,0.3125
1911573,Haloprofundus,13,2.9748,0.033,0.2401,0.0464,0.32,-8.8869,0.6672,0.0,0.0,0.0,19.8,585,0,0.0,0.0,0.0,0.0,2631,1.0,1.0,1.0,1.869,4.85,9.029117647058824,0.0,0.0,0.0,0.0,0.0,0.0003025,0.0443,0.308
1826864,Candidatus Nitrosocosmicus,13,2.9748,0.018,0.1219,0.0306,0.204,-8.8985,0.591,0.0,0.0,0.0,3.92,25,0,0.0,0.0,0.0,0.0,466,1.0,1.0,1.085,1.608,3.04,4.6,0.0,0.0,0.0,0.0,0.0,0.00014,0.0289,0.1945
181083,Chlorovirus,13,2.9748,0.0127,0.077,0.0287,0.1935,-8.8694,0.7549,0.0,0.0,0.0,2.0,4,0,0.0,0.0,0.0,0.0,126,1.0,1.0,1.0,1.2,2.386,4.0,0.0,0.0,0.0,0.0,0.0,0.0003982,0.0287,0.1935
181086,Prymnesiovirus,13,2.9748,0.0111,0.0719,0.025,0.1561,-8.8783,0.6994,0.0,0.0,0.0,1.0,10,0,0.0,0.0,0.0,0.0,43,1.0,1.0,1.0,1.12,2.0,2.0,0.0,0.0,0.0,0.0,0.0,9.967e-05,0.025,0.1561
334107,Conchiformibius,13,2.9748,0.0167,0.126,0.036,0.2284,-8.8861,0.6601,0.0,0.0,0.0,2.0,98,0,0.0,0.0,0.0,0.0,332,1.0,1.0,1.0,1.61,4.834,8.08,0.0,0.0,0.0,0.0,0.0,0.0001581,0.034,0.2186
2698688,Paraflavitalea,13,2.9748,0.0209,0.1549,0.0309,0.2022,-8.91,0.5266,0.0,0.0,0.0,2.0,132,0,0.0,0.0,0.0,0.0,121,1.0,1.0,1.0,2.0,28.1,33.5,0.0,0.0,0.0,0.0,0.0,1.442e-05,0.0271,0.1774
51668,Tetragenococcus,13,2.9748,0.0154,0.1202,0.0368,0.263,-8.8934,0.6329,0.0,0.0,0.0,1.0,89,0,0.0,0.0,0.0,0.0,3820,1.0,1.0,1.0,3.1,4.012,4.03,0.0,0.0,0.0,0.0,0.0,0.0006573,0.0343,0.2505
102231,Gloeocapsa,13,2.9748,0.0221,0.1707,0.0351,0.2266,-8.9005,0.5809,0.0,0.0,0.0,2.0,284,0,0.0,0.0,0.0,0.0,186,1.0,1.0,1.0,2.0,14.84,20.3,0.0,0.0,0.0,0.0,0.0,3.199e-05,0.0319,0.2005
1542963,Halapricum,13,2.9748,0.0375,0.276,0.0533,0.3621,-8.8874,0.6736,0.0,0.0,0.0,31.92,1202,0,0.0,0.0,0.0,0.0,5314,1.0,1.0,1.025,1.63,5.672,11.074330708661417,0.0,0.0,0.0,0.0,0.0,0.0004795,0.0512,0.3483
687333,Gammatorquevirus,13,2.9748,0.0117,0.0724,0.0199,0.1202,-8.8207,1.0263,0.0,0.0,0.0,1.0,6,0,0.0,0.0,0.0,0.0,11,1.0,1.0,1.46,2.71,4.882,5.83,0.0,0.0,0.0,0.0,0.0,0.002628,0.0199,0.1202
2249,Halococcus,13,2.9748,0.0263,0.2024,0.0418,0.2865,-8.8865,0.6666,0.0,0.0,0.0,4.28,341,0,0.0,0.0,0.0,0.0,1151,1.0,1.0,1.014,1.801,3.559,5.43,0.0,0.0,0.0,0.0,0.0,0.0002387,0.0399,0.2737
1866954,Varunaivibrio,13,2.9748,0.016,0.1104,0.0328,0.1983,-8.8936,0.6126,0.0,0.0,0.0,2.0,26,0,0.0,0.0,0.0,0.0,48,1.0,1.0,1.67,3.49,6.45,9.03,0.0,0.0,0.0,0.0,0.0,1.607e-05,0.0286,0.1701
82800,Desemzia,13,2.9748,0.0109,0.0644,0.0288,0.1764,-8.8946,0.6071,0.0,0.0,0.0,1.0,3,0,0.0,0.0,0.0,0.0,55,1.0,1.0,1.0,1.0,2.0,2.0,0.0,0.0,0.0,0.0,0.0,2.442e-05,0.0281,0.1737
5583,Exophiala,13,2.9748,0.0207,0.1803,0.0413,0.2669,-8.9174,0.4902,0.0,0.0,0.0,2.0,1710,0,0.0,0.0,0.0,0.0,623,1.0,1.0,1.0,1.29,166.365,410.70649122807015,0.0,0.0,0.0,0.0,0.0,1.451e-05,0.0378,0.2432
1778601,Apibacter,13,2.9748,0.0162,0.1201,0.0291,0.1836,-8.9012,0.5708,0.0,0.0,0.0,2.0,92,0,0.0,0.0,0.0,0.0,94,1.0,1.0,1.0,2.0,6.455,10.633478260869564,0.0,0.0,0.0,0.0,0.0,1.516e-05,0.0266,0.1648
10379,Rhadinovirus,13,2.9748,0.0139,0.0945,0.0293,0.1809,-8.8578,0.8172,0.0,0.0,0.0,1.0,15,0,0.0,0.0,0.0,0.0,31,1.0,1.0,1.83,2.77,48.38,50.6,0.0,0.0,0.0,0.0,0.0,0.0002336,0.0293,0.1809
2778525,Profundibacter,13,2.9748,0.0196,0.1358,0.0311,0.1943,-8.8979,0.5909,0.0,0.0,0.0,4.64,48,0,0.0,0.0,0.0,0.0,83,1.0,1.36,3.27,7.0,14.08,23.2,0.0,0.0,0.0,0.0,0.0,2.412e-05,0.0249,0.1628
2946836,Bracoviriform,13,2.9748,0.009,0.0512,0.0284,0.1674,-8.875,0.7162,0.0,0.0,0.0,1.0,1,0,0.0,0.0,0.0,0.0,21,1.0,1.0,1.0,1.29,1.776,1.8,0.0,0.0,0.0,0.0,0.0,4.248e-05,0.0274,0.1606
2767889,Loigolactobacillus,13,2.9748,0.0223,0.1739,0.0415,0.2982,-8.8833,0.6927,0.0,0.0,0.0,2.64,541,0,0.0,0.0,0.0,0.0,28721,1.0,1.0,1.89,3.0,6.741,6.788461538461538,0.0,0.0,0.0,0.0,0.0,0.005295,0.038,0.2821
74032,Antarctobacter,13,2.9748,0.0215,0.1406,0.0283,0.1805,-8.906,0.5453,0.0,0.0,0.0,7.28,32,0,0.0,0.0,0.0,0.0,103,1.0,1.0,1.67,3.06,11.2,13.0,0.0,0.0,0.0,0.0,0.0,2.053e-05,0.0246,0.1633
2237,Haloarcula,13,2.9748,0.0448,0.3141,0.068,0.4405,-8.8579,0.8306,0.0,0.0,0.0,74.24,2660,0,0.0,0.0,0.0,0.0,21168,1.0,1.0,1.037,1.272,5.051,9.968979591836735,0.0,0.0,0.0,0.0,0.0,0.003875,0.0663,0.4302
1450140,Halohasta,13,2.9748,0.0277,0.2168,0.0469,0.3106,-8.8798,0.7067,0.0,0.0,0.0,8.68,407,0,0.0,0.0,0.0,0.0,2067,1.0,1.0,1.0,1.41,3.826,6.82,0.0,0.0,0.0,0.0,0.0,0.0006691,0.0451,0.2976
2560196,Orthotospovirus,13,2.9748,0.0222,0.1676,0.0268,0.1619,-8.8362,0.938,0.0,0.0,0.0,4.28,272,0,0.0,0.0,0.0,0.0,29,1.0,1.0,1.0,14.9,2284.0,2920.0,0.0,0.0,0.0,0.0,0.0,0.0007251,0.0268,0.1619
2890311,Klebsiella/Raoultella group,12,2.746,0.013,0.1022,0.0823,0.5086,-8.8988,0.6181,0.0,0.0,0.0,1.0,56,0,0.0,0.0,0.0,0.0,23211,1.07,1.45,1.925,5.22,54.23,88.0,0.0,0.0,0.0,0.0,0.0,0.0001139,0.075,0.4621
1860077,Sulfuriflexus,12,2.746,0.0137,0.0967,0.0227,0.1467,-8.911,0.5344,0.0,0.0,0.0,1.64,20,0,0.0,0.0,0.0,0.0,38,1.0,1.0,1.375,2.19,3.856,5.0,0.0,0.0,0.0,0.0,0.0,1.238e-05,0.0203,0.1301
2650549,Hydrocarboniclastica,12,2.746,0.0133,0.0898,0.0197,0.138,-8.9192,0.4898,0.0,0.0,0.0,1.64,11,0,0.0,0.0,0.0,0.0,38,1.0,1.0,1.0,2.593,5.706,6.57,0.0,0.0,0.0,0.0,0.0,9.146e-06,0.0175,0.1218
349742,Sedimenticola,12,2.746,0.0119,0.0808,0.0199,0.1345,-8.9178,0.4961,0.0,0.0,0.0,1.0,8,0,0.0,0.0,0.0,0.0,25,1.0,1.0,1.0,2.0,5.751,7.28,0.0,0.0,0.0,0.0,0.0,6.442e-06,0.0179,0.1186
274591,Hoeflea,12,2.746,0.0198,0.1391,0.0316,0.193,-8.9059,0.5623,0.0,0.0,0.0,3.64,84,0,0.0,0.0,0.0,0.0,63,1.0,1.0,2.66,4.335,13.675,14.5,0.0,0.0,0.0,0.0,0.0,1.295e-05,0.0263,0.1644
320496,Neoasaia,12,2.746,0.0143,0.1008,0.0213,0.1416,-8.9137,0.5196,0.0,0.0,0.0,2.0,19,0,0.0,0.0,0.0,0.0,51,1.0,1.0,1.61,2.662,5.548,7.71,0.0,0.0,0.0,0.0,0.0,1.564e-05,0.0185,0.1219
178440,Opitutus,12,2.746,0.0154,0.1202,0.0303,0.1985,-8.9104,0.5419,0.0,0.0,0.0,1.0,83,0,0.0,0.0,0.0,0.0,66,1.0,1.0,1.15,2.325,9.621,13.4,0.0,0.0,0.0,0.0,0.0,1.121e-05,0.0271,0.1761
570266,Methanocella,12,2.746,0.0099,0.0643,0.0199,0.1195,-8.9108,0.5322,0.0,0.0,0.0,1.0,6,0,0.0,0.0,0.0,0.0,6,1.0,1.712,2.665,4.2,5.037,6.0,0.0,0.0,0.0,0.0,0.0,2.564e-06,0.0156,0.0938
1193503,Gilliamella,12,2.746,0.0163,0.1127,0.0307,0.2196,-8.9046,0.5798,0.0,0.0,0.0,3.0,25,0,0.0,0.0,0.0,0.0,213,1.0,1.0,1.0,1.566,3.8,6.0,0.0,0.0,0.0,0.0,0.0,6.103e-05,0.0294,0.2135
2733,Symbiobacterium,12,2.746,0.018,0.1438,0.0274,0.177,-8.9068,0.5608,0.0,0.0,0.0,2.64,239,0,0.0,0.0,0.0,0.0,42,1.0,1.0,1.9,7.835,20.36,29.6,0.0,0.0,0.0,0.0,0.0,1.241e-05,0.0218,0.1366
28070,Gloeothece,12,2.746,0.0157,0.1113,0.0205,0.1281,-8.9235,0.4585,0.0,0.0,0.0,2.0,24,0,0.0,0.0,0.0,0.0,9,1.0,1.0,1.1,2.16,24.95,42.0,0.0,0.0,0.0,0.0,0.0,1.429e-06,0.0178,0.1151
1129704,Kyrpidia,12,2.746,0.0118,0.0808,0.0191,0.1258,-8.9165,0.5007,0.0,0.0,0.0,1.0,12,0,0.0,0.0,0.0,0.0,21,1.0,1.0,1.407,2.015,5.663,8.43,0.0,0.0,0.0,0.0,0.0,5.127e-06,0.0167,0.1112
33870,Coriobacterium,12,2.746,0.0181,0.1216,0.0313,0.1966,-8.8967,0.6198,0.0,0.0,0.0,4.64,21,0,0.0,0.0,0.0,0.0,31,1.0,1.532,2.785,8.23,10.395,12.1,0.0,0.0,0.0,0.0,0.0,1.481e-05,0.0252,0.1601
246861,Grimontia,12,2.746,0.0153,0.1066,0.0205,0.1316,-8.9203,0.4777,0.0,0.0,0.0,2.64,25,0,0.0,0.0,0.0,0.0,29,1.0,1.0,1.585,3.708,12.325,12.6,0.0,0.0,0.0,0.0,0.0,3.876e-06,0.0168,0.1093
2115980,Candidatus Phycorickettsia,12,2.746,0.0145,0.0939,0.0177,0.1147,-8.908,0.5506,0.0,0.0,0.0,2.0,9,0,0.0,0.0,0.0,0.0,25,2.17,9.5,19.75,27.1,34.625,36.0,0.0,0.0,0.0,0.0,0.0,1.719e-05,0.0089,0.0711
291183,Lacinutrix,12,2.746,0.0154,0.1222,0.0251,0.1666,-8.9127,0.5234,0.0,0.0,0.0,1.0,44,0,0.0,0.0,0.0,0.0,96,1.0,1.0,1.44,1.772,7.485,9.830769230769231,0.0,0.0,0.0,0.0,0.0,8.401e-06,0.0236,0.156
218207,Desulfatibacillum,12,2.746,0.0148,0.1036,0.0222,0.1404,-8.9202,0.4792,0.0,0.0,0.0,2.0,18,0,0.0,0.0,0.0,0.0,23,1.0,1.0,1.5,5.33,8.157,8.35,0.0,0.0,0.0,0.0,0.0,3.613e-06,0.0185,0.117
230666,Chitinibacter,12,2.746,0.0146,0.1024,0.0195,0.1366,-8.9184,0.4935,0.0,0.0,0.0,1.64,19,0,0.0,0.0,0.0,0.0,22,1.0,1.0,1.08,2.393,4.995,7.25,0.0,0.0,0.0,0.0,0.0,5.553e-06,0.0178,0.1236
1392389,Intestinimonas,12,2.746,0.0145,0.1167,0.0277,0.1834,-8.9101,0.544,0.0,0.0,0.0,1.0,99,0,0.0,0.0,0.0,0.0,53,1.0,1.0,1.31,1.955,7.94,15.2,0.0,0.0,0.0,0.0,0.0,1.199e-05,0.0254,0.1707
2591381,Dysosmobacter,12,2.746,0.0104,0.0653,0.032,0.2094,-8.9014,0.596,0.0,0.0,0.0,1.0,3,0,0.0,0.0,0.0,0.0,59,1.0,1.0,1.025,2.0,2.967,3.0,0.0,0.0,0.0,0.0,0.0,1.859e-05,0.0301,0.199
1511808,Alphapartitivirus,12,2.746,0.0105,0.0673,0.0189,0.1189,-8.8371,0.9715,0.0,0.0,0.0,1.0,4,0,0.0,0.0,0.0,0.0,14,1.0,1.126,1.265,2.25,6.88,10.4,0.0,0.0,0.0,0.0,0.0,0.00166,0.0189,0.1189
13075,Globicatella,12,2.746,0.015,0.0996,0.0387,0.2377,-8.8896,0.6605,0.0,0.0,0.0,3.0,15,0,0.0,0.0,0.0,0.0,87,1.0,1.0,1.0,1.63,6.925,9.67,0.0,0.0,0.0,0.0,0.0,3.754e-05,0.0365,0.2268
236752,Fastidiosipila,12,2.746,0.0151,0.1128,0.0428,0.2707,-8.8817,0.7112,0.0,0.0,0.0,2.0,55,0,0.0,0.0,0.0,0.0,177,1.0,1.0,1.0,1.607,9.076,15.0,0.0,0.0,0.0,0.0,0.0,0.000106,0.0404,0.2574
1505652,Terrisporobacter,12,2.746,0.0153,0.1193,0.0326,0.2277,-8.9039,0.5877,0.0,0.0,0.0,1.64,37,0,0.0,0.0,0.0,0.0,404,1.0,1.0,1.0,2.018,3.335,4.6,0.0,0.0,0.0,0.0,0.0,0.0001007,0.0309,0.2176
2743582,Peptacetobacter,12,2.746,0.0112,0.08,0.034,0.2254,-8.901,0.5999,0.0,0.0,0.0,1.0,15,0,0.0,0.0,0.0,0.0,394,1.0,1.0,1.0,1.167,1.906,2.0,0.0,0.0,0.0,0.0,0.0,0.0001052,0.0332,0.2205
102234,Cyanobacterium,12,2.746,0.0122,0.0854,0.021,0.1325,-8.9152,0.5094,0.0,0.0,0.0,1.0,17,0,0.0,0.0,0.0,0.0,10,1.0,1.0,1.0,1.188,5.96,10.9,0.0,0.0,0.0,0.0,0.0,4.164e-06,0.0195,0.1232
233191,Caldilinea,12,2.746,0.0178,0.1785,0.0354,0.2253,-8.9026,0.5862,0.0,0.0,0.0,1.64,3125,0,0.0,0.0,0.0,0.0,281,1.0,1.0,1.01,1.857,54.85,117.0,0.0,0.0,0.0,0.0,0.0,5.564e-05,0.0316,0.1983
1565532,Rouxiella,12,2.746,0.0194,0.1366,0.0414,0.2722,-8.8958,0.6345,0.0,0.0,0.0,2.64,38,0,0.0,0.0,0.0,0.0,1292,1.0,1.022,1.565,2.0,8.295,9.878181818181819,0.0,0.0,0.0,0.0,0.0,0.0003006,0.0383,0.2577
2893036,Venatoribacter,12,2.746,0.0154,0.1153,0.0267,0.1817,-8.9096,0.5489,0.0,0.0,0.0,1.0,37,0,0.0,0.0,0.0,0.0,78,1.0,1.0,1.0,1.382,7.58,14.400000000000002,0.0,0.0,0.0,0.0,0.0,2.106e-05,0.0248,0.1682
187492,Thalassolituus,12,2.746,0.0166,0.1188,0.0294,0.1972,-8.9068,0.5677,0.0,0.0,0.0,2.28,20,0,0.0,0.0,0.0,0.0,138,1.0,1.0,2.038,2.475,7.064,10.808000000000002,0.0,0.0,0.0,0.0,0.0,0.0001059,0.0272,0.1848
630749,Spongiibacter,12,2.746,0.0155,0.1144,0.023,0.1577,-8.9163,0.5057,0.0,0.0,0.0,2.0,43,0,0.0,0.0,0.0,0.0,42,1.0,1.0,1.996,2.5,11.107,11.6,0.0,0.0,0.0,0.0,0.0,1.071e-05,0.0194,0.1314
541,Zymomonas,12,2.746,0.0185,0.1376,0.0294,0.1953,-8.9077,0.5564,0.0,0.0,0.0,2.64,92,0,0.0,0.0,0.0,0.0,132,1.0,1.248,2.0,2.434,12.304,21.97391304347826,0.0,0.0,0.0,0.0,0.0,2.452e-05,0.0256,0.1694
1759396,Marivivens,12,2.746,0.0198,0.1563,0.0256,0.1797,-8.9117,0.5355,0.0,0.0,0.0,2.64,262,0,0.0,0.0,0.0,0.0,95,1.0,1.0,1.509,2.156,57.833,124.4712213740458,0.0,0.0,0.0,0.0,0.0,2.653e-05,0.0222,0.1562
2613960,Pseudopuniceibacterium,12,2.746,0.0166,0.1152,0.035,0.2136,-8.9004,0.5954,0.0,0.0,0.0,3.0,42,0,0.0,0.0,0.0,0.0,70,1.0,1.0,1.0,1.775,6.925,10.0,0.0,0.0,0.0,0.0,0.0,1.69e-05,0.0327,0.2005
2846749,Pacificitalea,12,2.746,0.0202,0.1473,0.0343,0.2245,-8.9004,0.6023,0.0,0.0,0.0,4.92,137,0,0.0,0.0,0.0,0.0,140,1.0,1.038,1.4,2.5,6.518,10.5,0.0,0.0,0.0,0.0,0.0,3.817e-05,0.0311,0.2034
225842,Formosa,12,2.746,0.0127,0.0846,0.023,0.153,-8.9145,0.5141,0.0,0.0,0.0,1.64,9,0,0.0,0.0,0.0,0.0,35,1.0,1.0,1.0,1.018,4.35,7.222222222222222,0.0,0.0,0.0,0.0,0.0,6.15e-06,0.0223,0.1475
290174,Aquimarina,12,2.746,0.0164,0.1123,0.025,0.172,-8.9197,0.4823,0.0,0.0,0.0,2.64,15,0,0.0,0.0,0.0,0.0,109,1.0,1.0,1.0,1.803,6.325,11.0,0.0,0.0,0.0,0.0,0.0,3.274e-06,0.0238,0.1671
319458,Leadbetterella,12,2.746,0.0147,0.1208,0.0284,0.1848,-8.9075,0.5577,0.0,0.0,0.0,1.0,126,0,0.0,0.0,0.0,0.0,102,1.0,1.0,1.05,2.333,13.49,16.9,0.0,0.0,0.0,0.0,0.0,2.622e-05,0.0251,0.1644
390846,Echinicola,12,2.746,0.0146,0.0992,0.0238,0.1524,-8.9194,0.4826,0.0,0.0,0.0,2.64,13,0,0.0,0.0,0.0,0.0,51,1.0,1.0,1.181,2.706,11.835,15.3,0.0,0.0,0.0,0.0,0.0,2.869e-06,0.0211,0.1415
396811,Fulvivirga,12,2.746,0.0143,0.0978,0.0227,0.1465,-8.9193,0.4848,0.0,0.0,0.0,2.0,21,0,0.0,0.0,0.0,0.0,23,1.0,1.0,1.25,2.25,17.715,23.4,0.0,0.0,0.0,0.0,0.0,5.137e-06,0.0202,0.1325
2812019,Pseudocnuella,12,2.746,0.0192,0.1573,0.0297,0.1929,-8.9082,0.5535,0.0,0.0,0.0,1.0,206,0,0.0,0.0,0.0,0.0,143,1.0,1.0,1.545,3.465,8.287,12.5,0.0,0.0,0.0,0.0,0.0,3.002e-05,0.0259,0.1649
1742983,Occallatibacter,12,2.746,0.0154,0.117,0.0232,0.1526,-8.92,0.4828,0.0,0.0,0.0,1.64,66,0,0.0,0.0,0.0,0.0,43,1.0,1.0,1.095,2.25,10.7,14.0,0.0,0.0,0.0,0.0,0.0,6.374e-06,0.0203,0.1339
1073987,Halorientalis,12,2.746,0.0444,0.3186,0.0695,0.4623,-8.8673,0.8173,0.0,0.0,0.0,73.4,3050,0,0.0,0.0,0.0,0.0,27409,1.0,1.0,1.072,1.946,6.033,10.932842105263157,0.0,0.0,0.0,0.0,0.0,0.005002,0.0671,0.449
1623304,Moineauvirus,12,2.746,0.0338,0.2657,0.0437,0.2944,-8.8336,1.0083,0.0,0.0,0.0,30.8,1048,0,0.0,0.0,0.0,0.0,3232,1.0,1.0,1.653,17.675,903.503,991.5393129770991,0.0,0.0,0.0,0.0,0.0,0.02781,0.0437,0.2944
1769729,Hathewaya,12,2.746,0.01,0.0627,0.0211,0.1354,-8.9109,0.5342,0.0,0.0,0.0,1.0,4,0,0.0,0.0,0.0,0.0,30,1.0,1.052,1.585,2.05,7.525,10.0,0.0,0.0,0.0,0.0,0.0,1.144e-05,0.0187,0.1243
2943291,Pseudemcibacter,12,2.746,0.0158,0.1061,0.0267,0.1751,-8.9076,0.5569,0.0,0.0,0.0,3.64,17,0,0.0,0.0,0.0,0.0,56,1.0,1.0,1.91,4.03,5.095,5.21,0.0,0.0,0.0,0.0,0.0,1.675e-05,0.0232,0.1527
1177214,Candidatus Profftia,12,2.746,0.0136,0.0865,0.0258,0.163,-8.8988,0.6056,0.0,0.0,0.0,2.64,5,0,0.0,0.0,0.0,0.0,25,1.0,1.0,1.162,1.692,2.713,2.7175000000000002,0.0,0.0,0.0,0.0,0.0,1.235e-05,0.0246,0.1547
118747,Bulleidia,12,2.746,0.0137,0.0898,0.0351,0.225,-8.8886,0.6702,0.0,0.0,0.0,2.64,9,0,0.0,0.0,0.0,0.0,95,1.0,1.0,1.0,1.15,2.101,2.64,0.0,0.0,0.0,0.0,0.0,6.448e-05,0.0342,0.2206
1172428,Thermotomaculum,12,2.746,0.0162,0.1168,0.0272,0.1757,-8.9026,0.5862,0.0,0.0,0.0,2.64,51,0,0.0,0.0,0.0,0.0,28,1.0,1.0,1.835,4.673,8.375,12.5,0.0,0.0,0.0,0.0,0.0,1.229e-05,0.0228,0.1451
2944193,Simiaoa,12,2.746,0.0179,0.1311,0.0457,0.2844,-8.8865,0.6817,0.0,0.0,0.0,3.0,83,0,0.0,0.0,0.0,0.0,242,1.0,1.0,1.165,2.183,11.359,14.5,0.0,0.0,0.0,0.0,0.0,7.448e-05,0.0425,0.267
252356,Maribacter,12,2.746,0.0192,0.1397,0.0293,0.232,-8.909,0.5662,0.0,0.0,0.0,3.0,85,0,0.0,0.0,0.0,0.0,4754,1.0,1.304,2.0,3.5,11.856,14.125,0.0,0.0,0.0,0.0,0.0,0.00114,0.0263,0.2234
106146,Pelistega,12,2.746,0.0144,0.094,0.027,0.1755,-8.9026,0.5861,0.0,0.0,0.0,3.0,10,0,0.0,0.0,0.0,0.0,30,1.0,1.03,1.455,2.425,5.431,8.5,0.0,0.0,0.0,0.0,0.0,1.331e-05,0.0242,0.1577
1182780,Magnetospira,12,2.746,0.0161,0.1204,0.0236,0.1637,-8.9136,0.5244,0.0,0.0,0.0,2.0,71,0,0.0,0.0,0.0,0.0,73,1.0,2.0,2.73,4.312,6.063,6.14,0.0,0.0,0.0,0.0,0.0,1.885e-05,0.0191,0.1361
299566,Adhaeribacter,12,2.746,0.0192,0.1513,0.0311,0.2288,-8.9125,0.5412,0.0,0.0,0.0,3.0,237,0,0.0,0.0,0.0,0.0,935,1.0,1.0,1.081,1.955,16.506,28.4,0.0,0.0,0.0,0.0,0.0,0.0001201,0.0284,0.2103
1579506,Roseimaritima,12,2.746,0.0146,0.1019,0.0168,0.1103,-8.9297,0.4226,0.0,0.0,0.0,1.64,14,0,0.0,0.0,0.0,0.0,14,1.0,1.0,1.1,4.605,40.0,62.0,0.0,0.0,0.0,0.0,0.0,1.123e-06,0.0143,0.1008
134813,Natronorubrum,12,2.746,0.0312,0.2327,0.0451,0.3132,-8.8959,0.6369,0.0,0.0,0.0,14.32,532,0,0.0,0.0,0.0,0.0,1928,1.0,1.0,1.326,2.206,6.36,9.0,0.0,0.0,0.0,0.0,0.0,0.0001954,0.0425,0.2977
28228,Colwellia,12,2.746,0.0186,0.1398,0.0286,0.209,-8.9143,0.5181,0.0,0.0,0.0,2.64,53,0,0.0,0.0,0.0,0.0,354,1.0,1.0,1.47,2.0,10.599,20.2,0.0,0.0,0.0,0.0,0.0,1.05e-05,0.026,0.1956
417127,Zunongwangia,12,2.746,0.0131,0.0855,0.0258,0.1708,-8.9111,0.5336,0.0,0.0,0.0,2.0,6,0,0.0,0.0,0.0,0.0,96,1.0,1.0,1.397,2.25,7.466,8.44,0.0,0.0,0.0,0.0,0.0,1.136e-05,0.0229,0.1554
3056835,Halorarius,12,2.746,0.0377,0.2784,0.0633,0.4133,-8.8748,0.7625,0.0,0.0,0.0,29.64,1520,0,0.0,0.0,0.0,0.0,11915,1.0,1.0,1.035,1.624,5.444,9.725384615384618,0.0,0.0,0.0,0.0,0.0,0.001578,0.0611,0.4003
346673,Coccolithovirus,12,2.746,0.0113,0.0732,0.0235,0.152,-8.8859,0.6835,0.0,0.0,0.0,1.0,6,0,0.0,0.0,0.0,0.0,25,2.32,6.722,14.1,40.85,140.6,156.0,0.0,0.0,0.0,0.0,0.0,6.252e-05,0.0235,0.152
63742,Natrialba,12,2.746,0.022,0.1742,0.0354,0.2504,-8.9011,0.607,0.0,0.0,0.0,2.0,158,0,0.0,0.0,0.0,0.0,654,1.0,1.0,1.0,1.26,2.086,2.13,0.0,0.0,0.0,0.0,0.0,0.000159,0.0343,0.2394
1941236,Gemykibivirus,12,2.746,0.0105,0.077,0.0087,0.0523,-8.8431,0.9349,0.0,0.0,0.0,1.0,18,0,0.0,0.0,0.0,0.0,2,1.0,1.0,1.0,1.25,10.75,19.0,0.0,0.0,0.0,0.0,0.0,0.0009965,0.0087,0.0523
1448052,Globisporangium,11,2.5172,0.013,0.0962,0.0227,0.1656,-8.9453,0.3551,0.0,0.0,0.0,1.64,20,0,0.0,0.0,0.0,0.0,77,1.0,1.0,1.223,1.56,7.0,12.0,0.0,0.0,0.0,0.0,0.0,2.722e-06,0.0209,0.1536
16,Methylophilus,11,2.5172,0.0098,0.0656,0.027,0.177,-8.9113,0.5568,0.0,0.0,0.0,1.0,5,0,0.0,0.0,0.0,0.0,42,1.0,1.0,1.57,1.93,2.77,3.25,0.0,0.0,0.0,0.0,0.0,1.381e-05,0.0249,0.1637
1227,Nitrosococcus,11,2.5172,0.0102,0.0661,0.0166,0.1087,-8.9255,0.4665,0.0,0.0,0.0,1.64,3,0,0.0,0.0,0.0,0.0,9,1.0,1.25,2.0,5.5,10.332,11.665,0.0,0.0,0.0,0.0,0.0,1.983e-06,0.0133,0.0892
2035712,Guyparkeria,11,2.5172,0.0149,0.1177,0.0282,0.1888,-8.9073,0.5826,0.0,0.0,0.0,1.64,76,0,0.0,0.0,0.0,0.0,128,1.0,1.0,1.14,2.325,11.5,15.0,0.0,0.0,0.0,0.0,0.0,5.294e-05,0.0252,0.1678
335927,Thalassobius,11,2.5172,0.0115,0.08,0.0241,0.1689,-8.9173,0.5226,0.0,0.0,0.0,1.64,8,0,0.0,0.0,0.0,0.0,81,1.0,1.0,1.0,3.49,10.3,13.1,0.0,0.0,0.0,0.0,0.0,2.118e-05,0.021,0.1464
43673,Jonesia,11,2.5172,0.0123,0.0972,0.0241,0.1681,-8.9133,0.5467,0.0,0.0,0.0,1.64,44,0,0.0,0.0,0.0,0.0,129,1.0,1.0,1.0,1.485,5.7,8.4,0.0,0.0,0.0,0.0,0.0,4.813e-05,0.0221,0.1497
1221880,Psychrobacillus,11,2.5172,0.0212,0.1616,0.0407,0.2914,-8.901,0.6346,0.0,0.0,0.0,4.0,225,0,0.0,0.0,0.0,0.0,3454,1.0,1.131,1.575,2.5,7.575,8.9,0.0,0.0,0.0,0.0,0.0,0.0008378,0.0381,0.2803
1508657,Ruminiclostridium,11,2.5172,0.0146,0.1075,0.0224,0.1575,-8.9219,0.4925,0.0,0.0,0.0,2.0,27,0,0.0,0.0,0.0,0.0,79,1.0,1.275,2.0,2.784,4.842,5.9111111111111105,0.0,0.0,0.0,0.0,0.0,1.067e-05,0.0196,0.1382
28895,Thermoanaerobacterium,11,2.5172,0.0135,0.0937,0.0307,0.203,-8.9029,0.6123,0.0,0.0,0.0,2.64,11,0,0.0,0.0,0.0,0.0,99,1.0,1.0,1.0,1.866,7.69,10.8,0.0,0.0,0.0,0.0,0.0,4.235e-05,0.0282,0.1885
574697,Butyricimonas,11,2.5172,0.0103,0.0661,0.0285,0.2082,-8.9145,0.5469,0.0,0.0,0.0,2.0,3,0,0.0,0.0,0.0,0.0,149,1.0,1.0,1.9,2.0,4.4,6.8,0.0,0.0,0.0,0.0,0.0,3.362e-05,0.0266,0.2014
376469,Olivibacter,11,2.5172,0.0136,0.0955,0.0272,0.1848,-8.921,0.4983,0.0,0.0,0.0,2.64,15,0,0.0,0.0,0.0,0.0,90,1.0,1.0,1.22,1.715,4.115,4.8306666666666676,0.0,0.0,0.0,0.0,0.0,1.368e-05,0.0255,0.1759
2773294,Desulfolutivibrio,11,2.5172,0.0172,0.1219,0.0253,0.171,-8.9187,0.5115,0.0,0.0,0.0,2.64,17,0,0.0,0.0,0.0,0.0,45,1.0,1.0,2.0,5.026,7.106,8.666666666666666,0.0,0.0,0.0,0.0,0.0,9.018e-06,0.0224,0.1524
2910589,Geotalea,11,2.5172,0.0135,0.1024,0.0261,0.1785,-8.9211,0.4973,0.0,0.0,0.0,1.0,30,0,0.0,0.0,0.0,0.0,47,1.0,1.095,1.625,1.905,4.074,6.128333333333333,0.0,0.0,0.0,0.0,0.0,3.898e-06,0.0241,0.1649
202746,Sulfurimonas,11,2.5172,0.0119,0.0963,0.0235,0.1648,-8.9111,0.559,0.0,0.0,0.0,1.0,42,0,0.0,0.0,0.0,0.0,47,1.0,1.0,1.0,1.488,8.309,13.52857142857143,0.0,0.0,0.0,0.0,0.0,1.221e-05,0.0219,0.1508
2222,Methanothrix,11,2.5172,0.0155,0.1042,0.0375,0.2548,-8.8994,0.6361,0.0,0.0,0.0,4.0,9,0,0.0,0.0,0.0,0.0,326,1.0,1.053,2.0,3.165,6.0,7.0,0.0,0.0,0.0,0.0,0.0,0.0001126,0.034,0.2375
2948764,Immutovirus,11,2.5172,0.0141,0.1003,0.0278,0.2018,-8.8789,0.7632,0.0,0.0,0.0,2.64,22,0,0.0,0.0,0.0,0.0,356,1.0,1.0,1.58,1.825,2.5,3.0,0.0,0.0,0.0,0.0,0.0,0.002223,0.0278,0.2018
184923,Methylocapsa,11,2.5172,0.0176,0.1374,0.032,0.2105,-8.9087,0.5735,0.0,0.0,0.0,1.64,33,0,0.0,0.0,0.0,0.0,78,1.0,1.0,1.29,2.92,7.495,8.52,0.0,0.0,0.0,0.0,0.0,1.942e-05,0.0285,0.1852
2767893,Lentilactobacillus,11,2.5172,0.0199,0.1703,0.0389,0.2854,-8.8979,0.6559,0.0,0.0,0.0,2.0,296,0,0.0,0.0,0.0,0.0,8327,1.0,1.0,1.743,1.945,8.815,12.156347826086957,0.0,0.0,0.0,0.0,0.0,0.002458,0.0359,0.2663
1329200,Fictibacillus,11,2.5172,0.0153,0.1212,0.0217,0.1512,-8.9218,0.4929,0.0,0.0,0.0,1.64,46,0,0.0,0.0,0.0,0.0,32,1.0,1.0,2.0,5.191,62.0,75.0,0.0,0.0,0.0,0.0,0.0,5.339e-06,0.0163,0.1165
490731,Kwoniella,11,2.5172,0.0108,0.0755,0.0181,0.1301,-8.9447,0.3532,0.0,0.0,0.0,1.0,10,0,0.0,0.0,0.0,0.0,35,1.0,1.0,1.0,2.22,4.71,6.42,0.0,0.0,0.0,0.0,0.0,1.133e-06,0.0163,0.1155
242060,Cystoisospora,11,2.5172,0.0139,0.1023,0.0227,0.1475,-8.9498,0.3172,0.0,0.0,0.0,2.64,31,0,0.0,0.0,0.0,0.0,17,1.0,1.25,1.6,2.0,7.74,13.3,0.0,0.0,0.0,0.0,0.0,2.518e-07,0.0199,0.1286
2937410,Gymnodinialimonas,11,2.5172,0.0122,0.0971,0.0243,0.1706,-8.9161,0.5306,0.0,0.0,0.0,1.0,40,0,0.0,0.0,0.0,0.0,66,1.0,1.0,1.0,2.135,7.485,9.97,0.0,0.0,0.0,0.0,0.0,1.919e-05,0.022,0.1542
2862745,Pseudobdellovibrio,11,2.5172,0.012,0.0927,0.0307,0.2049,-8.9056,0.5934,0.0,0.0,0.0,1.0,19,0,0.0,0.0,0.0,0.0,67,1.0,1.0,1.0,1.235,5.66,9.58,0.0,0.0,0.0,0.0,0.0,2.53e-05,0.0292,0.1926
104264,Cellulophaga,11,2.5172,0.0128,0.1056,0.0202,0.1656,-8.9192,0.5136,0.0,0.0,0.0,1.0,31,0,0.0,0.0,0.0,0.0,190,1.0,1.0,1.0,1.256,2.0,2.0,0.0,0.0,0.0,0.0,0.0,5.637e-05,0.0197,0.1634
1101,Prosthecochloris,11,2.5172,0.0134,0.1065,0.0188,0.1484,-8.9228,0.4936,0.0,0.0,0.0,1.0,38,0,0.0,0.0,0.0,0.0,161,1.0,1.0,1.0,1.56,15.403,28.805263157894736,0.0,0.0,0.0,0.0,0.0,6.343e-05,0.0172,0.1366
158851,Trabulsiella,11,2.5172,0.0115,0.0888,0.0266,0.1852,-8.9143,0.5423,0.0,0.0,0.0,1.0,26,0,0.0,0.0,0.0,0.0,62,1.0,1.07,1.82,2.765,5.785,7.9,0.0,0.0,0.0,0.0,0.0,1.669e-05,0.0237,0.1665
358023,Lutibacter,11,2.5172,0.0113,0.0769,0.0241,0.1613,-8.9194,0.504,0.0,0.0,0.0,1.64,8,0,0.0,0.0,0.0,0.0,59,1.0,1.0,1.0,1.084,2.252,3.17,0.0,0.0,0.0,0.0,0.0,5.087e-06,0.0234,0.1575
288793,Salinimonas,11,2.5172,0.0145,0.1059,0.0174,0.1214,-8.9281,0.4521,0.0,0.0,0.0,2.28,14,0,0.0,0.0,0.0,0.0,20,1.0,1.0,1.931,2.0,6.347,10.007142857142856,0.0,0.0,0.0,0.0,0.0,3.015e-06,0.0154,0.108
2822114,Chlamydiifrater,11,2.5172,0.0097,0.0673,0.0165,0.1073,-8.9132,0.5422,0.0,0.0,0.0,1.0,6,0,0.0,0.0,0.0,0.0,9,1.0,1.0,1.0,2.035,4.68,5.25,0.0,0.0,0.0,0.0,0.0,7.614e-06,0.0147,0.0957
1747770,Egibacter,11,2.5172,0.0146,0.1199,0.0238,0.1658,-8.9194,0.5089,0.0,0.0,0.0,1.0,101,0,0.0,0.0,0.0,0.0,71,1.0,1.0,1.0,1.34,17.85,24.1,0.0,0.0,0.0,0.0,0.0,1.562e-05,0.021,0.1452
2893056,Halalkalibacter,11,2.5172,0.009,0.0622,0.0208,0.1487,-8.9227,0.4886,0.0,0.0,0.0,1.0,7,0,0.0,0.0,0.0,0.0,96,1.0,1.0,1.0,1.525,2.44,2.88,0.0,0.0,0.0,0.0,0.0,2.166e-05,0.0196,0.1415
329857,Cohnella,11,2.5172,0.0153,0.1084,0.0217,0.1501,-8.93,0.444,0.0,0.0,0.0,3.0,25,0,0.0,0.0,0.0,0.0,37,1.0,1.195,2.5,3.5,8.354,11.708800000000002,0.0,0.0,0.0,0.0,0.0,5.404e-06,0.0187,0.1305
2689587,Suicoccus,11,2.5172,0.015,0.1232,0.0227,0.1555,-8.9133,0.5449,0.0,0.0,0.0,1.0,83,0,0.0,0.0,0.0,0.0,64,1.0,1.0,1.0,1.0,16.76,29.1,0.0,0.0,0.0,0.0,0.0,2.713e-05,0.0207,0.1428
2767886,Levilactobacillus,11,2.5172,0.0171,0.1452,0.0352,0.2624,-8.9079,0.612,0.0,0.0,0.0,1.0,106,0,0.0,0.0,0.0,0.0,3360,1.0,1.0,1.38,2.479,8.546,11.482191780821918,0.0,0.0,0.0,0.0,0.0,0.01608,0.0327,0.2457
365348,Pelosinus,11,2.5172,0.0111,0.0744,0.0196,0.1359,-8.9258,0.4682,0.0,0.0,0.0,1.64,4,0,0.0,0.0,0.0,0.0,28,1.0,1.0,2.0,4.225,8.56,12.4,0.0,0.0,0.0,0.0,0.0,5.651e-06,0.0159,0.1097
114627,Alkaliphilus,11,2.5172,0.014,0.1098,0.02,0.1353,-8.9247,0.4727,0.0,0.0,0.0,1.64,57,0,0.0,0.0,0.0,0.0,19,1.0,1.0,1.276,1.9,44.044,85.49122807017544,0.0,0.0,0.0,0.0,0.0,3.007e-06,0.0185,0.1248
2060094,Aminipila,11,2.5172,0.0189,0.1501,0.0258,0.1784,-8.9145,0.5378,0.0,0.0,0.0,2.64,158,0,0.0,0.0,0.0,0.0,76,1.0,1.0,1.273,3.865,19.669,27.61037974683544,0.0,0.0,0.0,0.0,0.0,1.314e-05,0.0228,0.1609
1905344,Ruthenibacterium,11,2.5172,0.0141,0.1008,0.0305,0.2048,-8.9109,0.5615,0.0,0.0,0.0,2.0,21,0,0.0,0.0,0.0,0.0,99,1.0,1.025,1.59,2.22,4.985,6.220000000000001,0.0,0.0,0.0,0.0,0.0,2.379e-05,0.0277,0.1873
2944195,Qiania,11,2.5172,0.009,0.0588,0.0206,0.1408,-8.9187,0.5119,0.0,0.0,0.0,1.0,3,0,0.0,0.0,0.0,0.0,18,1.0,1.0,1.0,1.0,2.25,2.5,0.0,0.0,0.0,0.0,0.0,6.072e-06,0.02,0.1381
28050,Lachnospira,11,2.5172,0.0114,0.0762,0.0364,0.2499,-8.9005,0.6311,0.0,0.0,0.0,1.64,5,0,0.0,0.0,0.0,0.0,238,1.0,1.0,1.0,1.575,2.0,2.0,0.0,0.0,0.0,0.0,0.0,8.733e-05,0.0354,0.2452
54304,Planktothrix,11,2.5172,0.0147,0.1096,0.0245,0.1802,-8.9249,0.4807,0.0,0.0,0.0,2.64,43,0,0.0,0.0,0.0,0.0,133,1.0,1.0,1.36,2.0,9.532,15.4,0.0,0.0,0.0,0.0,0.0,1.694e-05,0.0223,0.1661
111782,Tolypothrix,11,2.5172,0.0123,0.084,0.0248,0.175,-8.9156,0.556,0.0,0.0,0.0,2.0,8,0,0.0,0.0,0.0,0.0,87,1.0,1.0,1.33,1.835,2.229,2.4579999999999997,0.0,0.0,0.0,0.0,0.0,0.0003303,0.0234,0.1672
499,Thermomicrobium,11,2.5172,0.0145,0.1244,0.0217,0.1654,-8.9179,0.5236,0.0,0.0,0.0,1.0,126,0,0.0,0.0,0.0,0.0,228,1.0,1.0,1.33,1.53,6.55,11.1,0.0,0.0,0.0,0.0,0.0,7.858e-05,0.0197,0.1513
303379,Herminiimonas,11,2.5172,0.011,0.0749,0.0212,0.1457,-8.9202,0.5033,0.0,0.0,0.0,1.64,8,0,0.0,0.0,0.0,0.0,24,1.0,1.0,1.5,1.885,2.465,2.93,0.0,0.0,0.0,0.0,0.0,6.653e-06,0.0195,0.1341
1229970,Glaciimonas,11,2.5172,0.0127,0.0959,0.0178,0.1209,-8.9278,0.454,0.0,0.0,0.0,1.0,22,0,0.0,0.0,0.0,0.0,13,1.0,1.0,1.0,1.835,6.475,9.31,0.0,0.0,0.0,0.0,0.0,2.54e-06,0.0157,0.1051
2872156,Methyloradius,11,2.5172,0.011,0.074,0.0263,0.1716,-8.9108,0.5588,0.0,0.0,0.0,1.64,5,0,0.0,0.0,0.0,0.0,32,1.0,1.0,1.0,1.735,4.0,6.0,0.0,0.0,0.0,0.0,0.0,1.157e-05,0.0247,0.1625
416212,Ferrovum,11,2.5172,0.0157,0.1269,0.0216,0.1508,-8.9187,0.5131,0.0,0.0,0.0,2.0,102,0,0.0,0.0,0.0,0.0,54,1.0,1.07,2.0,2.28,24.58,44.2,0.0,0.0,0.0,0.0,0.0,1.631e-05,0.0177,0.1214
1903434,Atlantibacter,11,2.5172,0.0091,0.0588,0.0253,0.1823,-8.9214,0.5004,0.0,0.0,0.0,1.0,3,0,0.0,0.0,0.0,0.0,184,1.0,1.0,1.0,1.41,1.62,1.74,0.0,0.0,0.0,0.0,0.0,2.994e-05,0.0244,0.176
437504,Granulosicoccus,11,2.5172,0.0103,0.0707,0.0194,0.1335,-8.9303,0.44,0.0,0.0,0.0,1.0,8,0,0.0,0.0,0.0,0.0,24,1.0,1.03,1.5,2.35,7.85,9.25,0.0,0.0,0.0,0.0,0.0,3.166e-06,0.0164,0.1112
129577,Oceanimonas,11,2.5172,0.0168,0.132,0.0183,0.1232,-8.922,0.4893,0.0,0.0,0.0,1.64,55,0,0.0,0.0,0.0,0.0,19,1.0,1.0,1.58,4.4,10.785,11.9,0.0,0.0,0.0,0.0,0.0,5.809e-06,0.0151,0.1007
1248727,endosymbiont of unidentified scaly snail isolate Monju,11,2.5172,0.0133,0.105,0.0232,0.1618,-8.9139,0.5439,0.0,0.0,0.0,2.0,59,0,0.0,0.0,0.0,0.0,56,1.0,1.0,1.0,1.805,6.55,11.1,0.0,0.0,0.0,0.0,0.0,2.277e-05,0.0212,0.146
227292,Sinorhizobium/Ensifer group,11,2.5172,0.0157,0.1205,0.0569,0.3729,-8.9221,0.4995,0.0,0.0,0.0,2.28,51,0,0.0,0.0,0.0,0.0,1657,1.21,1.455,1.64,3.395,8.955,9.09,0.0,0.0,0.0,0.0,0.0,1.157e-05,0.0523,0.3405
532,Beijerinckia,11,2.5172,0.0137,0.1094,0.0276,0.184,-8.9145,0.5379,0.0,0.0,0.0,1.0,45,0,0.0,0.0,0.0,0.0,49,1.0,1.0,1.47,2.795,6.16,7.320000000000001,0.0,0.0,0.0,0.0,0.0,1.133e-05,0.0245,0.1599
111500,Muricauda,11,2.5172,0.0173,0.1417,0.0196,0.1366,-8.9273,0.4565,0.0,0.0,0.0,3.28,229,0,0.0,0.0,0.0,0.0,29,1.0,1.0,1.5,2.667,125.397,242.93886462882097,0.0,0.0,0.0,0.0,0.0,2.706e-06,0.0177,0.1258
312278,Emticicia,11,2.5172,0.0146,0.1293,0.027,0.1804,-8.9167,0.5236,0.0,0.0,0.0,1.0,212,0,0.0,0.0,0.0,0.0,89,1.0,1.0,1.31,2.0,9.85,11.300000000000002,0.0,0.0,0.0,0.0,0.0,1.743e-05,0.024,0.1598
273135,Candidatus Cardinium,11,2.5172,0.0156,0.1175,0.0243,0.1646,-8.9078,0.5769,0.0,0.0,0.0,2.64,59,0,0.0,0.0,0.0,0.0,70,1.0,1.0,1.0,1.649,8.329,11.928813559322034,0.0,0.0,0.0,0.0,0.0,2.397e-05,0.022,0.1458
29548,Rhodothermus,11,2.5172,0.0161,0.1155,0.0308,0.2023,-8.9159,0.5293,0.0,0.0,0.0,2.64,23,0,0.0,0.0,0.0,0.0,64,1.0,1.0,1.16,1.788,6.665,10.3,0.0,0.0,0.0,0.0,0.0,9.935e-06,0.0284,0.185
1382832,Telmatocola,11,2.5172,0.0144,0.1065,0.0243,0.1692,-8.9229,0.4886,0.0,0.0,0.0,2.64,35,0,0.0,0.0,0.0,0.0,53,1.0,1.0,1.5,2.475,5.85,8.7,0.0,0.0,0.0,0.0,0.0,8.259e-06,0.0216,0.1509
3050007,Fontisphaera,11,2.5172,0.0142,0.1086,0.0265,0.1846,-8.9169,0.5261,0.0,0.0,0.0,2.0,49,0,0.0,0.0,0.0,0.0,71,1.0,1.02,1.27,2.165,10.25,16.7,0.0,0.0,0.0,0.0,0.0,1.522e-05,0.0239,0.1655
658061,Candidatus Koribacter,11,2.5172,0.0162,0.119,0.0265,0.1822,-8.9188,0.5134,0.0,0.0,0.0,3.92,39,0,0.0,0.0,0.0,0.0,62,1.0,1.0,2.0,7.0,14.335,19.6,0.0,0.0,0.0,0.0,0.0,1.104e-05,0.0218,0.1557
146784,Bacteriovorax,11,2.5172,0.0143,0.1083,0.0252,0.1879,-8.9192,0.5181,0.0,0.0,0.0,1.0,19,0,0.0,0.0,0.0,0.0,122,1.0,1.0,1.19,2.93,6.05,8.1,0.0,0.0,0.0,0.0,0.0,2.654e-05,0.0229,0.1738
5036,Histoplasma,11,2.5172,0.0193,0.172,0.0238,0.1714,-8.9325,0.4268,0.0,0.0,0.0,2.0,1004,0,0.0,0.0,0.0,0.0,159,1.0,1.0,2.0,6.463,80.869,152.79541832669324,0.0,0.0,0.0,0.0,0.0,3.882e-06,0.019,0.1304
1980514,Halodesulfurarchaeum,11,2.5172,0.0242,0.1859,0.0391,0.279,-8.8971,0.6584,0.0,0.0,0.0,5.84,128,0,0.0,0.0,0.0,0.0,829,1.0,1.0,1.0,1.96,4.925,7.72,0.0,0.0,0.0,0.0,0.0,0.0003317,0.037,0.2634
2765402,Natrarchaeobaculum,11,2.5172,0.0331,0.2562,0.046,0.3327,-8.896,0.6703,0.0,0.0,0.0,25.56,957,0,0.0,0.0,0.0,0.0,3548,1.0,1.0,1.076,2.04,6.611,10.835714285714284,0.0,0.0,0.0,0.0,0.0,0.0007073,0.044,0.3181
184431,Coprinopsis,11,2.5172,0.0171,0.1325,0.0353,0.2403,-8.929,0.4549,0.0,0.0,0.0,2.0,68,0,0.0,0.0,0.0,0.0,597,1.0,1.0,1.0,1.515,9.685,17.2,0.0,0.0,0.0,0.0,0.0,1.749e-05,0.0332,0.229
1699375,Natribaculum,11,2.5172,0.0286,0.2274,0.0437,0.3143,-8.8989,0.65,0.0,0.0,0.0,12.04,485,0,0.0,0.0,0.0,0.0,2254,1.0,1.0,1.109,2.057,7.948,13.3025,0.0,0.0,0.0,0.0,0.0,0.000432,0.0413,0.2981
1763447,Halosiccatus,11,2.5172,0.0272,0.2137,0.0441,0.3068,-8.8947,0.6709,0.0,0.0,0.0,10.68,338,0,0.0,0.0,0.0,0.0,1694,1.0,1.015,1.66,2.145,5.855,9.42,0.0,0.0,0.0,0.0,0.0,0.0004861,0.0412,0.2908
59195,Rickettsiella,11,2.5172,0.0098,0.0656,0.022,0.1514,-8.9099,0.5669,0.0,0.0,0.0,1.0,5,0,0.0,0.0,0.0,0.0,52,1.0,1.0,2.0,4.0,9.65,10.3,0.0,0.0,0.0,0.0,0.0,3.01e-05,0.019,0.1383
2569097,Anaerobutyricum,11,2.5172,0.0166,0.1104,0.0423,0.27,-8.895,0.6569,0.0,0.0,0.0,3.64,15,0,0.0,0.0,0.0,0.0,126,1.0,1.04,1.38,2.065,7.225,10.8,0.0,0.0,0.0,0.0,0.0,4.018e-05,0.0394,0.2541
2842531,Solibaculum,11,2.5172,0.0128,0.0911,0.0207,0.1393,-8.9156,0.5298,0.0,0.0,0.0,2.0,11,0,0.0,0.0,0.0,0.0,21,1.0,1.0,1.38,2.8,12.0,12.0,0.0,0.0,0.0,0.0,0.0,8.993e-06,0.0178,0.1214
36853,Desulfitobacterium,11,2.5172,0.0129,0.0925,0.0236,0.1634,-8.9169,0.5244,0.0,0.0,0.0,1.64,14,0,0.0,0.0,0.0,0.0,43,1.0,1.0,1.27,5.783,12.5,15.0,0.0,0.0,0.0,0.0,0.0,1.231e-05,0.0214,0.1524
1620790,Halotia,11,2.5172,0.0148,0.1133,0.0224,0.1527,-8.925,0.4727,0.0,0.0,0.0,2.64,56,0,0.0,0.0,0.0,0.0,38,1.0,1.0,1.0,1.325,30.5,58.0,0.0,0.0,0.0,0.0,0.0,5.719e-06,0.0207,0.1458
5658,Leishmania,11,2.5172,0.011,0.0754,0.0181,0.1169,-8.9434,0.3537,0.0,0.0,0.0,1.0,7,0,0.0,0.0,0.0,0.0,9,1.0,1.0,1.114,3.355,8.0,12.0,0.0,0.0,0.0,0.0,0.0,2.799e-07,0.0155,0.101
198346,Candidatus Baumannia,11,2.5172,0.0189,0.1508,0.0248,0.1728,-8.9089,0.5742,0.0,0.0,0.0,2.92,84,0,0.0,0.0,0.0,0.0,48,1.0,1.0,1.895,2.58,34.268,52.0,0.0,0.0,0.0,0.0,0.0,2.686e-05,0.0203,0.1384
3047433,Maliibacterium,11,2.5172,0.0161,0.124,0.0235,0.1589,-8.9127,0.5494,0.0,0.0,0.0,2.64,64,0,0.0,0.0,0.0,0.0,27,1.0,1.0,1.33,3.95,29.75,42.8,0.0,0.0,0.0,0.0,0.0,1.15e-05,0.0193,0.1347
1263978,Candidatus Endolissoclinum,11,2.5172,0.0144,0.1121,0.0301,0.1965,-8.9058,0.5888,0.0,0.0,0.0,1.64,51,0,0.0,0.0,0.0,0.0,52,1.0,1.0,1.56,2.27,6.308,6.91,0.0,0.0,0.0,0.0,0.0,1.48e-05,0.0274,0.1796
1977639,Klosneuvirus,11,2.5172,0.0097,0.0673,0.0218,0.1478,-8.9075,0.5807,0.0,0.0,0.0,1.0,6,0,0.0,0.0,0.0,0.0,36,1.0,1.0,1.27,1.945,3.125,3.75,0.0,0.0,0.0,0.0,0.0,2.922e-05,0.0218,0.1478
1433993,Chryseolinea,11,2.5172,0.0207,0.1552,0.0262,0.186,-8.9234,0.4876,0.0,0.0,0.0,3.64,101,0,0.0,0.0,0.0,0.0,126,1.0,1.06,2.2,9.215,14.6,16.1,0.0,0.0,0.0,0.0,0.0,1.535e-05,0.0212,0.152
1209988,Halopenitus,11,2.5172,0.0311,0.2429,0.0479,0.3476,-8.8893,0.7142,0.0,0.0,0.0,22.8,607,0,0.0,0.0,0.0,0.0,4859,1.0,1.0,1.01,1.655,4.525,7.049999999999999,0.0,0.0,0.0,0.0,0.0,0.001666,0.0461,0.3373
2045213,Candidatus Fonsibacter,11,2.5172,0.013,0.0886,0.034,0.2201,-8.8929,0.6706,0.0,0.0,0.0,2.64,9,0,0.0,0.0,0.0,0.0,73,1.0,1.0,1.58,2.49,4.615,4.85,0.0,0.0,0.0,0.0,0.0,6.319e-05,0.0311,0.2024
2492674,Phanerodontia,11,2.5172,0.0169,0.1334,0.0317,0.2096,-8.9314,0.4351,0.0,0.0,0.0,2.64,113,0,0.0,0.0,0.0,0.0,60,1.0,1.0,1.53,4.395,10.865,13.4,0.0,0.0,0.0,0.0,0.0,1.982e-06,0.0278,0.1842
105767,Tremella,11,2.5172,0.0153,0.1195,0.0183,0.1214,-8.9438,0.3546,0.0,0.0,0.0,2.64,72,0,0.0,0.0,0.0,0.0,16,1.0,1.0,2.0,4.645,23.8,38.8,0.0,0.0,0.0,0.0,0.0,6.761e-07,0.014,0.0906
332246,Halalkalicoccus,11,2.5172,0.0296,0.2265,0.0564,0.3944,-8.8827,0.7546,0.0,0.0,0.0,13.4,462,0,0.0,0.0,0.0,0.0,8303,1.0,1.0,1.07,1.805,6.815,11.4,0.0,0.0,0.0,0.0,0.0,0.002375,0.054,0.3786
1075397,Halolamina,11,2.5172,0.0347,0.2698,0.0635,0.4241,-8.8738,0.8012,0.0,0.0,0.0,33.68,1365,0,0.0,0.0,0.0,0.0,14067,1.0,1.0,1.02,2.125,4.695,6.71,0.0,0.0,0.0,0.0,0.0,0.004424,0.0612,0.4089
3065677,Natrononativus,11,2.5172,0.0231,0.1855,0.0366,0.2551,-8.9032,0.6146,0.0,0.0,0.0,5.48,160,0,0.0,0.0,0.0,0.0,526,1.0,1.0,1.0,2.03,7.55,12.4,0.0,0.0,0.0,0.0,0.0,0.0001417,0.0343,0.2394
203135,Halomicrobium,11,2.5172,0.0297,0.2342,0.044,0.3179,-8.8948,0.6787,0.0,0.0,0.0,5.92,681,0,0.0,0.0,0.0,0.0,2788,1.0,1.0,1.0,1.769,1.982,2.0,0.0,0.0,0.0,0.0,0.0,0.001036,0.0429,0.3088
1269201,Salinarchaeum,11,2.5172,0.0236,0.1917,0.0401,0.2912,-8.9003,0.6374,0.0,0.0,0.0,3.28,266,0,0.0,0.0,0.0,0.0,1207,1.0,1.0,1.0,1.812,2.185,2.3699999999999997,0.0,0.0,0.0,0.0,0.0,0.0002456,0.0391,0.2831
70110,Penicilliopsis,10,2.2883,0.0124,0.1021,0.0173,0.1252,-8.9481,0.3457,0.0,0.0,0.0,2.0,52,0,0.0,0.0,0.0,0.0,26,1.0,1.0,1.0,1.917,8.38,13.599999999999998,0.0,0.0,0.0,0.0,0.0,1.113e-06,0.0155,0.1116
159345,Roseibacterium,10,2.2883,0.0186,0.1451,0.0292,0.2057,-8.9155,0.5598,0.0,0.0,0.0,4.92,56,0,0.0,0.0,0.0,0.0,67,1.0,1.177,1.51,3.06,9.461,11.5,0.0,0.0,0.0,0.0,0.0,2.002e-05,0.0256,0.18
1433997,Diaminobutyricimonas,10,2.2883,0.0117,0.0954,0.0233,0.16,-8.9205,0.5232,0.0,0.0,0.0,1.0,35,0,0.0,0.0,0.0,0.0,32,1.0,1.0,1.02,1.417,5.866,9.03,0.0,0.0,0.0,0.0,0.0,1.057e-05,0.0217,0.1479
1184606,Austwickia,10,2.2883,0.0117,0.0912,0.0227,0.1598,-8.9229,0.5089,0.0,0.0,0.0,1.64,26,0,0.0,0.0,0.0,0.0,38,1.0,1.0,1.79,3.815,6.551,7.549999999999999,0.0,0.0,0.0,0.0,0.0,1.07e-05,0.0197,0.1381
2888879,Nanchangia,10,2.2883,0.0154,0.123,0.0255,0.173,-8.913,0.5714,0.0,0.0,0.0,2.64,88,0,0.0,0.0,0.0,0.0,58,1.0,1.0,1.25,2.17,6.257,9.07,0.0,0.0,0.0,0.0,0.0,3.128e-05,0.0232,0.1555
489909,Nosocomiicoccus,10,2.2883,0.014,0.1165,0.0326,0.2312,-8.9077,0.6118,0.0,0.0,0.0,2.0,97,0,0.0,0.0,0.0,0.0,170,1.0,1.15,2.0,2.0,9.365,13.1,0.0,0.0,0.0,0.0,0.0,7.707e-05,0.0293,0.2108
2943286,Sideroxyarcus,10,2.2883,0.0121,0.1021,0.0249,0.1746,-8.9173,0.5459,0.0,0.0,0.0,1.0,53,0,0.0,0.0,0.0,0.0,78,1.0,1.083,1.37,1.863,7.416,11.300000000000002,0.0,0.0,0.0,0.0,0.0,3.035e-05,0.0224,0.1554
2847769,Aequoribacter,10,2.2883,0.0091,0.0622,0.0199,0.1438,-8.9246,0.4982,0.0,0.0,0.0,1.0,3,0,0.0,0.0,0.0,0.0,48,1.0,1.0,1.0,1.927,3.242,3.85,0.0,0.0,0.0,0.0,0.0,1.6e-05,0.0185,0.1362
2911469,Sulfuriroseicoccus,10,2.2883,0.0165,0.1434,0.028,0.2033,-8.9169,0.5521,0.0,0.0,0.0,2.0,163,0,0.0,0.0,0.0,0.0,137,1.0,1.0,1.19,1.962,17.37,29.300000000000004,0.0,0.0,0.0,0.0,0.0,4.026e-05,0.0251,0.1799
447020,Adlercreutzia,10,2.2883,0.0148,0.1152,0.0307,0.2181,-8.9088,0.6059,0.0,0.0,0.0,2.0,35,0,0.0,0.0,0.0,0.0,116,1.0,1.0,1.5,6.5,11.73,12.0,0.0,0.0,0.0,0.0,0.0,6.258e-05,0.0268,0.1879
1190,Fischerella,10,2.2883,0.0109,0.0798,0.0178,0.1277,-8.9328,0.4435,0.0,0.0,0.0,1.64,10,0,0.0,0.0,0.0,0.0,29,1.0,1.0,1.0,1.0,1.283,1.45,0.0,0.0,0.0,0.0,0.0,5.299e-06,0.0176,0.1253
2828338,Croceimicrobium,10,2.2883,0.0134,0.1059,0.0214,0.1448,-8.9251,0.4917,0.0,0.0,0.0,1.64,37,0,0.0,0.0,0.0,0.0,31,1.0,1.0,2.17,3.067,7.96,10.3,0.0,0.0,0.0,0.0,0.0,7.835e-06,0.018,0.1202
1649474,Nibribacter,10,2.2883,0.0086,0.0595,0.0234,0.1605,-8.9234,0.5037,0.0,0.0,0.0,1.0,4,0,0.0,0.0,0.0,0.0,39,1.0,1.0,1.0,1.415,2.414,2.86,0.0,0.0,0.0,0.0,0.0,9.314e-06,0.0225,0.1541
249585,Whispovirus,10,2.2883,0.0081,0.0544,0.0173,0.1183,-8.9043,0.6272,0.0,0.0,0.0,1.0,2,0,0.0,0.0,0.0,0.0,11,1.0,1.173,1.645,3.862,13.8,21.0,0.0,0.0,0.0,0.0,0.0,3.677e-05,0.0173,0.1183
2675231,Mesobacillus,10,2.2883,0.0157,0.1236,0.0193,0.1377,-8.9331,0.442,0.0,0.0,0.0,2.0,59,0,0.0,0.0,0.0,0.0,24,1.0,1.0,1.0,2.875,23.579,26.16949152542373,0.0,0.0,0.0,0.0,0.0,3.426e-06,0.0188,0.1336
359337,Marinimicrobium,10,2.2883,0.0102,0.0721,0.0245,0.1681,-8.922,0.5133,0.0,0.0,0.0,1.64,7,0,0.0,0.0,0.0,0.0,40,1.0,1.0,1.335,1.982,5.965,8.94,0.0,0.0,0.0,0.0,0.0,9.876e-06,0.0224,0.1554
2425,Teredinibacter,10,2.2883,0.0141,0.1118,0.0215,0.1499,-8.9296,0.4637,0.0,0.0,0.0,1.64,30,0,0.0,0.0,0.0,0.0,37,1.0,1.0,1.933,2.801,11.138,13.006666666666666,0.0,0.0,0.0,0.0,0.0,4.335e-06,0.0187,0.1306
444051,Mesoflavibacter,10,2.2883,0.0119,0.0905,0.0186,0.1389,-8.9255,0.4921,0.0,0.0,0.0,1.0,16,0,0.0,0.0,0.0,0.0,63,1.0,1.0,1.0,2.0,10.055,14.6,0.0,0.0,0.0,0.0,0.0,1.18e-05,0.0163,0.1228
261827,Algibacter,10,2.2883,0.01,0.0794,0.0198,0.1491,-8.9287,0.4727,0.0,0.0,0.0,1.0,17,0,0.0,0.0,0.0,0.0,89,1.0,1.0,1.117,1.785,2.0,2.0,0.0,0.0,0.0,0.0,0.0,1.148e-05,0.0189,0.143
49277,Psychroserpens,10,2.2883,0.0113,0.0852,0.0199,0.14,-8.9278,0.4751,0.0,0.0,0.0,1.0,10,0,0.0,0.0,0.0,0.0,34,1.0,1.0,1.0,1.632,1.839,1.8700000000000003,0.0,0.0,0.0,0.0,0.0,4.719e-06,0.0191,0.1337
354349,Pseudochrobactrum,10,2.2883,0.0147,0.1097,0.027,0.1911,-8.9127,0.5765,0.0,0.0,0.0,2.64,28,0,0.0,0.0,0.0,0.0,58,1.0,1.604,2.0,5.875,7.397,8.22,0.0,0.0,0.0,0.0,0.0,3.065e-05,0.0234,0.1706
529881,Aquiluna,10,2.2883,0.008,0.0565,0.0171,0.1255,-8.9206,0.5239,0.0,0.0,0.0,1.0,5,0,0.0,0.0,0.0,0.0,25,1.0,1.0,1.0,1.433,2.0,2.0,0.0,0.0,0.0,0.0,0.0,1.526e-05,0.0164,0.1208
1380,Atopobium,10,2.2883,0.012,0.1044,0.0199,0.1415,-8.9236,0.5046,0.0,0.0,0.0,1.0,58,0,0.0,0.0,0.0,0.0,43,1.0,1.0,1.53,7.167,14.5,19.0,0.0,0.0,0.0,0.0,0.0,1.59e-05,0.0162,0.1221
182709,Oceanobacillus,10,2.2883,0.0127,0.0933,0.0212,0.1525,-8.928,0.4765,0.0,0.0,0.0,2.64,17,0,0.0,0.0,0.0,0.0,35,1.0,1.0,1.34,2.0,10.43,17.0,0.0,0.0,0.0,0.0,0.0,7.519e-06,0.0189,0.1399
2893057,Shouchella,10,2.2883,0.0131,0.1071,0.031,0.2269,-8.9129,0.5786,0.0,0.0,0.0,1.0,32,0,0.0,0.0,0.0,0.0,526,1.0,1.0,1.515,2.112,9.677,15.345,0.0,0.0,0.0,0.0,0.0,6.684e-05,0.0286,0.2099
2767881,Fructilactobacillus,10,2.2883,0.0149,0.119,0.0253,0.1848,-8.9106,0.595,0.0,0.0,0.0,1.64,30,0,0.0,0.0,0.0,0.0,180,1.0,1.0,1.167,3.432,8.039,9.893333333333333,0.0,0.0,0.0,0.0,0.0,0.0002381,0.0226,0.1654
44258,Caloramator,10,2.2883,0.0144,0.1076,0.0273,0.1899,-8.9183,0.5384,0.0,0.0,0.0,2.64,33,0,0.0,0.0,0.0,0.0,127,1.0,1.0,1.255,1.877,9.206,13.874242424242427,0.0,0.0,0.0,0.0,0.0,2.065e-05,0.0257,0.1775
946234,Flavonifractor,10,2.2883,0.0135,0.0987,0.0293,0.2013,-8.9229,0.509,0.0,0.0,0.0,2.0,17,0,0.0,0.0,0.0,0.0,85,1.0,1.0,1.0,1.253,6.977,11.5,0.0,0.0,0.0,0.0,0.0,1.144e-05,0.0279,0.1938
1501226,Romboutsia,10,2.2883,0.0123,0.0877,0.0262,0.1874,-8.9174,0.5472,0.0,0.0,0.0,2.64,9,0,0.0,0.0,0.0,0.0,111,1.0,1.0,1.22,1.788,2.0,2.0,0.0,0.0,0.0,0.0,0.0,3.765e-05,0.0251,0.1813
208447,Oceanithermus,10,2.2883,0.0109,0.0832,0.021,0.1511,-8.9212,0.5211,0.0,0.0,0.0,1.0,17,0,0.0,0.0,0.0,0.0,34,1.0,1.0,1.305,1.857,6.217,8.85,0.0,0.0,0.0,0.0,0.0,1.422e-05,0.0188,0.1331
1810868,Mycoavidus,10,2.2883,0.013,0.0927,0.016,0.1226,-8.9287,0.4745,0.0,0.0,0.0,2.64,11,0,0.0,0.0,0.0,0.0,36,1.0,1.045,1.966,2.65,3.651,4.0,0.0,0.0,0.0,0.0,0.0,1.628e-05,0.0144,0.1122
2593687,Aquella,10,2.2883,0.0119,0.0823,0.0224,0.1578,-8.9209,0.5219,0.0,0.0,0.0,2.0,5,0,0.0,0.0,0.0,0.0,51,1.0,1.14,1.665,2.375,3.398,3.9200000000000004,0.0,0.0,0.0,0.0,0.0,1.839e-05,0.0203,0.1446
292486,Avibacterium,10,2.2883,0.0142,0.1208,0.025,0.1769,-8.9225,0.5106,0.0,0.0,0.0,1.0,68,0,0.0,0.0,0.0,0.0,121,1.0,1.036,1.325,1.522,10.923,17.405882352941177,0.0,0.0,0.0,0.0,0.0,1.785e-05,0.0226,0.1634
1621534,Paraglaciecola,10,2.2883,0.0132,0.106,0.019,0.1477,-8.9338,0.4382,0.0,0.0,0.0,1.64,24,0,0.0,0.0,0.0,0.0,69,1.0,1.0,1.916,2.252,2.802,3.0,0.0,0.0,0.0,0.0,0.0,3.727e-06,0.0173,0.1358
58050,Moritella,10,2.2883,0.0146,0.1137,0.0214,0.1658,-8.9299,0.467,0.0,0.0,0.0,1.64,23,0,0.0,0.0,0.0,0.0,86,1.0,1.0,1.02,1.43,2.304,2.6,0.0,0.0,0.0,0.0,0.0,7.233e-06,0.0204,0.1574
762296,Methylovulum,10,2.2883,0.0082,0.0569,0.0218,0.1576,-8.9272,0.4828,0.0,0.0,0.0,1.0,4,0,0.0,0.0,0.0,0.0,69,1.0,1.065,1.485,1.812,4.2,6.0,0.0,0.0,0.0,0.0,0.0,1.433e-05,0.02,0.1467
153497,Kozakia,10,2.2883,0.0109,0.0861,0.0254,0.1743,-8.9224,0.5114,0.0,0.0,0.0,1.0,16,0,0.0,0.0,0.0,0.0,43,1.0,1.195,1.55,3.71,5.565,5.93,0.0,0.0,0.0,0.0,0.0,9.28e-06,0.0222,0.1501
2723,Hirschia,10,2.2883,0.0117,0.0903,0.0238,0.1602,-8.9212,0.5173,0.0,0.0,0.0,1.64,22,0,0.0,0.0,0.0,0.0,30,1.0,1.0,1.89,4.03,7.26,7.8,0.0,0.0,0.0,0.0,0.0,8.514e-06,0.0207,0.1429
153265,Aequorivita,10,2.2883,0.01,0.0794,0.0161,0.1279,-8.9315,0.4546,0.0,0.0,0.0,1.0,17,0,0.0,0.0,0.0,0.0,105,1.0,1.0,1.0,1.142,6.367,9.67,0.0,0.0,0.0,0.0,0.0,1.827e-05,0.0149,0.121
292691,Christiangramia,10,2.2883,0.0109,0.0895,0.0156,0.1163,-8.9338,0.4379,0.0,0.0,0.0,1.0,23,0,0.0,0.0,0.0,0.0,30,1.0,1.0,1.0,1.786,29.535,51.9,0.0,0.0,0.0,0.0,0.0,3.84e-06,0.0134,0.1032
3051458,Chondrinema,10,2.2883,0.0143,0.1063,0.0178,0.1236,-8.9388,0.4039,0.0,0.0,0.0,2.0,16,0,0.0,0.0,0.0,0.0,16,1.0,1.177,1.775,10.107,41.15,47.0,0.0,0.0,0.0,0.0,0.0,1.615e-06,0.0141,0.1047
346096,Paludibacter,10,2.2883,0.0126,0.0944,0.0277,0.1993,-8.9177,0.5456,0.0,0.0,0.0,1.64,17,0,0.0,0.0,0.0,0.0,122,1.0,1.0,1.06,1.667,2.374,2.68,0.0,0.0,0.0,0.0,0.0,3.34e-05,0.0266,0.1932
2518495,Duncaniella,10,2.2883,0.0091,0.0655,0.0181,0.1281,-8.927,0.4812,0.0,0.0,0.0,1.0,7,0,0.0,0.0,0.0,0.0,23,1.0,1.0,1.15,2.0,3.181,4.0,0.0,0.0,0.0,0.0,0.0,7.302e-06,0.0168,0.1214
2349,Haliscomenobacter,10,2.2883,0.0103,0.0811,0.0197,0.1542,-8.9362,0.4293,0.0,0.0,0.0,1.0,19,0,0.0,0.0,0.0,0.0,110,1.0,1.0,1.0,1.375,1.678,1.71,0.0,0.0,0.0,0.0,0.0,1.28e-05,0.0191,0.1494
2489367,Cyclonatronum,10,2.2883,0.0095,0.0736,0.0167,0.1199,-8.9318,0.4507,0.0,0.0,0.0,1.0,13,0,0.0,0.0,0.0,0.0,19,1.0,1.0,1.665,2.397,4.797,5.180000000000001,0.0,0.0,0.0,0.0,0.0,4.533e-06,0.0145,0.1031
2913022,Mucisphaera,10,2.2883,0.0107,0.0922,0.0169,0.1219,-8.9296,0.465,0.0,0.0,0.0,1.0,42,0,0.0,0.0,0.0,0.0,23,1.0,1.0,1.25,1.972,5.942,8.35,0.0,0.0,0.0,0.0,0.0,6.652e-06,0.0149,0.1056
2951993,Alloacidobacterium,10,2.2883,0.0141,0.1068,0.0164,0.1224,-8.9366,0.4217,0.0,0.0,0.0,2.0,23,0,0.0,0.0,0.0,0.0,29,1.0,1.6,2.0,6.908,8.786,9.43,0.0,0.0,0.0,0.0,0.0,4.66e-06,0.0128,0.0969
5159,Ophiostoma,10,2.2883,0.0113,0.0969,0.0269,0.1984,-8.9402,0.4051,0.0,0.0,0.0,1.0,46,0,0.0,0.0,0.0,0.0,72,1.0,1.0,1.09,1.83,6.662,9.97,0.0,0.0,0.0,0.0,0.0,2.388e-06,0.0249,0.1865
4919,Pichia,10,2.2883,0.0146,0.1311,0.0272,0.1884,-8.9287,0.4715,0.0,0.0,0.0,1.64,215,0,0.0,0.0,0.0,0.0,88,1.0,1.373,2.18,5.418,187.93,334.0,0.0,0.0,0.0,0.0,0.0,8.288e-06,0.0215,0.156
76833,Actinobaculum,10,2.2883,0.0124,0.0978,0.0241,0.1655,-8.9185,0.536,0.0,0.0,0.0,1.64,33,0,0.0,0.0,0.0,0.0,45,1.0,1.0,1.0,2.557,9.575,12.1,0.0,0.0,0.0,0.0,0.0,1.655e-05,0.0214,0.1471
2712688,Salaquimonas,10,2.2883,0.0147,0.112,0.0293,0.2045,-8.9148,0.5626,0.0,0.0,0.0,2.64,21,0,0.0,0.0,0.0,0.0,75,1.0,1.062,1.645,4.237,8.151,11.0,0.0,0.0,0.0,0.0,0.0,2.29e-05,0.0257,0.1797
456492,Saccharibacillus,10,2.2883,0.0155,0.1258,0.0264,0.1887,-8.9232,0.5093,0.0,0.0,0.0,2.0,47,0,0.0,0.0,0.0,0.0,177,1.0,1.25,2.165,3.263,15.955,17.8,0.0,0.0,0.0,0.0,0.0,3.218e-05,0.0219,0.1569
293431,Haloquadratum,10,2.2883,0.0239,0.1998,0.0461,0.3444,-8.8954,0.6978,0.0,0.0,0.0,5.64,327,0,0.0,0.0,0.0,0.0,5974,1.0,1.0,1.037,1.741,3.74,5.2,0.0,0.0,0.0,0.0,0.0,0.001122,0.0445,0.3341
158481,Hahella,10,2.2883,0.0112,0.0872,0.0174,0.1169,-8.9348,0.4276,0.0,0.0,0.0,1.0,20,0,0.0,0.0,0.0,0.0,13,1.0,1.062,1.416,1.958,8.387,13.0,0.0,0.0,0.0,0.0,0.0,2.047e-06,0.0152,0.1027
1506577,Tyzzerella,10,2.2883,0.0118,0.0938,0.019,0.1443,-8.9216,0.5199,0.0,0.0,0.0,1.64,31,0,0.0,0.0,0.0,0.0,74,1.0,1.0,1.055,1.545,9.25,12.0,0.0,0.0,0.0,0.0,0.0,3.837e-05,0.0168,0.127
268175,Chondrocystis,10,2.2883,0.0129,0.1037,0.0231,0.1731,-8.9262,0.4923,0.0,0.0,0.0,1.0,30,0,0.0,0.0,0.0,0.0,144,1.0,1.0,1.095,2.055,4.55,5.0,0.0,0.0,0.0,0.0,0.0,2.952e-05,0.0215,0.1642
121871,Haloterrigena,10,2.2883,0.0298,0.2365,0.0411,0.3115,-8.9092,0.6123,0.0,0.0,0.0,17.52,542,0,0.0,0.0,0.0,0.0,2353,1.0,1.0,1.474,1.984,7.62,12.090566037735849,0.0,0.0,0.0,0.0,0.0,0.0003128,0.0388,0.2957
2760873,Tenuifilum,10,2.2883,0.0127,0.0944,0.0198,0.1416,-8.9254,0.4934,0.0,0.0,0.0,1.64,9,0,0.0,0.0,0.0,0.0,31,1.0,1.028,1.45,2.503,8.492,11.3,0.0,0.0,0.0,0.0,0.0,9.808e-06,0.017,0.1195
2993618,Halosolutus,10,2.2883,0.0274,0.2205,0.0394,0.2975,-8.9117,0.5956,0.0,0.0,0.0,16.24,435,0,0.0,0.0,0.0,0.0,1674,1.0,1.0,1.374,2.259,4.059,4.925000000000001,0.0,0.0,0.0,0.0,0.0,0.0001883,0.0372,0.283
649460,Filimonas,10,2.2883,0.0168,0.1416,0.0253,0.1818,-8.9281,0.4786,0.0,0.0,0.0,1.64,88,0,0.0,0.0,0.0,0.0,81,1.0,1.0,1.03,1.85,10.14,11.0,0.0,0.0,0.0,0.0,0.0,1.049e-05,0.0227,0.163
1381133,Candidatus Profftella,10,2.2883,0.0142,0.1177,0.0152,0.1119,-8.9121,0.5788,0.0,0.0,0.0,1.64,69,0,0.0,0.0,0.0,0.0,34,1.0,1.0,1.5,4.25,21.525,22.2,0.0,0.0,0.0,0.0,0.0,7.126e-05,0.0119,0.0842
119541,Rhodobaca,10,2.2883,0.0193,0.16,0.0239,0.1744,-8.9225,0.5143,0.0,0.0,0.0,4.28,358,0,0.0,0.0,0.0,0.0,69,1.0,1.118,1.44,5.75,79.25,131.0,0.0,0.0,0.0,0.0,0.0,1.82e-05,0.0198,0.1533
2316020,Mediterraneibacter,10,2.2883,0.0143,0.1124,0.0394,0.2681,-8.9043,0.6314,0.0,0.0,0.0,1.64,28,0,0.0,0.0,0.0,0.0,469,1.0,1.0,1.068,1.575,8.251,12.703571428571431,0.0,0.0,0.0,0.0,0.0,0.0001242,0.0374,0.2564
1377992,Halovenus,10,2.2883,0.0301,0.2447,0.0554,0.4179,-8.889,0.7567,0.0,0.0,0.0,6.0,836,0,0.0,0.0,0.0,0.0,24148,1.0,1.0,1.02,1.27,2.672,3.5,0.0,0.0,0.0,0.0,0.0,0.006924,0.0545,0.4129
1075398,Salarchaeum,10,2.2883,0.0301,0.2448,0.0538,0.3909,-8.8884,0.7489,0.0,0.0,0.0,17.6,820,0,0.0,0.0,0.0,0.0,7893,1.0,1.0,1.035,2.03,5.985,8.3744,0.0,0.0,0.0,0.0,0.0,0.002089,0.0516,0.3747
2917705,Natranaeroarchaeum,10,2.2883,0.0249,0.1927,0.0395,0.2797,-8.9031,0.6434,0.0,0.0,0.0,7.56,193,0,0.0,0.0,0.0,0.0,747,1.0,1.02,1.165,2.045,7.13,11.0,0.0,0.0,0.0,0.0,0.0,0.0002536,0.0375,0.2676
2678343,Halalkaliarchaeum,10,2.2883,0.0287,0.2347,0.0441,0.3299,-8.9006,0.6692,0.0,0.0,0.0,18.64,628,0,0.0,0.0,0.0,0.0,4353,1.0,1.0,1.08,1.981,4.698,6.82258064516129,0.0,0.0,0.0,0.0,0.0,0.001138,0.0421,0.3165
60846,Halogeometricum,10,2.2883,0.0225,0.1904,0.0348,0.2881,-8.9129,0.5952,0.0,0.0,0.0,6.12,262,0,0.0,0.0,0.0,0.0,2117,1.0,1.0,1.0,1.971,7.129,11.0,0.0,0.0,0.0,0.0,0.0,0.0003385,0.0333,0.2771
2907493,Halocatena,10,2.2883,0.0194,0.1692,0.0281,0.232,-8.9214,0.5348,0.0,0.0,0.0,1.64,182,0,0.0,0.0,0.0,0.0,670,1.0,1.0,1.022,1.956,2.268,2.4009090909090904,0.0,0.0,0.0,0.0,0.0,0.0001127,0.0267,0.2195
2853332,Peteryoungia,9,2.0595,0.0115,0.1011,0.0227,0.166,-8.929,0.4937,0.0,0.0,0.0,1.0,43,0,0.0,0.0,0.0,0.0,106,1.0,1.0,1.58,8.0,10.92,11.2,0.0,0.0,0.0,0.0,0.0,2.625e-05,0.0192,0.1433
2892397,Pusillibacter,9,2.0595,0.0099,0.0744,0.0212,0.1585,-8.9289,0.4958,0.0,0.0,0.0,1.64,8,0,0.0,0.0,0.0,0.0,102,1.0,1.0,1.0,3.0,11.012,15.199999999999998,0.0,0.0,0.0,0.0,0.0,3.198e-05,0.0188,0.1453
54298,Chroococcidiopsis,9,2.0595,0.0074,0.0525,0.0185,0.1429,-8.9266,0.5124,0.0,0.0,0.0,1.0,2,0,0.0,0.0,0.0,0.0,57,1.0,1.0,1.0,1.0,2.0,2.0,0.0,0.0,0.0,0.0,0.0,3.695e-05,0.0181,0.1395
155977,Acaryochloris,9,2.0595,0.0145,0.1513,0.0146,0.1065,-8.94,0.4198,0.0,0.0,0.0,1.0,717,0,0.0,0.0,0.0,0.0,11,1.0,1.0,2.0,4.4,108.2,171.0,0.0,0.0,0.0,0.0,0.0,4.155e-06,0.0109,0.0841
455076,Rhodocytophaga,9,2.0595,0.0126,0.1077,0.0239,0.1842,-8.9349,0.4579,0.0,0.0,0.0,1.0,26,0,0.0,0.0,0.0,0.0,274,1.0,1.0,1.16,2.0,8.22,12.2,0.0,0.0,0.0,0.0,0.0,3.141e-05,0.0217,0.1715
213485,Micavibrio,9,2.0595,0.0122,0.0907,0.0232,0.1724,-8.9275,0.5031,0.0,0.0,0.0,2.0,9,0,0.0,0.0,0.0,0.0,76,1.0,1.25,2.0,6.31,7.275,7.525555555555554,0.0,0.0,0.0,0.0,0.0,1.363e-05,0.0194,0.1445
4753,Pneumocystis,9,2.0595,0.0114,0.0985,0.0286,0.2141,-8.9256,0.5216,0.0,0.0,0.0,1.0,33,0,0.0,0.0,0.0,0.0,285,1.0,1.0,1.0,1.25,4.334,5.89,0.0,0.0,0.0,0.0,0.0,5.283e-05,0.0273,0.2047
1608298,Thiolapillus,9,2.0595,0.0075,0.0551,0.0129,0.0989,-8.9387,0.4274,0.0,0.0,0.0,1.0,4,0,0.0,0.0,0.0,0.0,10,1.0,1.0,1.0,1.4,3.6,4.0,0.0,0.0,0.0,0.0,0.0,3.262e-06,0.0118,0.0903
44474,Pleurocapsa,9,2.0595,0.0106,0.0971,0.012,0.0967,-8.9442,0.3905,0.0,0.0,0.0,1.0,54,0,0.0,0.0,0.0,0.0,16,1.0,1.0,1.23,2.0,45.8,75.0,0.0,0.0,0.0,0.0,0.0,3.276e-06,0.0108,0.0921
59735,Bergeyella,9,2.0595,0.0156,0.1447,0.0273,0.211,-8.9183,0.5737,0.0,0.0,0.0,2.92,349,0,0.0,0.0,0.0,0.0,422,1.0,1.0,1.07,1.11,11.088,17.7,0.0,0.0,0.0,0.0,0.0,0.0002135,0.0257,0.1934
2795783,Pirellulimonas,9,2.0595,0.0114,0.0972,0.019,0.142,-8.9375,0.4357,0.0,0.0,0.0,1.64,41,0,0.0,0.0,0.0,0.0,28,1.0,1.0,1.5,1.8,7.76,11.6,0.0,0.0,0.0,0.0,0.0,4.347e-06,0.0171,0.1297
453229,Desulfarculus,9,2.0595,0.0096,0.0877,0.0203,0.1555,-8.931,0.4828,0.0,0.0,0.0,1.0,38,0,0.0,0.0,0.0,0.0,64,1.0,1.0,1.0,1.25,6.222,9.19,0.0,0.0,0.0,0.0,0.0,1.813e-05,0.0188,0.1399
3029078,Aminithiophilus,9,2.0595,0.0095,0.0843,0.0129,0.1011,-8.9382,0.4305,0.0,0.0,0.0,1.0,28,0,0.0,0.0,0.0,0.0,25,1.0,1.0,1.0,2.0,11.88,17.8,0.0,0.0,0.0,0.0,0.0,8.451e-06,0.0109,0.0799
2162630,Salinirubellus,9,2.0595,0.0236,0.1961,0.0346,0.2684,-8.9171,0.5875,0.0,0.0,0.0,6.84,261,0,0.0,0.0,0.0,0.0,973,1.0,1.0,1.67,2.32,6.12,8.2,0.0,0.0,0.0,0.0,0.0,0.0002417,0.0322,0.2531
1537406,Bacterioplanes,9,2.0595,0.0086,0.0648,0.014,0.1065,-8.94,0.4185,0.0,0.0,0.0,1.0,5,0,0.0,0.0,0.0,0.0,19,1.0,1.0,1.0,1.0,1.518,1.53,0.0,0.0,0.0,0.0,0.0,4.549e-06,0.0136,0.1026
1579505,Rubripirellula,9,2.0595,0.0096,0.0764,0.0131,0.0985,-8.9472,0.3686,0.0,0.0,0.0,1.0,13,0,0.0,0.0,0.0,0.0,12,1.0,1.0,1.25,2.0,12.132,17.5,0.0,0.0,0.0,0.0,0.0,1.447e-06,0.0113,0.087
508459,Cloacibacillus,9,2.0595,0.0088,0.0723,0.0274,0.2062,-8.923,0.5392,0.0,0.0,0.0,1.0,13,0,0.0,0.0,0.0,0.0,141,1.0,1.0,1.0,1.01,5.05,7.63,0.0,0.0,0.0,0.0,0.0,4.073e-05,0.0263,0.2006
898,Desulfomicrobium,9,2.0595,0.0102,0.0888,0.0168,0.1412,-8.9348,0.4593,0.0,0.0,0.0,1.0,30,0,0.0,0.0,0.0,0.0,120,1.0,1.0,1.0,1.67,8.911,13.519,0.0,0.0,0.0,0.0,0.0,4.329e-05,0.0152,0.1294
1474867,Aureococcus anophagefferens virus,9,2.0595,0.0099,0.0761,0.0172,0.1273,-8.9139,0.5974,0.0,0.0,0.0,1.0,8,0,0.0,0.0,0.0,0.0,20,1.0,1.0,1.0,1.29,5.42,8.0,0.0,0.0,0.0,0.0,0.0,5.575e-05,0.0172,0.1273
2675795,Enterobacteriaceae endosymbiont of Plateumaris pusilla,9,2.0595,0.0102,0.0781,0.0169,0.1204,-8.917,0.5743,0.0,0.0,0.0,1.0,7,0,0.0,0.0,0.0,0.0,12,1.0,1.0,1.0,1.67,2.0,2.0,0.0,0.0,0.0,0.0,0.0,2.374e-05,0.016,0.1143
1099,Pelodictyon,9,2.0595,0.011,0.1015,0.0104,0.0816,-8.9416,0.4061,0.0,0.0,0.0,1.0,64,0,0.0,0.0,0.0,0.0,11,1.0,1.0,1.0,3.2,25.017,39.028125,0.0,0.0,0.0,0.0,0.0,2.714e-06,0.0081,0.0582
1107,Chloroflexus,9,2.0595,0.0119,0.0954,0.0165,0.1427,-8.94,0.4252,0.0,0.0,0.0,1.64,21,0,0.0,0.0,0.0,0.0,180,1.0,1.33,2.0,2.365,7.074,9.79,0.0,0.0,0.0,0.0,0.0,3.505e-05,0.0141,0.1199
2919589,Vaginimicrobium,9,2.0595,0.0111,0.0877,0.0252,0.1821,-8.9197,0.5574,0.0,0.0,0.0,1.64,16,0,0.0,0.0,0.0,0.0,101,1.0,1.0,1.32,2.06,5.548,7.38,0.0,0.0,0.0,0.0,0.0,5.207e-05,0.023,0.1683
2893576,Allosaccharopolyspora,9,2.0595,0.0117,0.1077,0.025,0.1887,-8.9278,0.5052,0.0,0.0,0.0,1.0,73,0,0.0,0.0,0.0,0.0,149,1.0,1.0,1.0,1.29,6.376,9.52,0.0,0.0,0.0,0.0,0.0,3.289e-05,0.0235,0.1759
2039639,Candidatus Nanopelagicus,9,2.0595,0.0125,0.1088,0.0213,0.1619,-8.9216,0.5461,0.0,0.0,0.0,1.0,51,0,0.0,0.0,0.0,0.0,45,1.0,1.0,1.0,1.918,10.916,16.192745098039218,0.0,0.0,0.0,0.0,0.0,3.766e-05,0.0193,0.1443
28048,Acidothermus,9,2.0595,0.0149,0.1263,0.0195,0.1521,-8.9287,0.4995,0.0,0.0,0.0,1.0,58,0,0.0,0.0,0.0,0.0,50,1.0,1.0,2.33,5.82,12.6,13.0,0.0,0.0,0.0,0.0,0.0,2.08e-05,0.0159,0.1289
1906945,Parageobacillus,9,2.0595,0.0145,0.1182,0.0292,0.2369,-8.9206,0.5639,0.0,0.0,0.0,2.64,50,0,0.0,0.0,0.0,0.0,471,1.0,1.0,1.33,2.0,5.378,6.910399999999999,0.0,0.0,0.0,0.0,0.0,8.883e-05,0.0274,0.2217
1609627,Hydrogenibacillus,9,2.0595,0.0119,0.1013,0.0212,0.1618,-8.927,0.5105,0.0,0.0,0.0,1.0,36,0,0.0,0.0,0.0,0.0,107,1.0,1.0,2.17,2.75,10.78,13.0,0.0,0.0,0.0,0.0,0.0,4.26e-05,0.0179,0.1405
55079,Aneurinibacillus,9,2.0595,0.0066,0.0463,0.0132,0.0994,-8.9378,0.4326,0.0,0.0,0.0,1.0,2,0,0.0,0.0,0.0,0.0,15,1.0,1.0,1.0,1.0,4.35,4.75,0.0,0.0,0.0,0.0,0.0,4.781e-06,0.0122,0.0931
2767892,Secundilactobacillus,9,2.0595,0.0158,0.1223,0.044,0.314,-8.9013,0.6868,0.0,0.0,0.0,4.28,21,0,0.0,0.0,0.0,0.0,1093,1.0,1.0,1.139,1.69,4.503,4.978,0.0,0.0,0.0,0.0,0.0,0.0005724,0.0426,0.306
2093783,Methylomusa,9,2.0595,0.0108,0.0839,0.0177,0.126,-8.9358,0.4447,0.0,0.0,0.0,2.0,15,0,0.0,0.0,0.0,0.0,14,1.0,1.0,1.2,1.67,8.98,12.3,0.0,0.0,0.0,0.0,0.0,3.03e-06,0.0158,0.1149
1434026,Oceanirhabdus,9,2.0595,0.0073,0.0525,0.01,0.0757,-8.9479,0.3626,0.0,0.0,0.0,1.0,3,0,0.0,0.0,0.0,0.0,9,1.0,1.0,1.0,1.67,2.0,2.0,0.0,0.0,0.0,0.0,0.0,1.609e-06,0.0094,0.0726
1849822,Paraclostridium,9,2.0595,0.0107,0.0836,0.0165,0.1184,-8.9382,0.4283,0.0,0.0,0.0,1.64,13,0,0.0,0.0,0.0,0.0,15,1.0,1.0,1.0,1.86,3.284,4.14,0.0,0.0,0.0,0.0,0.0,2.897e-06,0.0153,0.1105
2886347,Allocoleopsis,9,2.0595,0.0142,0.1433,0.018,0.143,-8.9407,0.4173,0.0,0.0,0.0,1.0,305,0,0.0,0.0,0.0,0.0,115,1.0,1.0,1.0,2.0,29.82,37.1,0.0,0.0,0.0,0.0,0.0,1.48e-05,0.0144,0.1068
1142,Synechocystis,9,2.0595,0.0128,0.11,0.0164,0.127,-8.9435,0.3974,0.0,0.0,0.0,1.64,61,0,0.0,0.0,0.0,0.0,34,1.0,1.0,2.0,4.8,19.84,20.0,0.0,0.0,0.0,0.0,0.0,3.017e-06,0.0133,0.1046
155493,Gallibacterium,9,2.0595,0.018,0.1504,0.0245,0.1944,-8.9272,0.5157,0.0,0.0,0.0,3.56,95,0,0.0,0.0,0.0,0.0,134,1.0,1.0,1.319,1.586,14.798,23.2,0.0,0.0,0.0,0.0,0.0,2.517e-05,0.0221,0.1768
459520,Neptuniibacter,9,2.0595,0.007,0.0495,0.0157,0.1135,-8.9369,0.4373,0.0,0.0,0.0,1.0,2,0,0.0,0.0,0.0,0.0,12,1.0,1.0,1.33,1.4,4.4,6.0,0.0,0.0,0.0,0.0,0.0,2.986e-06,0.0147,0.1084
1518149,Thalassotalea,9,2.0595,0.0139,0.1159,0.0218,0.181,-8.9325,0.4754,0.0,0.0,0.0,1.64,30,0,0.0,0.0,0.0,0.0,197,1.0,1.0,1.0,2.118,3.9,4.5,0.0,0.0,0.0,0.0,0.0,2.469e-05,0.0206,0.1729
135575,Idiomarina,9,2.0595,0.0164,0.1268,0.0299,0.2279,-8.9229,0.542,0.0,0.0,0.0,4.28,29,0,0.0,0.0,0.0,0.0,150,1.0,1.571,2.0,2.928,5.963,6.5680000000000005,0.0,0.0,0.0,0.0,0.0,4.046e-05,0.0273,0.2088
43947,Tolumonas,9,2.0595,0.0142,0.1428,0.0292,0.2234,-8.9207,0.5574,0.0,0.0,0.0,1.0,430,0,0.0,0.0,0.0,0.0,689,1.0,1.0,1.23,2.0,11.232,16.8,0.0,0.0,0.0,0.0,0.0,0.0002105,0.0268,0.2022
1217416,Halioglobus,9,2.0595,0.0129,0.1092,0.0172,0.1326,-8.9369,0.4414,0.0,0.0,0.0,1.64,50,0,0.0,0.0,0.0,0.0,21,1.0,1.0,1.112,2.0,7.509,10.832,0.0,0.0,0.0,0.0,0.0,4.472e-06,0.0156,0.1201
254245,Aquicella,9,2.0595,0.0084,0.0606,0.0189,0.1398,-8.9303,0.4843,0.0,0.0,0.0,1.0,3,0,0.0,0.0,0.0,0.0,28,1.0,1.0,1.0,1.0,1.812,2.0,0.0,0.0,0.0,0.0,0.0,9.98e-06,0.0184,0.1364
2486578,Rickettsiales endosymbiont of Stachyamoeba lipophora,9,2.0595,0.01,0.0807,0.0146,0.1132,-8.9314,0.4781,0.0,0.0,0.0,1.0,11,0,0.0,0.0,0.0,0.0,20,1.0,1.0,1.4,1.57,8.28,10.0,0.0,0.0,0.0,0.0,0.0,1.168e-05,0.0126,0.0973
83612,Psychroflexus,9,2.0595,0.0099,0.0756,0.0171,0.127,-8.9338,0.4607,0.0,0.0,0.0,1.64,9,0,0.0,0.0,0.0,0.0,17,1.0,1.0,1.07,2.0,3.2,4.0,0.0,0.0,0.0,0.0,0.0,4.415e-06,0.0159,0.1187
336276,Olleya,9,2.0595,0.0092,0.0709,0.0211,0.1562,-8.928,0.5002,0.0,0.0,0.0,1.0,6,0,0.0,0.0,0.0,0.0,41,1.0,1.0,1.0,1.44,2.254,2.7566666666666664,0.0,0.0,0.0,0.0,0.0,1.679e-05,0.0202,0.1483
1649495,Seonamhaeicola,9,2.0595,0.0104,0.0932,0.0144,0.109,-8.938,0.4323,0.0,0.0,0.0,1.0,43,0,0.0,0.0,0.0,0.0,12,1.0,1.0,1.0,3.0,10.212,12.799999999999999,0.0,0.0,0.0,0.0,0.0,3.541e-06,0.0125,0.0945
1649482,Pseudopedobacter,9,2.0595,0.01,0.0846,0.0182,0.1382,-8.9354,0.451,0.0,0.0,0.0,1.0,23,0,0.0,0.0,0.0,0.0,31,1.0,1.0,1.0,3.67,15.68,17.8,0.0,0.0,0.0,0.0,0.0,6.909e-06,0.0156,0.1205
2321114,Malaciobacter,9,2.0595,0.0114,0.0872,0.0208,0.1624,-8.9297,0.4938,0.0,0.0,0.0,2.0,13,0,0.0,0.0,0.0,0.0,73,1.0,1.0,1.17,1.333,1.943,2.0,0.0,0.0,0.0,0.0,0.0,4.042e-05,0.02,0.1545
286130,Sulfuricurvum,9,2.0595,0.0071,0.0523,0.013,0.1158,-8.9382,0.4353,0.0,0.0,0.0,1.0,4,0,0.0,0.0,0.0,0.0,56,1.0,1.0,1.0,1.0,3.752,4.0,0.0,0.0,0.0,0.0,0.0,1.303e-05,0.0122,0.1115
2807414,Anatilimnocola,9,2.0595,0.014,0.1091,0.0293,0.2138,-8.9291,0.4954,0.0,0.0,0.0,2.64,27,0,0.0,0.0,0.0,0.0,119,1.0,1.15,2.0,5.71,10.8,12.0,0.0,0.0,0.0,0.0,0.0,1.35e-05,0.0254,0.1875
2986286,Horticoccus,9,2.0595,0.0125,0.0952,0.0256,0.1852,-8.9264,0.5119,0.0,0.0,0.0,2.0,10,0,0.0,0.0,0.0,0.0,46,1.0,1.0,1.28,2.0,6.91,9.33,0.0,0.0,0.0,0.0,0.0,1.085e-05,0.0233,0.1704
1921784,Kiritimatiella,9,2.0595,0.0112,0.115,0.0172,0.1297,-8.9323,0.4719,0.0,0.0,0.0,1.0,156,0,0.0,0.0,0.0,0.0,27,1.0,1.0,1.0,1.0,30.64,50.4,0.0,0.0,0.0,0.0,0.0,9.713e-06,0.0155,0.1146
167639,Ilyobacter,9,2.0595,0.0095,0.0821,0.0166,0.138,-8.9342,0.4626,0.0,0.0,0.0,1.0,22,0,0.0,0.0,0.0,0.0,137,1.0,1.0,1.0,4.39,19.4,29.0,0.0,0.0,0.0,0.0,0.0,4.509e-05,0.014,0.1173
2608728,Acidisarcina,9,2.0595,0.0136,0.129,0.0202,0.1469,-8.9374,0.4358,0.0,0.0,0.0,1.64,224,0,0.0,0.0,0.0,0.0,27,1.0,1.11,1.37,2.0,47.8,78.0,0.0,0.0,0.0,0.0,0.0,3.64e-06,0.0172,0.127
2250122,Candidatus Bipolaricaulis,9,2.0595,0.0118,0.0912,0.026,0.1819,-8.9152,0.5862,0.0,0.0,0.0,2.0,12,0,0.0,0.0,0.0,0.0,39,1.0,1.65,3.13,12.4,21.4,25.2,0.0,0.0,0.0,0.0,0.0,2.966e-05,0.0203,0.1439
399320,Sphaerochaeta,9,2.0595,0.0066,0.0463,0.0204,0.1535,-8.9306,0.4849,0.0,0.0,0.0,1.0,2,0,0.0,0.0,0.0,0.0,54,1.0,1.0,1.0,2.0,2.9,3.5,0.0,0.0,0.0,0.0,0.0,1.688e-05,0.0192,0.1473
393029,Desulfurispirillum,9,2.0595,0.0131,0.118,0.0277,0.2059,-8.9167,0.5869,0.0,0.0,0.0,1.64,102,0,0.0,0.0,0.0,0.0,106,1.0,1.0,1.26,2.4,9.458,14.015882352941178,0.0,0.0,0.0,0.0,0.0,8.831e-05,0.0255,0.1892
4830,Mucor,9,2.0595,0.0093,0.0676,0.0235,0.1811,-8.9475,0.3731,0.0,0.0,0.0,1.64,4,0,0.0,0.0,0.0,0.0,115,1.0,1.0,1.0,1.28,1.406,1.4100000000000001,0.0,0.0,0.0,0.0,0.0,3.936e-06,0.0231,0.1781
387342,Halopiger,9,2.0595,0.0212,0.1827,0.0365,0.2899,-8.9148,0.607,0.0,0.0,0.0,4.56,213,0,0.0,0.0,0.0,0.0,1577,1.0,1.0,1.04,1.41,2.154,2.31,0.0,0.0,0.0,0.0,0.0,0.0004044,0.0355,0.2804
1980928,Sepunavirus,9,2.0595,0.0105,0.0789,0.0343,0.2484,-8.8781,0.8455,0.0,0.0,0.0,2.0,10,0,0.0,0.0,0.0,0.0,169,1.0,1.0,1.0,1.125,6.234,9.27,0.0,0.0,0.0,0.0,0.0,0.003516,0.0343,0.2484
2268,Thermofilum,9,2.0595,0.0115,0.0923,0.0122,0.0896,-8.9362,0.4423,0.0,0.0,0.0,1.64,22,0,0.0,0.0,0.0,0.0,8,1.0,1.67,2.67,5.75,15.6,22.0,0.0,0.0,0.0,0.0,0.0,3.63e-06,0.0089,0.068
864,Pectinatus,9,2.0595,0.0066,0.0463,0.0124,0.093,-8.9382,0.4293,0.0,0.0,0.0,1.0,2,0,0.0,0.0,0.0,0.0,10,1.0,1.0,1.0,1.0,17.58,27.3,0.0,0.0,0.0,0.0,0.0,3.591e-06,0.0113,0.0884
702,Plesiomonas,9,2.0595,0.0106,0.0913,0.0201,0.1815,-8.9395,0.4376,0.0,0.0,0.0,1.0,25,0,0.0,0.0,0.0,0.0,689,1.0,1.0,1.0,1.15,1.688,2.0,0.0,0.0,0.0,0.0,0.0,8.653e-05,0.0198,0.1791
1927833,Candidatus Fukatsuia,9,2.0595,0.0089,0.0806,0.0159,0.1246,-8.9339,0.4619,0.0,0.0,0.0,1.0,28,0,0.0,0.0,0.0,0.0,31,1.0,1.0,1.0,1.19,17.08,27.3,0.0,0.0,0.0,0.0,0.0,1.154e-05,0.0143,0.1161
1193515,Snodgrassella,9,2.0595,0.0153,0.1293,0.0247,0.177,-8.9224,0.5382,0.0,0.0,0.0,2.64,114,0,0.0,0.0,0.0,0.0,33,1.0,1.15,1.57,3.83,32.4,41.4,0.0,0.0,0.0,0.0,0.0,1.344e-05,0.0202,0.1464
82986,Tatumella,9,2.0595,0.0172,0.1442,0.0322,0.2622,-8.9246,0.5418,0.0,0.0,0.0,3.56,106,0,0.0,0.0,0.0,0.0,5953,1.0,1.0,1.16,3.354,12.632,14.0,0.0,0.0,0.0,0.0,0.0,0.0009181,0.0291,0.2454
373984,Rivularia,9,2.0595,0.0121,0.0926,0.0186,0.1418,-8.9408,0.4147,0.0,0.0,0.0,2.0,14,0,0.0,0.0,0.0,0.0,35,1.0,1.0,1.1,1.55,17.428,28.0,0.0,0.0,0.0,0.0,0.0,4.085e-06,0.0166,0.128
861914,Fibrella,9,2.0595,0.0171,0.1484,0.0313,0.2269,-8.924,0.5299,0.0,0.0,0.0,3.64,214,0,0.0,0.0,0.0,0.0,288,1.0,1.0,1.5,1.92,53.0,87.0,0.0,0.0,0.0,0.0,0.0,4.528e-05,0.0281,0.2076
2685905,Salicibibacter,9,2.0595,0.0132,0.1306,0.0184,0.1559,-8.9353,0.4541,0.0,0.0,0.0,1.0,254,0,0.0,0.0,0.0,0.0,316,1.0,1.0,1.0,2.0,16.084,17.473661417322838,0.0,0.0,0.0,0.0,0.0,2.496e-05,0.0163,0.1346
338321,Turneriella,9,2.0595,0.0104,0.0758,0.0269,0.1908,-8.925,0.5198,0.0,0.0,0.0,2.0,4,0,0.0,0.0,0.0,0.0,64,1.0,1.27,1.68,3.4,5.414,5.81,0.0,0.0,0.0,0.0,0.0,1.488e-05,0.0238,0.173
156973,Dysgonomonas,9,2.0595,0.0138,0.1123,0.023,0.1733,-8.9326,0.4703,0.0,0.0,0.0,2.0,39,0,0.0,0.0,0.0,0.0,56,1.0,1.0,1.07,2.46,12.801,17.334871794871795,0.0,0.0,0.0,0.0,0.0,8.709e-06,0.0207,0.1581
2815786,Sodaliphilus,9,2.0595,0.0083,0.0621,0.0149,0.1236,-8.9372,0.442,0.0,0.0,0.0,1.0,6,0,0.0,0.0,0.0,0.0,54,1.0,1.0,1.0,1.0,2.346,3.1300000000000003,0.0,0.0,0.0,0.0,0.0,1.687e-05,0.0142,0.1157
214904,Tepidibacter,9,2.0595,0.0111,0.0859,0.015,0.1079,-8.938,0.4298,0.0,0.0,0.0,1.0,9,0,0.0,0.0,0.0,0.0,17,1.0,1.0,1.0,5.0,7.54,9.0,0.0,0.0,0.0,0.0,0.0,5.126e-06,0.0127,0.0919
244127,Anaerotruncus,9,2.0595,0.0138,0.1155,0.0251,0.1825,-8.9264,0.5116,0.0,0.0,0.0,1.64,52,0,0.0,0.0,0.0,0.0,83,1.0,1.0,1.11,3.58,11.632,16.6,0.0,0.0,0.0,0.0,0.0,2.064e-05,0.0223,0.1624
830,Butyrivibrio,9,2.0595,0.0108,0.0831,0.0219,0.1737,-8.9296,0.4963,0.0,0.0,0.0,1.0,7,0,0.0,0.0,0.0,0.0,82,1.0,1.0,1.0,1.28,10.48,16.133333333333333,0.0,0.0,0.0,0.0,0.0,3.511e-05,0.0213,0.1709
2019482,Brevefilum,9,2.0595,0.0128,0.1163,0.0201,0.1492,-8.928,0.5007,0.0,0.0,0.0,1.0,83,0,0.0,0.0,0.0,0.0,40,1.0,1.0,1.0,1.88,28.948,46.1,0.0,0.0,0.0,0.0,0.0,1.561e-05,0.0175,0.133
41707,Lawsonia,9,2.0595,0.0117,0.0887,0.0205,0.1488,-8.9059,0.6735,0.0,0.0,0.0,2.0,9,0,0.0,0.0,0.0,0.0,26,1.0,1.4,2.12,2.7,3.7,3.78,0.0,0.0,0.0,0.0,0.0,0.004566,0.0177,0.1284
2607661,Methanofervidicoccus,9,2.0595,0.0086,0.0677,0.0142,0.1022,-8.9298,0.4863,0.0,0.0,0.0,1.0,8,0,0.0,0.0,0.0,0.0,9,1.0,1.0,1.0,1.0,1.568,1.78,0.0,0.0,0.0,0.0,0.0,6.143e-06,0.0139,0.0989
377315,Mariprofundus,9,2.0595,0.0117,0.1135,0.0153,0.1151,-8.933,0.4661,0.0,0.0,0.0,1.0,107,0,0.0,0.0,0.0,0.0,20,1.0,1.0,1.56,3.14,11.216,14.6,0.0,0.0,0.0,0.0,0.0,8.023e-06,0.0122,0.0892
10242,Orthopoxvirus,9,2.0595,0.0118,0.0978,0.0149,0.1149,-8.9036,0.6697,0.0,0.0,0.0,1.0,20,0,0.0,0.0,0.0,0.0,41,1.0,1.0,1.0,1.448,13.0,20.0,0.0,0.0,0.0,0.0,0.0,0.0005374,0.0149,0.1149
1198,Phormidium,9,2.0595,0.0154,0.1366,0.0168,0.1253,-8.9374,0.4363,0.0,0.0,0.0,1.64,81,0,0.0,0.0,0.0,0.0,18,1.0,1.0,1.0,14.5,28.96,37.6,0.0,0.0,0.0,0.0,0.0,3.85e-06,0.013,0.0978
2256,Natronobacterium,9,2.0595,0.0208,0.1762,0.0301,0.2376,-8.9205,0.5631,0.0,0.0,0.0,4.84,126,0,0.0,0.0,0.0,0.0,557,1.0,1.0,1.25,2.11,7.144,10.2,0.0,0.0,0.0,0.0,0.0,0.0001602,0.0279,0.2217
2898489,Paralysiella,9,2.0595,0.014,0.1426,0.0242,0.2174,-8.9242,0.5434,0.0,0.0,0.0,2.0,526,0,0.0,0.0,0.0,0.0,6351,1.0,1.0,1.14,2.0,2.24,2.4,0.0,0.0,0.0,0.0,0.0,0.002455,0.023,0.2117
1443590,Ferriphaselus,9,2.0595,0.0129,0.1101,0.0217,0.1636,-8.9265,0.5125,0.0,0.0,0.0,1.64,40,0,0.0,0.0,0.0,0.0,93,1.0,1.0,1.0,2.14,62.64,100.0,0.0,0.0,0.0,0.0,0.0,3.546e-05,0.0194,0.1519
69474,Orientia,9,2.0595,0.0081,0.0601,0.0173,0.1226,-8.9348,0.4513,0.0,0.0,0.0,1.0,5,0,0.0,0.0,0.0,0.0,19,1.0,1.0,2.0,3.0,7.38,7.8,0.0,0.0,0.0,0.0,0.0,4.779e-06,0.0148,0.1088
2716172,Candidatus Bandiella,9,2.0595,0.0155,0.1485,0.0226,0.1687,-8.9205,0.5533,0.0,0.0,0.0,1.0,194,0,0.0,0.0,0.0,0.0,86,1.0,1.0,1.05,2.62,30.22,42.9,0.0,0.0,0.0,0.0,0.0,5.724e-05,0.0191,0.147
2330,Halanaerobium,9,2.0595,0.0124,0.1009,0.021,0.1575,-8.9274,0.506,0.0,0.0,0.0,1.64,30,0,0.0,0.0,0.0,0.0,79,1.0,1.0,1.0,1.4,8.406,9.676666666666668,0.0,0.0,0.0,0.0,0.0,2.496e-05,0.019,0.1406
158846,Megamonas,9,2.0595,0.0125,0.1156,0.0213,0.1906,-8.9311,0.4934,0.0,0.0,0.0,1.0,89,0,0.0,0.0,0.0,0.0,340,1.0,1.0,1.0,1.127,8.287,12.7,0.0,0.0,0.0,0.0,0.0,8.375e-05,0.0199,0.1744
63132,Geitlerinema,9,2.0595,0.0154,0.1339,0.0177,0.139,-8.9368,0.4442,0.0,0.0,0.0,1.64,117,0,0.0,0.0,0.0,0.0,49,1.0,1.0,1.78,12.0,17.26,20.1,0.0,0.0,0.0,0.0,0.0,1.061e-05,0.0139,0.1108
380738,Candidatus Kuenenia,9,2.0595,0.013,0.104,0.0192,0.1382,-8.9341,0.4574,0.0,0.0,0.0,2.64,33,0,0.0,0.0,0.0,0.0,23,1.0,1.25,2.0,3.75,10.436,14.8,0.0,0.0,0.0,0.0,0.0,5.022e-06,0.0158,0.1125
40411,Chrysosporium,9,2.0595,0.012,0.1001,0.0221,0.1775,-8.9466,0.3843,0.0,0.0,0.0,1.0,23,0,0.0,0.0,0.0,0.0,167,1.0,1.0,1.0,1.73,3.728,4.88,0.0,0.0,0.0,0.0,0.0,7.215e-06,0.0207,0.1673
38946,Paracoccidioides,9,2.0595,0.0106,0.0958,0.013,0.1014,-8.9551,0.3162,0.0,0.0,0.0,1.0,50,0,0.0,0.0,0.0,0.0,21,1.0,1.0,1.0,2.0,13.206,16.676,0.0,0.0,0.0,0.0,0.0,8.392e-07,0.0108,0.0805
2732368,Salinibaculum,9,2.0595,0.0285,0.2323,0.0428,0.3297,-8.9067,0.6612,0.0,0.0,0.0,9.28,646,0,0.0,0.0,0.0,0.0,3917,1.0,1.0,1.32,1.93,8.724,13.1,0.0,0.0,0.0,0.0,0.0,0.001158,0.0408,0.3186
203193,Halobiforma,9,2.0595,0.0224,0.1905,0.0351,0.2734,-8.916,0.5944,0.0,0.0,0.0,5.92,269,0,0.0,0.0,0.0,0.0,1134,1.0,1.0,1.5,1.99,7.4,10.7,0.0,0.0,0.0,0.0,0.0,0.0002883,0.0329,0.2592
2129,Ureaplasma,9,2.0595,0.0089,0.0653,0.0175,0.1342,-8.9226,0.5379,0.0,0.0,0.0,1.0,4,0,0.0,0.0,0.0,0.0,54,1.0,1.0,1.0,1.25,2.6,3.0,0.0,0.0,0.0,0.0,0.0,6.181e-05,0.0168,0.1315
393764,Candidatus Endoriftia,8,1.8307,0.0101,0.0889,0.0161,0.1253,-8.9406,0.4387,0.0,0.0,0.0,1.0,16,0,0.0,0.0,0.0,0.0,23,1.0,1.45,1.8,3.825,40.555,59.0,0.0,0.0,0.0,0.0,0.0,6.539e-06,0.0133,0.1086
697025,Hoyosella,8,1.8307,0.0107,0.0972,0.0177,0.1412,-8.9412,0.4354,0.0,0.0,0.0,1.0,40,0,0.0,0.0,0.0,0.0,36,1.0,1.0,1.0,1.57,6.736,8.92,0.0,0.0,0.0,0.0,0.0,7.527e-06,0.0161,0.1257
1434032,Pontimonas,8,1.8307,0.0092,0.0814,0.0166,0.1313,-8.9346,0.4832,0.0,0.0,0.0,1.0,20,0,0.0,0.0,0.0,0.0,20,1.0,1.248,2.15,2.588,8.785,11.9,0.0,0.0,0.0,0.0,0.0,1.147e-05,0.0142,0.1153
1868332,Neomicrococcus,8,1.8307,0.0106,0.0887,0.0288,0.2134,-8.9241,0.5572,0.0,0.0,0.0,1.64,17,0,0.0,0.0,0.0,0.0,114,1.0,1.0,1.85,3.002,12.25,17.0,0.0,0.0,0.0,0.0,0.0,4.401e-05,0.0258,0.1936
1274351,Kroppenstedtia,8,1.8307,0.0081,0.0685,0.0215,0.1619,-8.9345,0.4819,0.0,0.0,0.0,1.0,11,0,0.0,0.0,0.0,0.0,45,1.0,1.0,1.527,2.33,4.403,4.89,0.0,0.0,0.0,0.0,0.0,1.294e-05,0.0196,0.1475
2304691,Thermoclostridium,8,1.8307,0.0088,0.0735,0.0147,0.117,-8.9424,0.4259,0.0,0.0,0.0,1.0,10,0,0.0,0.0,0.0,0.0,22,1.0,1.0,2.475,3.58,7.367,9.18,0.0,0.0,0.0,0.0,0.0,6.261e-06,0.0121,0.0948
1926556,Emergencia,8,1.8307,0.0091,0.0805,0.0198,0.1633,-8.9385,0.4595,0.0,0.0,0.0,1.0,19,0,0.0,0.0,0.0,0.0,87,1.0,1.0,1.335,2.0,6.732,9.28,0.0,0.0,0.0,0.0,0.0,2.031e-05,0.0181,0.1518
2831443,Heliomicrobium,8,1.8307,0.0073,0.0638,0.0149,0.1148,-8.9402,0.441,0.0,0.0,0.0,1.0,11,0,0.0,0.0,0.0,0.0,16,1.0,1.0,1.165,1.85,7.161,9.94,0.0,0.0,0.0,0.0,0.0,5.719e-06,0.0133,0.103
307628,Petrimonas,8,1.8307,0.0099,0.0868,0.0203,0.1656,-8.9356,0.479,0.0,0.0,0.0,1.0,16,0,0.0,0.0,0.0,0.0,104,1.0,1.0,1.0,2.212,11.975,16.0,0.0,0.0,0.0,0.0,0.0,3.11e-05,0.0184,0.1547
2905949,Thermodesulfomicrobium,8,1.8307,0.0131,0.117,0.0276,0.232,-8.9254,0.5611,0.0,0.0,0.0,1.64,34,0,0.0,0.0,0.0,0.0,1121,1.0,1.0,1.155,4.252,8.483,9.82,0.0,0.0,0.0,0.0,0.0,0.0004853,0.0252,0.2183
145260,Methanothermobacter,8,1.8307,0.0055,0.0404,0.0146,0.1074,-8.9333,0.4901,0.0,0.0,0.0,1.0,1,0,0.0,0.0,0.0,0.0,8,1.0,1.478,2.475,3.405,5.257,5.6,0.0,0.0,0.0,0.0,0.0,1.877e-05,0.0119,0.0887
70742,Peronospora,8,1.8307,0.0123,0.1168,0.0252,0.1973,-8.9472,0.3956,0.0,0.0,0.0,1.0,99,0,0.0,0.0,0.0,0.0,68,1.0,1.045,1.48,6.725,36.695,45.2,0.0,0.0,0.0,0.0,0.0,2.485e-06,0.0218,0.1763
2172004,Lawsonibacter,8,1.8307,0.0088,0.0735,0.026,0.2114,-8.9285,0.5333,0.0,0.0,0.0,1.0,10,0,0.0,0.0,0.0,0.0,260,1.0,1.0,1.2,1.722,11.513,16.7,0.0,0.0,0.0,0.0,0.0,8.837e-05,0.0241,0.2016
262406,Thermobaculum,8,1.8307,0.0151,0.1404,0.0237,0.1931,-8.9314,0.5116,0.0,0.0,0.0,1.64,203,0,0.0,0.0,0.0,0.0,238,1.0,1.0,1.1,1.672,18.742,27.300000000000004,0.0,0.0,0.0,0.0,0.0,7.747e-05,0.0214,0.1743
49894,Acetomicrobium,8,1.8307,0.0137,0.1207,0.0146,0.1126,-8.9382,0.4549,0.0,0.0,0.0,2.64,73,0,0.0,0.0,0.0,0.0,17,2.0,2.893,6.425,11.35,36.62,43.2,0.0,0.0,0.0,0.0,0.0,7.995e-06,0.0089,0.0696
10663,Tequatrovirus,8,1.8307,0.0137,0.1251,0.0268,0.2033,-8.8868,0.8311,0.0,0.0,0.0,2.0,128,0,0.0,0.0,0.0,0.0,117,1.0,1.0,2.465,14.589,24.412,27.133999999999997,0.0,0.0,0.0,0.0,0.0,0.004857,0.0268,0.2033
1649,Kurthia,8,1.8307,0.0089,0.0699,0.0188,0.1601,-8.9335,0.4953,0.0,0.0,0.0,1.64,6,0,0.0,0.0,0.0,0.0,279,1.0,1.0,1.0,1.0,2.842,3.8333333333333335,0.0,0.0,0.0,0.0,0.0,8.151e-05,0.0184,0.1582
1348611,Vallitalea,8,1.8307,0.0082,0.0665,0.0133,0.1059,-8.9486,0.3805,0.0,0.0,0.0,1.0,8,0,0.0,0.0,0.0,0.0,11,1.0,1.0,1.167,2.045,6.125,8.25,0.0,0.0,0.0,0.0,0.0,1.991e-06,0.0118,0.0947
44260,Moorella,8,1.8307,0.0085,0.0793,0.0148,0.1151,-8.9424,0.4243,0.0,0.0,0.0,1.0,25,0,0.0,0.0,0.0,0.0,17,1.0,1.0,1.0,2.5,14.92,20.8,0.0,0.0,0.0,0.0,0.0,3.838e-06,0.0128,0.1004
1930845,Ndongobacter,8,1.8307,0.0086,0.068,0.0282,0.2125,-8.9218,0.5758,0.0,0.0,0.0,1.0,5,0,0.0,0.0,0.0,0.0,117,1.0,1.0,1.025,1.17,1.579,1.8,0.0,0.0,0.0,0.0,0.0,6.652e-05,0.0277,0.2091
1970191,Salinivirga,8,1.8307,0.0103,0.0847,0.0179,0.1418,-8.9405,0.4405,0.0,0.0,0.0,1.64,10,0,0.0,0.0,0.0,0.0,30,1.0,1.0,1.75,3.62,10.755,14.0,0.0,0.0,0.0,0.0,0.0,6.684e-06,0.0155,0.1276
561555,Zhouia,8,1.8307,0.0089,0.0728,0.0145,0.1113,-8.9432,0.4188,0.0,0.0,0.0,1.0,7,0,0.0,0.0,0.0,0.0,8,1.0,1.0,2.25,4.0,7.0,7.0,0.0,0.0,0.0,0.0,0.0,2.06e-06,0.0118,0.09
1511853,Alphanudivirus,8,1.8307,0.0125,0.1198,0.0158,0.1349,-8.9187,0.5998,0.0,0.0,0.0,1.0,56,0,0.0,0.0,0.0,0.0,35,1.0,1.0,1.045,2.05,6.335,7.56125,0.0,0.0,0.0,0.0,0.0,0.0001054,0.0158,0.1349
2422,Fervidobacterium,8,1.8307,0.0097,0.0805,0.0246,0.2089,-8.929,0.5347,0.0,0.0,0.0,1.0,9,0,0.0,0.0,0.0,0.0,240,1.0,1.0,1.165,2.507,5.497,5.52,0.0,0.0,0.0,0.0,0.0,7.789e-05,0.023,0.1963
2732589,Andhravirus,8,1.8307,0.0101,0.0832,0.0211,0.1867,-8.8884,0.8244,0.0,0.0,0.0,1.0,12,0,0.0,0.0,0.0,0.0,463,1.0,1.0,1.233,2.5,12.8,17.0,0.0,0.0,0.0,0.0,0.0,0.01951,0.0211,0.1867
1937972,Bernardetia,8,1.8307,0.0107,0.0926,0.0144,0.1198,-8.9455,0.4056,0.0,0.0,0.0,1.0,15,0,0.0,0.0,0.0,0.0,36,1.0,1.0,1.615,3.02,6.425,8.0,0.0,0.0,0.0,0.0,0.0,7.564e-06,0.0124,0.1047
41201,Ewingella,8,1.8307,0.0072,0.0561,0.019,0.153,-8.9399,0.4469,0.0,0.0,0.0,1.0,4,0,0.0,0.0,0.0,0.0,38,1.0,1.0,1.025,2.0,2.617,2.95,0.0,0.0,0.0,0.0,0.0,8.081e-06,0.0181,0.1473
432330,Tumebacillus,8,1.8307,0.0109,0.1025,0.0146,0.118,-8.9453,0.4056,0.0,0.0,0.0,1.0,39,0,0.0,0.0,0.0,0.0,16,1.0,1.0,1.69,7.15,24.41,27.0,0.0,0.0,0.0,0.0,0.0,3.267e-06,0.0113,0.0888
1637257,Mageeibacillus,8,1.8307,0.0105,0.1002,0.018,0.1454,-8.933,0.4962,0.0,0.0,0.0,1.0,54,0,0.0,0.0,0.0,0.0,46,1.0,1.0,1.75,2.645,7.453,9.0,0.0,0.0,0.0,0.0,0.0,2.657e-05,0.0155,0.1253
1849828,Paeniclostridium,8,1.8307,0.01,0.0819,0.0147,0.1129,-8.9453,0.403,0.0,0.0,0.0,1.64,14,0,0.0,0.0,0.0,0.0,16,1.0,1.0,1.2,2.042,9.859,14.0,0.0,0.0,0.0,0.0,0.0,3.01e-06,0.0131,0.1028
1006480,Caldinitratiruptor,8,1.8307,0.0102,0.0889,0.0184,0.1461,-8.938,0.4593,0.0,0.0,0.0,1.64,26,0,0.0,0.0,0.0,0.0,38,1.0,1.0,1.0,2.04,6.365,7.450000000000001,0.0,0.0,0.0,0.0,0.0,1.089e-05,0.0166,0.1294
146785,Thermosynechococcus,8,1.8307,0.0071,0.0561,0.0113,0.089,-8.9463,0.3997,0.0,0.0,0.0,1.0,4,0,0.0,0.0,0.0,0.0,11,1.0,1.501,2.0,2.25,12.1,17.0,0.0,0.0,0.0,0.0,0.0,8.493e-06,0.0093,0.0766
233189,Anaerolinea,8,1.8307,0.0102,0.0921,0.0203,0.1625,-8.9358,0.476,0.0,0.0,0.0,1.0,20,0,0.0,0.0,0.0,0.0,116,1.0,1.038,1.345,2.5,9.005,11.7,0.0,0.0,0.0,0.0,0.0,3.355e-05,0.0181,0.1494
1472344,Basilea,8,1.8307,0.0062,0.0474,0.0132,0.1053,-8.9395,0.4468,0.0,0.0,0.0,1.0,3,0,0.0,0.0,0.0,0.0,12,1.0,1.0,1.0,1.702,2.255,2.5,0.0,0.0,0.0,0.0,0.0,6.265e-06,0.0123,0.0975
158876,Yokenella,8,1.8307,0.0067,0.0506,0.0128,0.0962,-8.9459,0.3974,0.0,0.0,0.0,1.0,2,0,0.0,0.0,0.0,0.0,9,1.0,1.0,1.25,2.0,4.385,5.67,0.0,0.0,0.0,0.0,0.0,2.08e-06,0.0114,0.086
907197,Psychrosphaera,8,1.8307,0.0132,0.1099,0.0185,0.1457,-8.9373,0.463,0.0,0.0,0.0,2.0,17,0,0.0,0.0,0.0,0.0,45,1.0,1.0,1.933,2.366,14.765,21.1,0.0,0.0,0.0,0.0,0.0,1.318e-05,0.016,0.1287
2036021,Agarilytica,8,1.8307,0.0088,0.0681,0.0166,0.1306,-8.9455,0.4033,0.0,0.0,0.0,1.64,5,0,0.0,0.0,0.0,0.0,22,1.0,1.0,1.56,2.0,4.762,6.25,0.0,0.0,0.0,0.0,0.0,3.129e-06,0.0148,0.1153
940550,Gilvimarinus,8,1.8307,0.0101,0.0796,0.0172,0.1375,-8.9403,0.4423,0.0,0.0,0.0,1.64,5,0,0.0,0.0,0.0,0.0,28,1.0,1.0,1.25,2.395,4.017,4.35,0.0,0.0,0.0,0.0,0.0,7.177e-06,0.0155,0.1235
1808977,Candidatus Methylospira,8,1.8307,0.0084,0.0658,0.0157,0.1215,-8.9427,0.4222,0.0,0.0,0.0,1.0,5,0,0.0,0.0,0.0,0.0,21,1.0,1.403,2.0,3.178,3.316,3.33,0.0,0.0,0.0,0.0,0.0,4.695e-06,0.0135,0.1048
1649463,Lentilitoribacter,8,1.8307,0.008,0.0648,0.0157,0.119,-8.9415,0.43,0.0,0.0,0.0,1.0,7,0,0.0,0.0,0.0,0.0,16,1.0,1.143,1.375,1.902,2.743,2.82,0.0,0.0,0.0,0.0,0.0,4.112e-06,0.0144,0.1097
119044,Filomicrobium,8,1.8307,0.014,0.1188,0.0235,0.1866,-8.9335,0.4941,0.0,0.0,0.0,2.92,37,0,0.0,0.0,0.0,0.0,93,1.0,1.75,2.555,3.647,5.213,5.7700000000000005,0.0,0.0,0.0,0.0,0.0,2.361e-05,0.0203,0.1619
1434014,Lentibacter,8,1.8307,0.0068,0.0533,0.0138,0.1139,-8.9421,0.4292,0.0,0.0,0.0,1.0,4,0,0.0,0.0,0.0,0.0,37,1.0,1.0,1.335,2.0,2.0,2.0,0.0,0.0,0.0,0.0,0.0,1.273e-05,0.013,0.1087
2919364,Novacetimonas,8,1.8307,0.0119,0.1121,0.0176,0.1359,-8.94,0.4428,0.0,0.0,0.0,1.0,54,0,0.0,0.0,0.0,0.0,29,1.0,1.0,1.775,4.917,17.762,23.6,0.0,0.0,0.0,0.0,0.0,7.076e-06,0.0143,0.1084
74317,Maricaulis,8,1.8307,0.011,0.0972,0.0199,0.1582,-8.9359,0.4751,0.0,0.0,0.0,1.0,31,0,0.0,0.0,0.0,0.0,47,1.0,1.185,1.715,3.812,10.161,12.8,0.0,0.0,0.0,0.0,0.0,1.428e-05,0.017,0.1345
198251,Candidatus Pelagibacter,8,1.8307,0.0123,0.1057,0.0172,0.137,-8.933,0.4947,0.0,0.0,0.0,1.64,24,0,0.0,0.0,0.0,0.0,24,1.0,1.124,1.519,2.102,7.95,10.933333333333335,0.0,0.0,0.0,0.0,0.0,1.8e-05,0.0153,0.1218
2049301,Changchengzhania,8,1.8307,0.0093,0.0751,0.0138,0.1168,-8.9447,0.4115,0.0,0.0,0.0,1.0,7,0,0.0,0.0,0.0,0.0,48,1.0,1.0,1.53,2.8,5.17,5.8,0.0,0.0,0.0,0.0,0.0,1.214e-05,0.0122,0.1077
363408,Nonlabens,8,1.8307,0.0107,0.0946,0.0115,0.1071,-8.947,0.3948,0.0,0.0,0.0,1.0,31,0,0.0,0.0,0.0,0.0,46,1.0,1.0,1.02,1.438,20.85,31.0,0.0,0.0,0.0,0.0,0.0,7.69e-06,0.0107,0.1041
2858886,Mangrovivirga,8,1.8307,0.0078,0.0657,0.0131,0.1038,-8.9463,0.3968,0.0,0.0,0.0,1.0,9,0,0.0,0.0,0.0,0.0,15,1.0,1.0,1.0,1.425,4.36,5.9,0.0,0.0,0.0,0.0,0.0,3.268e-06,0.0121,0.0948
2795605,Aureliella,8,1.8307,0.0096,0.0799,0.0148,0.1183,-8.9491,0.3778,0.0,0.0,0.0,1.64,14,0,0.0,0.0,0.0,0.0,26,1.0,1.0,1.415,5.5,37.125,48.5,0.0,0.0,0.0,0.0,0.0,3.155e-06,0.0122,0.1039
1936111,Fuerstiella,8,1.8307,0.0127,0.105,0.0203,0.1571,-8.9431,0.4216,0.0,0.0,0.0,2.64,21,0,0.0,0.0,0.0,0.0,37,1.0,1.0,1.47,3.525,10.57,11.9,0.0,0.0,0.0,0.0,0.0,4.29e-06,0.0175,0.1363
2795777,Maioricimonas,8,1.8307,0.0117,0.1146,0.0174,0.1452,-8.9459,0.4052,0.0,0.0,0.0,1.0,112,0,0.0,0.0,0.0,0.0,47,1.0,1.0,1.015,1.37,8.305,11.7,0.0,0.0,0.0,0.0,0.0,6.168e-06,0.0158,0.1301
1541670,Methylacidimicrobium,8,1.8307,0.0112,0.0945,0.0213,0.1694,-8.9369,0.4666,0.0,0.0,0.0,1.64,21,0,0.0,0.0,0.0,0.0,63,1.0,1.0,2.432,3.623,7.352,8.752380952380953,0.0,0.0,0.0,0.0,0.0,9.697e-06,0.0188,0.1498
292833,Candidatus Rhabdochlamydia,8,1.8307,0.0124,0.1055,0.0235,0.1826,-8.9265,0.5417,0.0,0.0,0.0,2.92,36,0,0.0,0.0,0.0,0.0,74,1.0,1.417,2.0,3.087,6.625,8.388055555555555,0.0,0.0,0.0,0.0,0.0,2.887e-05,0.0208,0.1621
33973,Acidobacterium,8,1.8307,0.0089,0.0935,0.0158,0.1229,-8.942,0.428,0.0,0.0,0.0,1.0,61,0,0.0,0.0,0.0,0.0,21,1.0,1.0,1.0,2.0,6.179,8.43,0.0,0.0,0.0,0.0,0.0,5.168e-06,0.0143,0.1109
2883512,Citrifermentans,8,1.8307,0.01,0.0877,0.0139,0.1113,-8.945,0.4061,0.0,0.0,0.0,1.0,24,0,0.0,0.0,0.0,0.0,29,1.0,1.0,1.43,2.0,7.647,10.6875,0.0,0.0,0.0,0.0,0.0,4.669e-06,0.0121,0.0932
146,Spirochaeta,8,1.8307,0.0106,0.0923,0.0152,0.134,-8.9434,0.4215,0.0,0.0,0.0,1.64,29,0,0.0,0.0,0.0,0.0,50,1.0,1.0,1.47,2.0,9.997,14.303103448275863,0.0,0.0,0.0,0.0,0.0,1.036e-05,0.0133,0.114
168657,Hydrogenobaculum,8,1.8307,0.0085,0.0692,0.0184,0.1494,-8.8954,0.8157,0.0,0.0,0.0,1.0,7,0,0.0,0.0,0.0,0.0,45,1.0,1.225,1.93,4.533,7.24,7.8,0.0,0.0,0.0,0.0,0.0,0.02591,0.0154,0.1263
166111,Byssoonygena,8,1.8307,0.0106,0.0874,0.0204,0.1732,-8.9513,0.3714,0.0,0.0,0.0,1.64,11,0,0.0,0.0,0.0,0.0,83,1.0,1.143,2.0,2.025,2.841,3.24,0.0,0.0,0.0,0.0,0.0,3.7e-06,0.0185,0.158
338191,Nitrosopumilus,8,1.8307,0.0097,0.076,0.0158,0.1177,-8.9365,0.4662,0.0,0.0,0.0,2.28,6,0,0.0,0.0,0.0,0.0,11,1.0,1.0,1.583,1.694,2.788,3.3333333333333335,0.0,0.0,0.0,0.0,0.0,7.571e-06,0.0148,0.1106
10286,Betaentomopoxvirus,8,1.8307,0.0059,0.0441,0.0103,0.0829,-8.9257,0.546,0.0,0.0,0.0,1.0,2,0,0.0,0.0,0.0,0.0,10,1.0,1.0,1.0,1.0,1.13,1.2,0.0,0.0,0.0,0.0,0.0,3.042e-05,0.0103,0.0829
3064792,Mariluticola,8,1.8307,0.0084,0.0828,0.0162,0.1222,-8.9399,0.4422,0.0,0.0,0.0,1.0,34,0,0.0,0.0,0.0,0.0,15,1.0,1.0,1.0,1.147,7.19,10.4,0.0,0.0,0.0,0.0,0.0,4.459e-06,0.015,0.1124
1960084,Rodentibacter,8,1.8307,0.0123,0.1035,0.0154,0.1347,-8.9402,0.4443,0.0,0.0,0.0,1.64,16,0,0.0,0.0,0.0,0.0,99,1.0,1.0,1.143,1.441,11.1,16.0,0.0,0.0,0.0,0.0,0.0,2.197e-05,0.014,0.1278
1920207,Thermothelomyces,8,1.8307,0.0077,0.0708,0.0101,0.0912,-8.9666,0.2544,0.0,0.0,0.0,1.0,17,0,0.0,0.0,0.0,0.0,23,1.0,1.0,1.0,1.025,6.124,8.83,0.0,0.0,0.0,0.0,0.0,7.144e-07,0.009,0.0769
5721,Trichomonas,8,1.8307,0.0082,0.067,0.0135,0.1057,-8.966,0.2533,0.0,0.0,0.0,1.0,7,0,0.0,0.0,0.0,0.0,12,1.0,1.0,1.188,1.873,5.464,7.33,0.0,0.0,0.0,0.0,0.0,2.054e-07,0.012,0.0929
29487,Photorhabdus,8,1.8307,0.0108,0.0863,0.017,0.1379,-8.943,0.4226,0.0,0.0,0.0,2.28,9,0,0.0,0.0,0.0,0.0,30,1.0,1.0,1.55,2.333,4.308,5.25,0.0,0.0,0.0,0.0,0.0,6.376e-06,0.0153,0.1232
40222,Methylophaga,8,1.8307,0.0179,0.1505,0.0195,0.1599,-8.9376,0.462,0.0,0.0,0.0,3.64,57,0,0.0,0.0,0.0,0.0,71,1.0,1.478,2.903,6.047,30.136,39.8,0.0,0.0,0.0,0.0,0.0,1.131e-05,0.0154,0.133
511434,Candidatus Azobacteroides,8,1.8307,0.0094,0.0855,0.0185,0.1441,-8.9291,0.5228,0.0,0.0,0.0,1.0,29,0,0.0,0.0,0.0,0.0,74,1.0,1.0,1.0,1.188,7.021,9.86,0.0,0.0,0.0,0.0,0.0,6.24e-05,0.0171,0.1294
3049269,Candidatus Pelagisphaera,8,1.8307,0.0145,0.1222,0.0154,0.1217,-8.9425,0.4248,0.0,0.0,0.0,2.92,37,0,0.0,0.0,0.0,0.0,36,1.0,1.0,2.485,18.125,25.85,29.0,0.0,0.0,0.0,0.0,0.0,8.835e-06,0.0116,0.0981
2950010,Salidesulfovibrio,8,1.8307,0.0094,0.0873,0.0144,0.1092,-8.9428,0.4205,0.0,0.0,0.0,1.0,25,0,0.0,0.0,0.0,0.0,10,1.0,1.0,1.0,2.272,7.452,8.88,0.0,0.0,0.0,0.0,0.0,2.656e-06,0.0128,0.0979
264688,Trichormus,8,1.8307,0.01,0.0922,0.0167,0.1318,-8.9426,0.425,0.0,0.0,0.0,1.0,39,0,0.0,0.0,0.0,0.0,19,1.0,1.0,1.055,1.26,11.176,16.5,0.0,0.0,0.0,0.0,0.0,3.921e-06,0.0152,0.12
170610,Halomicronema,8,1.8307,0.0115,0.1022,0.0148,0.1209,-8.946,0.4016,0.0,0.0,0.0,1.64,23,0,0.0,0.0,0.0,0.0,26,1.0,1.0,1.1,2.692,7.324,8.7,0.0,0.0,0.0,0.0,0.0,4.767e-06,0.0127,0.1009
5179,Sclerotinia,8,1.8307,0.0113,0.1159,0.0179,0.1543,-8.9572,0.3268,0.0,0.0,0.0,1.0,139,0,0.0,0.0,0.0,0.0,108,1.0,1.0,1.0,3.167,11.554,15.800000000000002,0.0,0.0,0.0,0.0,0.0,3.132e-06,0.0157,0.1347
2355,unidentified bacterial endosymbiont,8,1.8307,0.0082,0.0799,0.0148,0.1153,-8.9451,0.4054,0.0,0.0,0.0,1.0,29,0,0.0,0.0,0.0,0.0,18,1.0,1.0,1.18,2.0,7.59,10.6,0.0,0.0,0.0,0.0,0.0,3.482e-06,0.0131,0.1003
153135,Gammaretrovirus,8,1.8307,0.0175,0.1892,0.0262,0.2467,-8.8817,0.8805,0.0,0.0,0.0,1.64,2209,0,0.0,0.0,0.0,0.0,11987,1.0,1.0,1.5,5.22,51.999,73.6,0.0,0.0,0.0,0.0,0.0,0.6527,0.0262,0.2467
283168,Odoribacter,8,1.8307,0.0097,0.0796,0.0232,0.1865,-8.9281,0.5453,0.0,0.0,0.0,1.64,12,0,0.0,0.0,0.0,0.0,98,1.0,1.0,1.395,2.023,6.147,8.33,0.0,0.0,0.0,0.0,0.0,0.001345,0.0217,0.1807
59739,Flammeovirga,8,1.8307,0.0071,0.0536,0.0154,0.1194,-8.9437,0.4158,0.0,0.0,0.0,1.0,2,0,0.0,0.0,0.0,0.0,23,1.0,1.0,1.85,2.885,11.887,16.0,0.0,0.0,0.0,0.0,0.0,5.696e-06,0.0134,0.1073
415014,Proteiniborus,8,1.8307,0.0101,0.0891,0.0172,0.1412,-8.94,0.4455,0.0,0.0,0.0,1.0,15,0,0.0,0.0,0.0,0.0,54,1.0,1.0,1.0,5.543,14.575,15.800000000000002,0.0,0.0,0.0,0.0,0.0,1.443e-05,0.0143,0.115
3024823,Anaeromicropila,8,1.8307,0.0091,0.0781,0.0131,0.1006,-8.9467,0.3925,0.0,0.0,0.0,1.0,16,0,0.0,0.0,0.0,0.0,11,1.0,1.0,1.57,2.647,10.684,15.0,0.0,0.0,0.0,0.0,0.0,2.228e-06,0.0112,0.0887
291988,Thermosediminibacter,8,1.8307,0.0059,0.0441,0.0118,0.0911,-8.9418,0.4281,0.0,0.0,0.0,1.0,2,0,0.0,0.0,0.0,0.0,9,1.0,1.0,1.0,1.083,1.622,1.78,0.0,0.0,0.0,0.0,0.0,4.192e-06,0.0114,0.0878
2900571,Candidatus Gromoviella,8,1.8307,0.0115,0.11,0.0228,0.1766,-8.9188,0.5985,0.0,0.0,0.0,1.0,86,0,0.0,0.0,0.0,0.0,70,1.0,1.18,1.625,6.845,8.273,8.42,0.0,0.0,0.0,0.0,0.0,0.0001205,0.0195,0.1515
28222,Desulfobacula,8,1.8307,0.0111,0.1095,0.0145,0.117,-8.9455,0.4046,0.0,0.0,0.0,1.0,87,0,0.0,0.0,0.0,0.0,22,1.0,1.0,1.0,5.062,99.585,144.0,0.0,0.0,0.0,0.0,0.0,4.495e-06,0.0116,0.099
2004661,Hyphobacterium,8,1.8307,0.0093,0.0811,0.0155,0.1279,-8.9394,0.4501,0.0,0.0,0.0,1.0,13,0,0.0,0.0,0.0,0.0,34,1.0,1.0,1.815,2.353,4.911,5.72,0.0,0.0,0.0,0.0,0.0,1.288e-05,0.0134,0.109
56112,Dehalobacter,8,1.8307,0.0066,0.0506,0.0092,0.073,-8.9386,0.4579,0.0,0.0,0.0,1.0,3,0,0.0,0.0,0.0,0.0,8,1.0,1.0,1.0,2.08,4.765,5.0,0.0,0.0,0.0,0.0,0.0,5.615e-05,0.0083,0.0678
1155385,Proteiniclasticum,8,1.8307,0.0059,0.0441,0.0084,0.0677,-8.9506,0.3648,0.0,0.0,0.0,1.0,2,0,0.0,0.0,0.0,0.0,5,1.0,1.0,1.1,2.0,2.215,2.33,0.0,0.0,0.0,0.0,0.0,1.462e-06,0.0077,0.0631
2812025,Syntrophotalea,8,1.8307,0.0096,0.0836,0.0108,0.0852,-8.9471,0.39,0.0,0.0,0.0,1.0,12,0,0.0,0.0,0.0,0.0,8,1.0,1.0,2.0,5.95,12.029,12.15181818181818,0.0,0.0,0.0,0.0,0.0,2.544e-06,0.0085,0.0658
497726,Nitrososphaera,8,1.8307,0.0077,0.059,0.0112,0.0918,-8.9458,0.4003,0.0,0.0,0.0,1.0,3,0,0.0,0.0,0.0,0.0,12,1.0,1.0,1.0,1.542,1.667,1.6666666666666667,0.0,0.0,0.0,0.0,0.0,4.333e-06,0.0107,0.0881
2944815,Wielerella,8,1.8307,0.0089,0.0783,0.0131,0.1203,-8.9469,0.3979,0.0,0.0,0.0,1.0,11,0,0.0,0.0,0.0,0.0,106,1.0,1.0,1.0,1.343,3.245,4.25,0.0,0.0,0.0,0.0,0.0,2.31e-05,0.0123,0.1129
1906659,Candidatus Hoaglandella,8,1.8307,0.0137,0.1246,0.0202,0.1607,-8.9223,0.5737,0.0,0.0,0.0,2.0,47,0,0.0,0.0,0.0,0.0,44,1.13,1.585,2.47,4.08,34.987,51.5,0.0,0.0,0.0,0.0,0.0,7.03e-05,0.0169,0.1395
141450,Oleiphilus,8,1.8307,0.0117,0.0974,0.0162,0.1274,-8.945,0.4071,0.0,0.0,0.0,1.64,18,0,0.0,0.0,0.0,0.0,23,1.0,1.0,1.485,2.442,5.655,6.67,0.0,0.0,0.0,0.0,0.0,3.726e-06,0.0143,0.1139
1172191,Catenovulum,8,1.8307,0.0141,0.1162,0.0159,0.1371,-8.9444,0.4144,0.0,0.0,0.0,4.2,25,0,0.0,0.0,0.0,0.0,54,1.0,1.248,2.314,6.867,9.814,10.0,0.0,0.0,0.0,0.0,0.0,7.748e-06,0.0128,0.1156
33055,Candidatus Kinetoplastibacterium,8,1.8307,0.0139,0.1138,0.0121,0.0952,-8.9358,0.4721,0.0,0.0,0.0,3.64,21,0,0.0,0.0,0.0,0.0,9,1.0,1.0,1.667,5.821,33.245,46.3,0.0,0.0,0.0,0.0,0.0,6.362e-06,0.0097,0.0809
2813803,Luteithermobacter,8,1.8307,0.0116,0.094,0.019,0.1462,-8.9361,0.4713,0.0,0.0,0.0,2.0,17,0,0.0,0.0,0.0,0.0,31,1.0,1.958,2.81,5.0,5.442,5.68,0.0,0.0,0.0,0.0,0.0,1.005e-05,0.0154,0.1187
1918454,Flintibacter,8,1.8307,0.011,0.0937,0.0206,0.1564,-8.9336,0.4889,0.0,0.0,0.0,1.0,13,0,0.0,0.0,0.0,0.0,40,1.0,1.0,1.0,7.5,11.6,13.0,0.0,0.0,0.0,0.0,0.0,1.421e-05,0.0177,0.1402
1492710,Oxynema,8,1.8307,0.0104,0.0879,0.017,0.1348,-8.9439,0.4151,0.0,0.0,0.0,1.0,13,0,0.0,0.0,0.0,0.0,38,1.0,1.0,1.0,2.22,5.676,7.36,0.0,0.0,0.0,0.0,0.0,6.177e-06,0.0154,0.1205
3034674,cyanobacterium endosymbiont of Epithemia clementina EcSB,8,1.8307,0.0092,0.0703,0.0153,0.1141,-8.9392,0.4466,0.0,0.0,0.0,2.0,5,0,0.0,0.0,0.0,0.0,10,1.0,1.15,1.68,3.925,6.009,6.17,0.0,0.0,0.0,0.0,0.0,3.631e-06,0.013,0.0984
2791001,Malacoplasma,8,1.8307,0.0096,0.107,0.0108,0.085,-8.9258,0.5652,0.0,0.0,0.0,1.0,124,0,0.0,0.0,0.0,0.0,9,1.0,1.0,1.0,1.0,70.55,108.0,0.0,0.0,0.0,0.0,0.0,0.001262,0.0091,0.0717
168808,Sneathia,8,1.8307,0.0105,0.1027,0.0198,0.1736,-8.9295,0.5287,0.0,0.0,0.0,1.0,67,0,0.0,0.0,0.0,0.0,171,1.0,1.0,2.6,5.252,14.215,18.1,0.0,0.0,0.0,0.0,0.0,0.0001323,0.0163,0.1447
28261,Thermodesulfovibrio,8,1.8307,0.0214,0.2113,0.0179,0.1425,-8.9338,0.4895,0.0,0.0,0.0,1.64,1462,0,0.0,0.0,0.0,0.0,88,1.0,1.605,3.1,9.505,388.595,591.0,0.0,0.0,0.0,0.0,0.0,4.535e-05,0.0127,0.1048
1652133,Halobacteriovorax,8,1.8307,0.0162,0.1435,0.0223,0.1845,-8.9359,0.4768,0.0,0.0,0.0,3.64,96,0,0.0,0.0,0.0,0.0,121,1.0,1.457,2.4,4.695,14.728,18.3125,0.0,0.0,0.0,0.0,0.0,3.155e-05,0.0191,0.1587
638847,Pyramidobacter,8,1.8307,0.0093,0.0744,0.0208,0.1564,-8.9327,0.4952,0.0,0.0,0.0,1.64,9,0,0.0,0.0,0.0,0.0,29,1.0,1.623,2.22,4.43,23.579,33.6,0.0,0.0,0.0,0.0,0.0,1.108e-05,0.0169,0.1274
1866960,Amphiamblys,8,1.8307,0.0076,0.0588,0.012,0.091,-8.948,0.3825,0.0,0.0,0.0,1.0,4,0,0.0,0.0,0.0,0.0,8,1.0,1.0,1.625,2.375,4.475,5.0,0.0,0.0,0.0,0.0,0.0,1.64e-06,0.0103,0.079
2841540,Halosegnis,8,1.8307,0.0234,0.1978,0.0324,0.2611,-8.9206,0.5932,0.0,0.0,0.0,6.48,234,0,0.0,0.0,0.0,0.0,800,1.0,1.0,1.54,2.327,5.208,6.65,0.0,0.0,0.0,0.0,0.0,0.0003173,0.0303,0.245
2907507,Halococcoides,8,1.8307,0.0209,0.1837,0.031,0.2542,-8.9224,0.5808,0.0,0.0,0.0,4.92,217,0,0.0,0.0,0.0,0.0,821,1.0,1.0,1.365,1.96,6.613,8.86,0.0,0.0,0.0,0.0,0.0,0.0003101,0.0291,0.2412
2039236,Saliphagus,8,1.8307,0.0235,0.2005,0.034,0.2728,-8.926,0.5519,0.0,0.0,0.0,7.84,247,0,0.0,0.0,0.0,0.0,884,1.0,1.206,1.695,2.075,8.54,11.9,0.0,0.0,0.0,0.0,0.0,0.0001322,0.0315,0.2568
3065678,Natronobeatus,8,1.8307,0.0218,0.1886,0.0331,0.2617,-8.923,0.5734,0.0,0.0,0.0,4.28,192,0,0.0,0.0,0.0,0.0,825,1.0,1.0,1.395,2.03,6.209,8.12,0.0,0.0,0.0,0.0,0.0,0.000214,0.0311,0.2475
10509,Mastadenovirus,8,1.8307,0.0098,0.0874,0.0304,0.2491,-8.8918,0.8019,0.0,0.0,0.0,1.0,19,0,0.0,0.0,0.0,0.0,767,1.0,1.0,1.0,1.773,2.045,2.07,0.0,0.0,0.0,0.0,0.0,0.01451,0.0304,0.2491
5812,Sarcocystis,8,1.8307,0.0059,0.0441,0.0106,0.0835,-8.9739,0.1958,0.0,0.0,0.0,1.0,2,0,0.0,0.0,0.0,0.0,8,1.0,1.0,1.0,1.0,1.65,2.0,0.0,0.0,0.0,0.0,0.0,8.189e-08,0.0103,0.0819
112040,Zobellia,8,1.8307,0.0073,0.0563,0.01,0.0762,-8.951,0.3602,0.0,0.0,0.0,1.0,3,0,0.0,0.0,0.0,0.0,6,1.0,1.0,1.165,2.0,2.65,3.0,0.0,0.0,0.0,0.0,0.0,1.212e-06,0.009,0.0685
45669,Salinicoccus,8,1.8307,0.0084,0.0689,0.0206,0.1697,-8.934,0.4924,0.0,0.0,0.0,1.0,7,0,0.0,0.0,0.0,0.0,65,1.0,1.0,1.0,1.113,2.529,3.11,0.0,0.0,0.0,0.0,0.0,2.409e-05,0.0199,0.1628
744724,Halarchaeum,8,1.8307,0.0194,0.1811,0.0274,0.2517,-8.9286,0.5499,0.0,0.0,0.0,1.0,199,0,0.0,0.0,0.0,0.0,977,1.0,1.0,1.0,1.768,2.006,2.09,0.0,0.0,0.0,0.0,0.0,0.0003285,0.0264,0.2414
511678,Aliivibrio,8,1.8307,0.0076,0.0648,0.0141,0.1166,-8.9362,0.4766,0.0,0.0,0.0,1.0,10,0,0.0,0.0,0.0,0.0,32,1.0,1.0,1.167,1.812,7.59,10.6,0.0,0.0,0.0,0.0,0.0,3.582e-05,0.013,0.1064
929812,Gibbsiella,7,1.6018,0.0063,0.0516,0.0137,0.1163,-8.9508,0.3893,0.0,0.0,0.0,1.0,3,0,0.0,0.0,0.0,0.0,42,1.0,1.0,1.0,1.415,5.015,6.38,0.0,0.0,0.0,0.0,0.0,8.425e-06,0.0127,0.1093
1738655,Woeseia,7,1.6018,0.0059,0.0486,0.015,0.125,-8.9478,0.4123,0.0,0.0,0.0,1.0,3,0,0.0,0.0,0.0,0.0,32,1.0,1.0,1.0,1.235,7.609,10.3,0.0,0.0,0.0,0.0,0.0,7.939e-06,0.0137,0.1121
2837485,Evansella,7,1.6018,0.0072,0.0642,0.0171,0.1397,-8.9467,0.421,0.0,0.0,0.0,1.0,9,0,0.0,0.0,0.0,0.0,29,1.0,1.0,2.0,2.05,6.699,8.67,0.0,0.0,0.0,0.0,0.0,6.409e-06,0.0151,0.1241
2916693,Desulforamulus,7,1.6018,0.0079,0.0683,0.0111,0.0982,-8.9521,0.3793,0.0,0.0,0.0,1.0,5,0,0.0,0.0,0.0,0.0,19,1.0,1.466,2.0,6.1,8.341,8.83,0.0,0.0,0.0,0.0,0.0,4.08e-06,0.0085,0.0762
511745,Methylacidiphilum,7,1.6018,0.0104,0.1006,0.0093,0.0787,-8.9498,0.3961,0.0,0.0,0.0,1.0,49,0,0.0,0.0,0.0,0.0,9,1.0,1.11,2.0,3.1,58.57,82.3,0.0,0.0,0.0,0.0,0.0,4.055e-06,0.0071,0.0645
2805839,Microbacterium phage Shocker,7,1.6018,0.0079,0.0645,0.0198,0.1716,-8.9117,0.6977,0.0,0.0,0.0,1.64,4,0,0.0,0.0,0.0,0.0,62,1.0,1.0,1.0,1.5,2.0,2.0,0.0,0.0,0.0,0.0,0.0,0.001379,0.0198,0.1716
2778400,Tepiditoga,7,1.6018,0.0064,0.0543,0.0098,0.0828,-8.9505,0.3906,0.0,0.0,0.0,1.0,4,0,0.0,0.0,0.0,0.0,11,1.0,1.0,1.0,1.4,2.066,2.18,0.0,0.0,0.0,0.0,0.0,4.669e-06,0.0092,0.0763
795750,Ignavibacterium,7,1.6018,0.0089,0.0989,0.0119,0.1008,-8.9502,0.3939,0.0,0.0,0.0,1.0,79,0,0.0,0.0,0.0,0.0,10,1.0,1.0,1.0,2.4,67.85,95.3,0.0,0.0,0.0,0.0,0.0,3.067e-06,0.01,0.0894
5761,Naegleria,7,1.6018,0.0066,0.0545,0.0103,0.0864,-8.9692,0.245,0.0,0.0,0.0,1.0,3,0,0.0,0.0,0.0,0.0,9,1.0,1.0,1.0,1.11,6.316,8.5,0.0,0.0,0.0,0.0,0.0,2.816e-07,0.0096,0.0831
42417,Halobacteroides,7,1.6018,0.0055,0.0453,0.0128,0.1043,-8.947,0.4168,0.0,0.0,0.0,1.0,3,0,0.0,0.0,0.0,0.0,19,1.0,1.0,1.0,1.125,1.495,1.6,0.0,0.0,0.0,0.0,0.0,7.463e-06,0.0125,0.1024
2758906,Entomomonas,7,1.6018,0.0122,0.1113,0.0173,0.1536,-8.9461,0.4279,0.0,0.0,0.0,1.64,26,0,0.0,0.0,0.0,0.0,98,1.0,1.0,1.168,2.013,19.928,27.6,0.0,0.0,0.0,0.0,0.0,1.334e-05,0.0164,0.1458
1541743,Candidatus Ruthturnera,7,1.6018,0.0082,0.0743,0.0124,0.1007,-8.9409,0.4645,0.0,0.0,0.0,1.0,12,0,0.0,0.0,0.0,0.0,9,1.0,1.0,1.0,2.125,9.725,12.5,0.0,0.0,0.0,0.0,0.0,9.225e-06,0.0113,0.0942
694002,Betacoronavirus,7,1.6018,0.0417,0.3317,0.0654,0.5186,-8.864,1.0688,0.0,0.0,0.0,242.76,2444,0,0.0,0.0,0.0,0.0,53083,1.27,1.505,1.55,4.25,9.471,11.1,0.0,0.0,0.0,0.0,0.0,0.9061,0.0654,0.5186
527198,Mariniflexile,7,1.6018,0.0111,0.0946,0.0153,0.1242,-8.9484,0.4066,0.0,0.0,0.0,2.0,11,0,0.0,0.0,0.0,0.0,27,1.0,1.62,2.0,2.59,5.1,6.0,0.0,0.0,0.0,0.0,0.0,5.766e-06,0.013,0.1076
201847,Lactococcus phage 4268,7,1.6018,0.0115,0.0984,0.0299,0.2441,-8.8888,0.8753,0.0,0.0,0.0,2.92,13,0,0.0,0.0,0.0,0.0,349,1.0,1.155,1.68,2.005,2.136,2.19,0.0,0.0,0.0,0.0,0.0,0.04291,0.0299,0.2441
2795780,Symmachiella,7,1.6018,0.0063,0.0516,0.0115,0.0971,-8.9566,0.3434,0.0,0.0,0.0,1.0,3,0,0.0,0.0,0.0,0.0,17,1.0,1.0,1.29,1.52,1.925,2.0,0.0,0.0,0.0,0.0,0.0,2.21e-06,0.0109,0.0926
2786989,Koleobacter,7,1.6018,0.0074,0.0768,0.0126,0.1037,-8.9485,0.4058,0.0,0.0,0.0,1.0,26,0,0.0,0.0,0.0,0.0,17,1.0,1.0,1.0,1.3,12.74,17.6,0.0,0.0,0.0,0.0,0.0,5.68e-06,0.0114,0.0966
1862,Dermatophilus,7,1.6018,0.0114,0.1214,0.0156,0.1481,-8.9451,0.4419,0.0,0.0,0.0,1.0,132,0,0.0,0.0,0.0,0.0,95,1.0,1.0,1.55,2.015,8.589,11.4,0.0,0.0,0.0,0.0,0.0,3.666e-05,0.0137,0.127
79603,Denitrobacterium,7,1.6018,0.0085,0.0853,0.0131,0.1137,-8.9468,0.4223,0.0,0.0,0.0,1.0,34,0,0.0,0.0,0.0,0.0,22,1.0,1.0,1.0,1.18,18.048,25.2,0.0,0.0,0.0,0.0,0.0,9.295e-06,0.0116,0.1019
3033930,Fervidibacillus,7,1.6018,0.0052,0.0417,0.0115,0.0926,-8.95,0.3932,0.0,0.0,0.0,1.0,2,0,0.0,0.0,0.0,0.0,7,1.0,1.0,1.0,1.0,1.7,2.0,0.0,0.0,0.0,0.0,0.0,2.322e-06,0.0113,0.0904
471826,Candidatus Desulforudis,7,1.6018,0.0088,0.0794,0.0123,0.1019,-8.9469,0.4185,0.0,0.0,0.0,1.0,15,0,0.0,0.0,0.0,0.0,18,1.0,1.0,1.75,6.135,10.391,10.7,0.0,0.0,0.0,0.0,0.0,7.913e-06,0.01,0.0822
2023214,Koinonema,7,1.6018,0.0092,0.0953,0.0081,0.0708,-8.9596,0.3201,0.0,0.0,0.0,1.0,47,0,0.0,0.0,0.0,0.0,9,1.0,1.0,1.0,5.0,13.18,15.400000000000002,0.0,0.0,0.0,0.0,0.0,1.48e-06,0.0065,0.0558
1495649,Thermoflexus,7,1.6018,0.0063,0.0539,0.0137,0.1184,-8.9482,0.4111,0.0,0.0,0.0,1.0,5,0,0.0,0.0,0.0,0.0,35,1.0,1.0,1.0,2.035,4.918,5.71,0.0,0.0,0.0,0.0,0.0,1.077e-05,0.0123,0.1032
400947,Deefgea,7,1.6018,0.01,0.09,0.0166,0.1366,-8.9475,0.4141,0.0,0.0,0.0,1.64,24,0,0.0,0.0,0.0,0.0,47,1.0,1.22,1.667,2.029,2.55,2.62,0.0,0.0,0.0,0.0,0.0,6.407e-06,0.0155,0.127
801,Symbiopectobacterium,7,1.6018,0.0056,0.0453,0.0131,0.1218,-8.9517,0.3872,0.0,0.0,0.0,1.0,2,0,0.0,0.0,0.0,0.0,62,1.0,1.035,1.92,2.0,2.0,2.0,0.0,0.0,0.0,0.0,0.0,1.352e-05,0.012,0.1128
82976,Buttiauxella,7,1.6018,0.0068,0.0649,0.0113,0.098,-8.9503,0.3945,0.0,0.0,0.0,1.0,13,0,0.0,0.0,0.0,0.0,27,1.0,1.0,1.0,1.5,6.505,8.435384615384615,0.0,0.0,0.0,0.0,0.0,6.544e-06,0.0103,0.0868
2726810,Scandinavium,7,1.6018,0.0079,0.0771,0.0124,0.1035,-8.9509,0.3876,0.0,0.0,0.0,1.0,21,0,0.0,0.0,0.0,0.0,16,1.0,1.0,2.0,2.6,9.65,12.5,0.0,0.0,0.0,0.0,0.0,3.958e-06,0.0104,0.0868
1858563,Alkalimarinus,7,1.6018,0.0095,0.0836,0.02,0.1806,-8.9445,0.4473,0.0,0.0,0.0,1.64,13,0,0.0,0.0,0.0,0.0,127,1.0,1.0,1.02,1.353,1.855,2.0430769230769235,0.0,0.0,0.0,0.0,0.0,3.117e-05,0.0195,0.1771
1079922,Commensalibacter,7,1.6018,0.0086,0.0844,0.0176,0.1476,-8.9415,0.4622,0.0,0.0,0.0,1.0,29,0,0.0,0.0,0.0,0.0,107,1.0,1.155,1.25,3.32,11.472,14.4,0.0,0.0,0.0,0.0,0.0,4.263e-05,0.0154,0.1301
2038635,Hyphococcus,7,1.6018,0.0085,0.0832,0.015,0.1269,-8.9468,0.4208,0.0,0.0,0.0,1.0,27,0,0.0,0.0,0.0,0.0,38,1.0,1.0,1.56,2.14,6.69,8.58,0.0,0.0,0.0,0.0,0.0,1.102e-05,0.0131,0.1072
162171,Magnetococcus,7,1.6018,0.0085,0.0723,0.0129,0.1081,-8.951,0.3875,0.0,0.0,0.0,1.0,6,0,0.0,0.0,0.0,0.0,15,1.0,1.285,2.2,3.375,6.37,7.33,0.0,0.0,0.0,0.0,0.0,3.444e-06,0.0106,0.0902
267986,Owenweeksia,7,1.6018,0.0076,0.0642,0.0166,0.1362,-8.9458,0.4276,0.0,0.0,0.0,1.0,5,0,0.0,0.0,0.0,0.0,27,1.0,1.0,1.63,1.885,2.415,2.55,0.0,0.0,0.0,0.0,0.0,6.825e-06,0.0154,0.1257
1471399,Draconibacterium,7,1.6018,0.0093,0.0802,0.0121,0.1059,-8.9531,0.3728,0.0,0.0,0.0,1.0,9,0,0.0,0.0,0.0,0.0,20,1.0,1.05,1.293,2.915,6.203,7.220000000000001,0.0,0.0,0.0,0.0,0.0,4.215e-06,0.0103,0.0923
456826,Candidatus Cloacimonas,7,1.6018,0.0094,0.0817,0.0197,0.1592,-8.9382,0.4862,0.0,0.0,0.0,1.64,15,0,0.0,0.0,0.0,0.0,52,1.12,1.88,2.0,3.165,6.744,7.92,0.0,0.0,0.0,0.0,0.0,2.359e-05,0.0168,0.1364
2321115,Halarcobacter,7,1.6018,0.0075,0.0622,0.0143,0.1227,-8.9482,0.4097,0.0,0.0,0.0,1.0,4,0,0.0,0.0,0.0,0.0,37,1.0,1.0,1.0,1.555,3.4,4.0,0.0,0.0,0.0,0.0,0.0,6.975e-06,0.0134,0.1161
2690159,Anaerohalosphaera,7,1.6018,0.007,0.0608,0.0171,0.1352,-8.9454,0.4286,0.0,0.0,0.0,1.0,7,0,0.0,0.0,0.0,0.0,18,1.0,3.3,7.17,9.3,10.45,10.6,0.0,0.0,0.0,0.0,0.0,4.33e-06,0.0126,0.1025
2175957,Ruficoccus,7,1.6018,0.0052,0.0417,0.0129,0.1137,-8.9501,0.3967,0.0,0.0,0.0,1.0,2,0,0.0,0.0,0.0,0.0,23,1.0,1.0,1.0,1.965,2.049,2.07,0.0,0.0,0.0,0.0,0.0,6.202e-06,0.0121,0.1064
810,Chlamydia,7,1.6018,0.0077,0.0675,0.0129,0.1117,-8.945,0.4343,0.0,0.0,0.0,1.0,7,0,0.0,0.0,0.0,0.0,17,1.0,1.0,1.67,2.57,3.082,3.142857142857143,0.0,0.0,0.0,0.0,0.0,1.064e-05,0.0115,0.0976
180162,Cetobacterium,7,1.6018,0.0104,0.1008,0.0202,0.1782,-8.9402,0.4779,0.0,0.0,0.0,1.0,49,0,0.0,0.0,0.0,0.0,184,1.0,1.025,1.23,1.93,5.095,6.28,0.0,0.0,0.0,0.0,0.0,6.371e-05,0.0187,0.1635
34104,Streptobacillus,7,1.6018,0.0112,0.0946,0.0235,0.1971,-8.9329,0.5315,0.0,0.0,0.0,2.0,14,0,0.0,0.0,0.0,0.0,194,1.0,1.045,1.55,2.835,3.768,3.81,0.0,0.0,0.0,0.0,0.0,0.0001101,0.0219,0.1862
2905722,Oceanidesulfovibrio,7,1.6018,0.0072,0.0738,0.0145,0.1194,-8.9494,0.3996,0.0,0.0,0.0,1.0,22,0,0.0,0.0,0.0,0.0,20,1.0,1.0,1.0,2.5,5.645,6.35,0.0,0.0,0.0,0.0,0.0,4.29e-06,0.0131,0.1079
248038,Mucispirillum,7,1.6018,0.006,0.0486,0.0141,0.1232,-8.9452,0.4353,0.0,0.0,0.0,1.0,2,0,0.0,0.0,0.0,0.0,31,1.0,1.0,1.0,1.99,3.661,4.0,0.0,0.0,0.0,0.0,0.0,1.393e-05,0.0132,0.1164
397864,Barnesiella,7,1.6018,0.0099,0.0864,0.0194,0.1672,-8.9408,0.4707,0.0,0.0,0.0,1.64,15,0,0.0,0.0,0.0,0.0,155,1.0,1.02,1.29,2.455,11.406,15.0,0.0,0.0,0.0,0.0,0.0,5.414e-05,0.0178,0.1583
2755140,Pseudoleptotrichia,7,1.6018,0.0109,0.0966,0.0193,0.1782,-8.9395,0.4859,0.0,0.0,0.0,1.0,14,0,0.0,0.0,0.0,0.0,173,1.0,1.0,1.0,1.885,7.536,9.9,0.0,0.0,0.0,0.0,0.0,7.816e-05,0.0177,0.1659
767891,Candidatus Puniceispirillum,7,1.6018,0.0063,0.0516,0.0142,0.1239,-8.9464,0.4255,0.0,0.0,0.0,1.0,3,0,0.0,0.0,0.0,0.0,25,1.0,1.0,1.71,3.73,4.364,4.4,0.0,0.0,0.0,0.0,0.0,9.156e-06,0.0121,0.1035
196118,Methanocaldococcus,7,1.6018,0.0085,0.0759,0.0135,0.1149,-8.9454,0.4308,0.0,0.0,0.0,1.0,10,0,0.0,0.0,0.0,0.0,22,1.0,1.0,1.07,1.223,2.494,3.0,0.0,0.0,0.0,0.0,0.0,1.07e-05,0.013,0.112
2767878,Bombilactobacillus,7,1.6018,0.0095,0.0885,0.0167,0.1413,-8.9408,0.4675,0.0,0.0,0.0,1.0,19,0,0.0,0.0,0.0,0.0,39,1.0,1.0,1.0,2.114,3.309,3.405263157894737,0.0,0.0,0.0,0.0,0.0,1.474e-05,0.0156,0.1296
46205,Pseudobutyrivibrio,7,1.6018,0.0112,0.1136,0.0162,0.1421,-8.9457,0.4322,0.0,0.0,0.0,1.0,63,0,0.0,0.0,0.0,0.0,46,1.0,1.0,1.0,9.55,19.52,23.0,0.0,0.0,0.0,0.0,0.0,1.343e-05,0.0134,0.1232
191303,Turicibacter,7,1.6018,0.0052,0.0417,0.0155,0.1376,-8.9437,0.448,0.0,0.0,0.0,1.0,2,0,0.0,0.0,0.0,0.0,50,1.0,1.0,1.0,1.0,1.0,1.0,0.0,0.0,0.0,0.0,0.0,1.747e-05,0.0155,0.1376
135858,Catenibacterium,7,1.6018,0.0115,0.1121,0.0216,0.1989,-8.9356,0.516,0.0,0.0,0.0,1.64,64,0,0.0,0.0,0.0,0.0,1680,1.0,1.0,1.339,2.415,7.764,9.664285714285715,0.0,0.0,0.0,0.0,0.0,0.000713,0.0197,0.1861
2975149,Marinilongibacter,7,1.6018,0.0067,0.0636,0.0124,0.1101,-8.9523,0.3799,0.0,0.0,0.0,1.0,12,0,0.0,0.0,0.0,0.0,18,1.0,1.0,1.0,2.0,4.071,4.53,0.0,0.0,0.0,0.0,0.0,3.931e-06,0.0112,0.0981
101191,Methanomethylovorans,7,1.6018,0.0056,0.0453,0.0127,0.109,-8.9477,0.4136,0.0,0.0,0.0,1.0,2,0,0.0,0.0,0.0,0.0,40,1.0,1.0,1.0,1.175,1.63,1.75,0.0,0.0,0.0,0.0,0.0,1.496e-05,0.0123,0.1056
190729,Betasatellite,7,1.6018,0.0074,0.0668,0.0073,0.0614,-8.9019,0.7707,0.0,0.0,0.0,1.0,8,0,0.0,0.0,0.0,0.0,6,1.0,1.0,1.0,1.3,14.48,20.0,0.0,0.0,0.0,0.0,0.0,0.003604,0.0067,0.0581
2678885,Faecalibacillus,7,1.6018,0.0105,0.0901,0.024,0.1976,-8.9352,0.5122,0.0,0.0,0.0,1.64,11,0,0.0,0.0,0.0,0.0,133,1.0,1.0,1.0,4.165,9.399,10.5,0.0,0.0,0.0,0.0,0.0,4.949e-05,0.0219,0.1862
143222,Salegentibacter,7,1.6018,0.0073,0.0599,0.0116,0.0995,-8.9522,0.3771,0.0,0.0,0.0,1.0,3,0,0.0,0.0,0.0,0.0,14,1.0,1.0,1.0,1.665,2.0,2.0,0.0,0.0,0.0,0.0,0.0,2.344e-06,0.0111,0.0966
44417,Cyclospora,7,1.6018,0.0048,0.0378,0.0104,0.0851,-8.9697,0.2399,0.0,0.0,0.0,1.0,1,0,0.0,0.0,0.0,0.0,6,1.0,1.0,1.0,3.6,8.21,9.5,0.0,0.0,0.0,0.0,0.0,1.409e-07,0.0086,0.0699
2717089,Massilistercora,7,1.6018,0.0048,0.0378,0.0142,0.126,-8.946,0.4297,0.0,0.0,0.0,1.0,1,0,0.0,0.0,0.0,0.0,54,1.0,1.0,1.0,1.5,2.28,2.4,0.0,0.0,0.0,0.0,0.0,2.117e-05,0.0136,0.1211
102115,Stanieria,7,1.6018,0.0081,0.0668,0.0147,0.126,-8.9514,0.3844,0.0,0.0,0.0,1.64,4,0,0.0,0.0,0.0,0.0,36,1.0,1.0,1.0,1.075,1.605,1.8,0.0,0.0,0.0,0.0,0.0,4.973e-06,0.0144,0.1242
929509,Solitalea,7,1.6018,0.0084,0.0786,0.013,0.1059,-8.9517,0.3805,0.0,0.0,0.0,1.0,18,0,0.0,0.0,0.0,0.0,18,1.0,1.085,1.38,2.3,14.22,19.2,0.0,0.0,0.0,0.0,0.0,3.521e-06,0.0111,0.0938
53318,Desulfocapsa,7,1.6018,0.0065,0.0562,0.0089,0.0728,-8.9551,0.3533,0.0,0.0,0.0,1.0,6,0,0.0,0.0,0.0,0.0,6,1.0,1.0,1.0,1.5,13.2,18.0,0.0,0.0,0.0,0.0,0.0,1.51e-06,0.008,0.0678
2915177,Sulfidibacter,7,1.6018,0.0081,0.0683,0.0166,0.1422,-8.9536,0.3701,0.0,0.0,0.0,1.0,6,0,0.0,0.0,0.0,0.0,41,1.0,1.2,1.5,1.93,7.068,9.24,0.0,0.0,0.0,0.0,0.0,3.552e-06,0.0147,0.1242
89092,Ignavigranum,7,1.6018,0.0097,0.0799,0.0151,0.1285,-8.9427,0.4537,0.0,0.0,0.0,2.0,6,0,0.0,0.0,0.0,0.0,42,1.0,1.57,3.33,9.375,18.36,21.0,0.0,0.0,0.0,0.0,0.0,2.224e-05,0.012,0.1092
61434,Dehalococcoides,7,1.6018,0.0048,0.0378,0.0144,0.1336,-8.9441,0.4659,0.0,0.0,0.0,1.0,1,0,0.0,0.0,0.0,0.0,87,1.0,1.0,1.0,1.5,6.081,7.83,0.0,0.0,0.0,0.0,0.0,0.0002333,0.0133,0.1264
67572,Psychromonas,7,1.6018,0.009,0.0814,0.0159,0.1322,-8.9479,0.4127,0.0,0.0,0.0,1.0,14,0,0.0,0.0,0.0,0.0,22,1.0,1.167,1.83,2.474,4.153,4.67,0.0,0.0,0.0,0.0,0.0,6.096e-06,0.0142,0.1194
112987,Neochlamydia,7,1.6018,0.0097,0.0982,0.0092,0.076,-8.9518,0.3797,0.0,0.0,0.0,1.0,51,0,0.0,0.0,0.0,0.0,7,1.0,1.0,1.0,4.5,18.62,23.6,0.0,0.0,0.0,0.0,0.0,2.736e-06,0.0074,0.062
2788787,unclassified Caudoviricetes,7,1.6018,0.0096,0.0905,0.0357,0.2849,-8.9391,0.4809,0.0,0.0,0.0,1.0,17,0,0.0,0.0,0.0,0.0,1016,1.14,1.315,1.37,2.92,9.238,11.5,0.0,0.0,0.0,0.0,0.0,3.858e-05,0.0357,0.2849
4951,Yarrowia,7,1.6018,0.0107,0.1038,0.0276,0.24,-8.9461,0.4381,0.0,0.0,0.0,1.0,39,0,0.0,0.0,0.0,0.0,860,1.0,1.0,1.06,1.575,5.591,7.13,0.0,0.0,0.0,0.0,0.0,4.238e-05,0.0262,0.2294
2967089,Abyssalbus,7,1.6018,0.0069,0.0633,0.0129,0.107,-8.9506,0.39,0.0,0.0,0.0,1.0,10,0,0.0,0.0,0.0,0.0,16,1.0,1.0,1.0,2.9,19.36,25.6,0.0,0.0,0.0,0.0,0.0,3.763e-06,0.0109,0.0911
1940138,Candidatus Walczuchella,7,1.6018,0.0059,0.051,0.0124,0.1072,-8.9332,0.5272,0.0,0.0,0.0,1.0,5,0,0.0,0.0,0.0,0.0,23,1.0,1.5,2.83,3.665,5.681,6.26,0.0,0.0,0.0,0.0,0.0,7.511e-05,0.0101,0.0865
175304,Lentibacillus,7,1.6018,0.0069,0.0571,0.0144,0.1215,-8.9487,0.4054,0.0,0.0,0.0,1.0,4,0,0.0,0.0,0.0,0.0,30,1.0,2.1,2.44,4.275,6.231,6.33,0.0,0.0,0.0,0.0,0.0,5.391e-06,0.0116,0.1001
651660,Paenisporosarcina,7,1.6018,0.0069,0.0608,0.0115,0.0987,-8.9517,0.3817,0.0,0.0,0.0,1.0,7,0,0.0,0.0,0.0,0.0,16,1.0,1.0,1.0,1.0,5.2,7.0,0.0,0.0,0.0,0.0,0.0,4.139e-06,0.0107,0.0897
2601574,Candidatus Cytomitobacter,7,1.6018,0.0083,0.0738,0.0183,0.1469,-8.9309,0.5431,0.0,0.0,0.0,1.0,13,0,0.0,0.0,0.0,0.0,31,1.0,1.0,1.23,1.82,5.465,6.950000000000001,0.0,0.0,0.0,0.0,0.0,5.03e-05,0.0168,0.1354
1551504,Candidatus Babela,7,1.6018,0.0074,0.0668,0.0155,0.1357,-8.9385,0.4873,0.0,0.0,0.0,1.0,8,0,0.0,0.0,0.0,0.0,61,1.0,1.0,1.0,1.195,3.091,3.8199999999999994,0.0,0.0,0.0,0.0,0.0,5.507e-05,0.0147,0.1278
5683,Leptomonas,7,1.6018,0.0061,0.0514,0.0094,0.0849,-8.9679,0.2576,0.0,0.0,0.0,1.0,4,0,0.0,0.0,0.0,0.0,19,1.0,1.0,1.0,1.5,3.631,4.33,0.0,0.0,0.0,0.0,0.0,7.562e-07,0.0088,0.0815
429,Methylobacter,7,1.6018,0.0109,0.0962,0.019,0.1577,-8.9458,0.4277,0.0,0.0,0.0,1.64,21,0,0.0,0.0,0.0,0.0,86,1.07,1.385,2.2,2.563,6.105,7.529999999999999,0.0,0.0,0.0,0.0,0.0,5.121e-06,0.0167,0.141
1509243,Candidatus Nucleicultrix,7,1.6018,0.0118,0.1208,0.0227,0.191,-8.9338,0.524,0.0,0.0,0.0,1.64,154,0,0.0,0.0,0.0,0.0,287,1.0,1.085,1.33,1.6,77.51,110.0,0.0,0.0,0.0,0.0,0.0,0.000159,0.0204,0.1807
41687,Scedosporium,7,1.6018,0.0097,0.0915,0.0127,0.1102,-8.9666,0.2676,0.0,0.0,0.0,2.0,36,0,0.0,0.0,0.0,0.0,47,1.0,1.2,1.5,2.5,7.676,9.68,0.0,0.0,0.0,0.0,0.0,1.172e-06,0.0107,0.0897
418700,Litorivicinus,7,1.6018,0.0071,0.0641,0.0146,0.1176,-8.9442,0.4387,0.0,0.0,0.0,1.0,9,0,0.0,0.0,0.0,0.0,15,1.0,1.145,1.6,1.725,2.655,3.0,0.0,0.0,0.0,0.0,0.0,6.504e-06,0.0133,0.1061
225143,Oceanisphaera,7,1.6018,0.0094,0.094,0.0154,0.1304,-8.946,0.4278,0.0,0.0,0.0,1.0,21,0,0.0,0.0,0.0,0.0,25,1.0,1.0,1.0,2.422,2.893,3.0,0.0,0.0,0.0,0.0,0.0,7.448e-06,0.0142,0.119
2838409,Pigmentibacter,7,1.6018,0.0113,0.106,0.0196,0.157,-8.9418,0.4579,0.0,0.0,0.0,1.0,46,0,0.0,0.0,0.0,0.0,34,1.0,1.865,2.67,4.94,10.39,12.1,0.0,0.0,0.0,0.0,0.0,9.432e-06,0.016,0.1266
57665,Sulfurospirillum,7,1.6018,0.0086,0.0736,0.0188,0.152,-8.9353,0.5263,0.0,0.0,0.0,1.0,8,0,0.0,0.0,0.0,0.0,44,1.0,1.0,1.223,1.583,6.1,8.0,0.0,0.0,0.0,0.0,0.0,0.004234,0.0177,0.1468
53634,Acidimicrobium,7,1.6018,0.0111,0.1035,0.02,0.1654,-8.9378,0.4915,0.0,0.0,0.0,1.64,48,0,0.0,0.0,0.0,0.0,55,1.0,1.085,1.61,2.19,9.464,12.5,0.0,0.0,0.0,0.0,0.0,2.625e-05,0.0178,0.1454
1654787,Thiopseudomonas,7,1.6018,0.0132,0.1153,0.0192,0.1638,-8.9434,0.4501,0.0,0.0,0.0,2.64,20,0,0.0,0.0,0.0,0.0,78,1.0,1.24,1.53,2.585,7.599,9.57,0.0,0.0,0.0,0.0,0.0,1.96e-05,0.017,0.1489
2824158,Aquirhabdus,7,1.6018,0.0149,0.1329,0.0256,0.2141,-8.9362,0.5078,0.0,0.0,0.0,2.0,31,0,0.0,0.0,0.0,0.0,149,1.0,1.2,1.51,2.08,5.852,7.31,0.0,0.0,0.0,0.0,0.0,4.047e-05,0.0236,0.1974
231683,Saccharospirillum,7,1.6018,0.0076,0.0697,0.014,0.1147,-8.9481,0.4089,0.0,0.0,0.0,1.0,10,0,0.0,0.0,0.0,0.0,23,1.0,1.0,1.0,2.765,9.21,11.4,0.0,0.0,0.0,0.0,0.0,6.397e-06,0.0121,0.0964
2894574,Saccharobesus,7,1.6018,0.0087,0.0814,0.0156,0.1326,-8.9498,0.3989,0.0,0.0,0.0,1.0,16,0,0.0,0.0,0.0,0.0,28,1.0,1.07,1.36,2.655,5.726,6.62,0.0,0.0,0.0,0.0,0.0,4.993e-06,0.0137,0.1178
2056696,Cysteiniphilum,7,1.6018,0.0061,0.0514,0.0169,0.1371,-8.9424,0.4538,0.0,0.0,0.0,1.0,4,0,0.0,0.0,0.0,0.0,26,1.0,1.0,1.0,2.485,2.903,2.96,0.0,0.0,0.0,0.0,0.0,1.009e-05,0.0156,0.126
1335631,Frischella,7,1.6018,0.0095,0.0841,0.0168,0.1347,-8.9424,0.453,0.0,0.0,0.0,1.0,16,0,0.0,0.0,0.0,0.0,21,1.0,1.0,1.19,2.065,11.873,15.8,0.0,0.0,0.0,0.0,0.0,8.208e-06,0.0149,0.12
194195,Alysiella,7,1.6018,0.0099,0.0888,0.0194,0.1612,-8.9415,0.4626,0.0,0.0,0.0,1.64,15,0,0.0,0.0,0.0,0.0,71,1.0,1.225,1.5,1.715,2.008,2.1,0.0,0.0,0.0,0.0,0.0,1.681e-05,0.0182,0.1517
3027666,Aristophania,7,1.6018,0.0084,0.0786,0.0144,0.1223,-8.945,0.4349,0.0,0.0,0.0,1.0,18,0,0.0,0.0,0.0,0.0,41,1.2,1.465,2.0,3.0,5.443,6.49,0.0,0.0,0.0,0.0,0.0,1.713e-05,0.0121,0.1026
1804663,Haematospirillum,7,1.6018,0.0142,0.1386,0.0179,0.1498,-8.941,0.4666,0.0,0.0,0.0,2.0,191,0,0.0,0.0,0.0,0.0,41,1.0,1.6,4.0,7.865,31.529,41.3,0.0,0.0,0.0,0.0,0.0,1.725e-05,0.0135,0.1117
2767874,Acetilactobacillus,7,1.6018,0.0076,0.0639,0.02,0.1626,-8.9358,0.5063,0.0,0.0,0.0,1.0,6,0,0.0,0.0,0.0,0.0,39,1.0,1.0,1.1,2.385,3.624,3.75,0.0,0.0,0.0,0.0,0.0,2.462e-05,0.0188,0.1558
2944198,Wansuia,7,1.6018,0.0079,0.0855,0.0135,0.1127,-8.9493,0.4006,0.0,0.0,0.0,1.0,42,0,0.0,0.0,0.0,0.0,16,1.0,1.0,1.0,1.595,10.148,13.7,0.0,0.0,0.0,0.0,0.0,4.196e-06,0.012,0.0995
2922426,Phototrophicus,7,1.6018,0.0123,0.1216,0.0199,0.1602,-8.9446,0.4366,0.0,0.0,0.0,1.0,115,0,0.0,0.0,0.0,0.0,68,1.0,1.63,2.73,8.165,16.7,18.5,0.0,0.0,0.0,0.0,0.0,1.214e-05,0.0158,0.1264
2051044,Tuwongella,7,1.6018,0.0114,0.1038,0.0179,0.1537,-8.9484,0.4116,0.0,0.0,0.0,1.64,37,0,0.0,0.0,0.0,0.0,63,1.0,1.19,1.4,1.65,8.678,11.6,0.0,0.0,0.0,0.0,0.0,9.532e-06,0.016,0.1351
5269,Ustilago,7,1.6018,0.0078,0.0693,0.0074,0.067,-8.9686,0.2506,0.0,0.0,0.0,1.0,7,0,0.0,0.0,0.0,0.0,7,1.0,1.57,2.0,6.5,7.7,8.0,0.0,0.0,0.0,0.0,0.0,3.736e-07,0.0058,0.0582
5206,Cryptococcus,7,1.6018,0.0086,0.0819,0.0114,0.097,-8.9567,0.3614,0.0,0.0,0.0,1.0,25,0,0.0,0.0,0.0,0.0,19,1.0,1.0,1.0,1.417,13.066,17.88,0.0,0.0,0.0,0.0,0.0,3.194e-05,0.0098,0.0804
4842,Rhizopus,7,1.6018,0.0101,0.0894,0.0186,0.1647,-8.9589,0.3344,0.0,0.0,0.0,1.0,12,0,0.0,0.0,0.0,0.0,145,1.0,1.0,1.29,3.655,8.52,9.6,0.0,0.0,0.0,0.0,0.0,4.473e-06,0.0165,0.1482
1169538,Vitrella,7,1.6018,0.0076,0.0639,0.0103,0.0843,-8.9719,0.2229,0.0,0.0,0.0,1.0,6,0,0.0,0.0,0.0,0.0,9,1.0,1.0,1.33,1.645,36.057,50.7,0.0,0.0,0.0,0.0,0.0,1.58e-07,0.0087,0.0742
4797,Pythium,7,1.6018,0.0092,0.0871,0.0117,0.0992,-8.9682,0.2542,0.0,0.0,0.0,1.0,23,0,0.0,0.0,0.0,0.0,14,1.0,1.0,1.0,2.867,15.58,20.4,0.0,0.0,0.0,0.0,0.0,3.571e-07,0.0101,0.0875
353799,Halostagnicola,7,1.6018,0.0206,0.1818,0.0278,0.2414,-8.9344,0.5274,0.0,0.0,0.0,6.84,179,0,0.0,0.0,0.0,0.0,594,1.0,1.0,1.41,2.29,8.24,10.7,0.0,0.0,0.0,0.0,0.0,0.0001537,0.0258,0.2275
29287,Natronococcus,7,1.6018,0.0222,0.2006,0.0283,0.2579,-8.9371,0.5105,0.0,0.0,0.0,9.04,301,0,0.0,0.0,0.0,0.0,1046,1.0,1.006,1.755,2.036,7.294,9.5,0.0,0.0,0.0,0.0,0.0,0.0001375,0.0267,0.2466
3065676,Salinilacihabitans,7,1.6018,0.0183,0.1757,0.0296,0.2507,-8.9307,0.5522,0.0,0.0,0.0,1.64,179,0,0.0,0.0,0.0,0.0,816,1.0,1.0,1.75,1.955,3.748,4.45,0.0,0.0,0.0,0.0,0.0,0.0002554,0.028,0.2377
10882,Orthoreovirus,7,1.6018,0.0121,0.1373,0.0229,0.2034,-8.907,0.7356,0.0,0.0,0.0,1.0,409,0,0.0,0.0,0.0,0.0,420,1.0,1.0,1.05,1.95,11.09,14.985085574572127,0.0,0.0,0.0,0.0,0.0,0.006699,0.0229,0.2034
2279,Staphylothermus,7,1.6018,0.0071,0.0594,0.006,0.0486,-8.9527,0.3715,0.0,0.0,0.0,1.0,5,0,0.0,0.0,0.0,0.0,2,2.0,2.75,4.0,6.5,11.9,14.0,0.0,0.0,0.0,0.0,0.0,1.331e-06,0.0036,0.0295
2225,Methanococcoides,7,1.6018,0.0084,0.0746,0.0146,0.1246,-8.9468,0.421,0.0,0.0,0.0,1.0,9,0,0.0,0.0,0.0,0.0,37,1.0,1.0,1.0,1.413,1.704,1.75,0.0,0.0,0.0,0.0,0.0,9.659e-06,0.0142,0.1208
2204,Methanomicrobium,7,1.6018,0.0059,0.0486,0.0096,0.0874,-8.9515,0.3852,0.0,0.0,0.0,1.0,3,0,0.0,0.0,0.0,0.0,14,1.0,1.0,1.0,1.085,1.751,2.0,0.0,0.0,0.0,0.0,0.0,5.874e-06,0.0093,0.0863
1082702,Lonsdalea,6,1.373,0.0089,0.0909,0.0111,0.1021,-8.9566,0.3704,0.0,0.0,0.0,1.0,27,0,0.0,0.0,0.0,0.0,30,1.0,1.0,2.5,9.107,22.202,26.0,0.0,0.0,0.0,0.0,0.0,6.192e-06,0.0087,0.0817
2884243,Musicola,6,1.373,0.0065,0.0601,0.0092,0.0856,-8.9602,0.3407,0.0,0.0,0.0,1.0,5,0,0.0,0.0,0.0,0.0,11,1.0,1.16,2.195,3.402,4.655,5.0,0.0,0.0,0.0,0.0,0.0,2.59e-06,0.0078,0.0733
869,Dichelobacter,6,1.373,0.01,0.0999,0.0178,0.1603,-8.9434,0.4837,0.0,0.0,0.0,1.0,18,0,0.0,0.0,0.0,0.0,50,1.0,1.28,2.56,3.232,6.445,7.49,0.0,0.0,0.0,0.0,0.0,3.726e-05,0.0155,0.1412
2813804,Paremcibacter,6,1.373,0.0074,0.0794,0.0107,0.0947,-8.9577,0.36,0.0,0.0,0.0,1.0,26,0,0.0,0.0,0.0,0.0,15,1.0,1.133,1.765,2.75,14.25,18.0,0.0,0.0,0.0,0.0,0.0,3.662e-06,0.0088,0.0793
2082587,Parolsenella,6,1.373,0.0061,0.0634,0.0165,0.1513,-8.9463,0.4604,0.0,0.0,0.0,1.0,13,0,0.0,0.0,0.0,0.0,77,1.0,1.02,1.19,1.825,6.125,7.5,0.0,0.0,0.0,0.0,0.0,4.484e-05,0.0156,0.1474
379065,Caldalkalibacillus,6,1.373,0.0083,0.0776,0.0205,0.1853,-8.9453,0.4694,0.0,0.0,0.0,1.64,14,0,0.0,0.0,0.0,0.0,179,1.0,2.0,3.235,5.28,11.438,13.4,0.0,0.0,0.0,0.0,0.0,6.023e-05,0.0172,0.1597
2893055,Halalkalibacterium (ex Joshi et al. 2022),6,1.373,0.0085,0.0826,0.0165,0.156,-8.9513,0.4186,0.0,0.0,0.0,1.0,20,0,0.0,0.0,0.0,0.0,88,1.0,1.05,1.6,3.455,15.46,19.3,0.0,0.0,0.0,0.0,0.0,1.744e-05,0.014,0.1314
2023,Thermoactinomyces,6,1.373,0.007,0.0658,0.0229,0.2115,-8.9429,0.4933,0.0,0.0,0.0,1.0,8,0,0.0,0.0,0.0,0.0,261,1.0,1.0,1.325,1.913,2.607,2.81,0.0,0.0,0.0,0.0,0.0,9.088e-05,0.022,0.2059
1348505,Polycladomyces,6,1.373,0.0058,0.0525,0.0114,0.1059,-8.9558,0.3792,0.0,0.0,0.0,1.0,4,0,0.0,0.0,0.0,0.0,18,1.0,1.0,1.0,1.0,6.355,8.14,0.0,0.0,0.0,0.0,0.0,5.699e-06,0.0106,0.1002
160795,Ureibacillus,6,1.373,0.0072,0.0788,0.0123,0.118,-8.9548,0.3898,0.0,0.0,0.0,1.0,28,0,0.0,0.0,0.0,0.0,33,1.0,1.0,1.0,1.0,17.575,23.1,0.0,0.0,0.0,0.0,0.0,1.089e-05,0.011,0.1077
3048127,Thermocaproicibacter,6,1.373,0.007,0.0723,0.0101,0.0919,-8.954,0.392,0.0,0.0,0.0,1.0,17,0,0.0,0.0,0.0,0.0,21,1.0,1.0,1.05,6.523,11.607,12.7,0.0,0.0,0.0,0.0,0.0,1.109e-05,0.0086,0.084
286729,Alkaliflexus,6,1.373,0.0086,0.0815,0.0135,0.1298,-8.9528,0.4058,0.0,0.0,0.0,1.0,13,0,0.0,0.0,0.0,0.0,85,1.28,1.498,2.5,8.55,69.725,89.5,0.0,0.0,0.0,0.0,0.0,2.904e-05,0.0106,0.1113
2582840,Desulfocurvibacter,6,1.373,0.0052,0.049,0.011,0.1026,-8.9578,0.3618,0.0,0.0,0.0,1.0,5,0,0.0,0.0,0.0,0.0,24,1.0,1.0,1.04,1.77,3.875,4.5,0.0,0.0,0.0,0.0,0.0,5.856e-06,0.0102,0.0973
2263,Thermococcus,6,1.373,0.0056,0.0497,0.0073,0.0665,-8.9577,0.3601,0.0,0.0,0.0,1.0,3,0,0.0,0.0,0.0,0.0,7,1.0,1.0,1.0,1.0,1.75,2.0,0.0,0.0,0.0,0.0,0.0,2.136e-06,0.0071,0.0658
263510,Crocosphaera,6,1.373,0.0052,0.0464,0.0069,0.0623,-8.9646,0.3024,0.0,0.0,0.0,1.0,3,0,0.0,0.0,0.0,0.0,6,1.0,1.0,1.25,1.875,12.5,16.0,0.0,0.0,0.0,0.0,0.0,1.122e-06,0.0059,0.0569
2795781,Aeoliella,6,1.373,0.0067,0.0668,0.0129,0.1149,-8.9579,0.3593,0.0,0.0,0.0,1.0,12,0,0.0,0.0,0.0,0.0,22,1.0,1.0,1.165,1.495,2.743,3.14,0.0,0.0,0.0,0.0,0.0,3.453e-06,0.0121,0.1073
2894587,Stenotrophomonas phage vB_SM_ytsc_ply2008005c,6,1.373,0.0073,0.08,0.0149,0.134,-8.9259,0.6311,0.0,0.0,0.0,1.0,30,0,0.0,0.0,0.0,0.0,29,1.0,1.0,1.0,2.95,8.55,10.2,0.0,0.0,0.0,0.0,0.0,0.0006899,0.0149,0.134
36910,Clavispora,6,1.373,0.0052,0.049,0.0166,0.1493,-8.9574,0.3654,0.0,0.0,0.0,1.0,5,0,0.0,0.0,0.0,0.0,90,1.0,1.0,1.0,1.165,16.055,21.0,0.0,0.0,0.0,0.0,0.0,7.777e-06,0.0152,0.1405
2888809,Novisyntrophococcus,6,1.373,0.0048,0.043,0.0093,0.0914,-8.9588,0.3545,0.0,0.0,0.0,1.0,3,0,0.0,0.0,0.0,0.0,23,1.0,1.0,1.165,2.095,7.338,9.0,0.0,0.0,0.0,0.0,0.0,7.031e-06,0.0084,0.0831
191301,Caminibacter,6,1.373,0.0058,0.0525,0.012,0.1067,-8.952,0.4086,0.0,0.0,0.0,1.0,4,0,0.0,0.0,0.0,0.0,13,1.0,1.02,1.103,1.406,1.875,2.0,0.0,0.0,0.0,0.0,0.0,6.541e-06,0.0117,0.1044
29331,Amphibacillus,6,1.373,0.0069,0.0626,0.0151,0.1353,-8.9496,0.4297,0.0,0.0,0.0,1.0,5,0,0.0,0.0,0.0,0.0,58,1.0,1.0,1.155,1.828,3.5,4.0,0.0,0.0,0.0,0.0,0.0,2.38e-05,0.0142,0.1297
2837508,Rossellomorea,6,1.373,0.0067,0.0653,0.0095,0.0879,-8.9625,0.3221,0.0,0.0,0.0,1.0,8,0,0.0,0.0,0.0,0.0,16,1.0,1.0,1.0,1.66,3.02,3.4,0.0,0.0,0.0,0.0,0.0,1.749e-06,0.0091,0.0823
1354809,Keratinibaculum,6,1.373,0.0045,0.0393,0.014,0.1236,-8.9503,0.4234,0.0,0.0,0.0,1.0,2,0,0.0,0.0,0.0,0.0,33,1.0,1.022,1.1,1.373,2.15,2.38,0.0,0.0,0.0,0.0,0.0,1.481e-05,0.0134,0.1185
33024,Phascolarctobacterium,6,1.373,0.0066,0.0598,0.0214,0.1945,-8.9468,0.4575,0.0,0.0,0.0,1.0,6,0,0.0,0.0,0.0,0.0,167,1.0,1.0,1.02,1.385,1.875,2.0,0.0,0.0,0.0,0.0,0.0,3.713e-05,0.021,0.1926
140458,Thermacetogenium,6,1.373,0.0069,0.0689,0.0086,0.0787,-8.9582,0.3565,0.0,0.0,0.0,1.0,12,0,0.0,0.0,0.0,0.0,8,1.0,1.0,1.0,2.965,4.407,4.67,0.0,0.0,0.0,0.0,0.0,2.911e-06,0.0076,0.0692
1918536,Longicatena,6,1.373,0.0041,0.0351,0.01,0.0904,-8.9566,0.3704,0.0,0.0,0.0,1.0,1,0,0.0,0.0,0.0,0.0,17,1.0,1.0,1.0,1.0,1.15,1.2,0.0,0.0,0.0,0.0,0.0,5.961e-06,0.0099,0.0897
13034,Dactylococcopsis,6,1.373,0.0052,0.0464,0.0098,0.0924,-8.9584,0.3567,0.0,0.0,0.0,1.0,3,0,0.0,0.0,0.0,0.0,17,1.0,1.0,1.0,1.562,2.5,2.75,0.0,0.0,0.0,0.0,0.0,4.854e-06,0.0092,0.0874
46239,Mesoplasma,6,1.373,0.0072,0.0631,0.0103,0.0938,-8.9513,0.4144,0.0,0.0,0.0,1.64,4,0,0.0,0.0,0.0,0.0,11,1.0,1.133,1.417,1.688,2.312,2.5,0.0,0.0,0.0,0.0,0.0,6.517e-06,0.0096,0.0888
670486,Dehalogenimonas,6,1.373,0.0054,0.0515,0.0084,0.0767,-8.9567,0.3697,0.0,0.0,0.0,1.0,6,0,0.0,0.0,0.0,0.0,10,1.0,1.0,1.05,1.775,5.0,6.0,0.0,0.0,0.0,0.0,0.0,4.94e-06,0.0076,0.0719
32014,Iodobacter,6,1.373,0.0094,0.0903,0.0131,0.1224,-8.9561,0.3775,0.0,0.0,0.0,1.0,20,0,0.0,0.0,0.0,0.0,31,1.0,1.497,1.82,3.268,8.497,10.1,0.0,0.0,0.0,0.0,0.0,7.356e-06,0.0111,0.1066
81682,Methylovorus,6,1.373,0.0081,0.0724,0.0184,0.1589,-8.9449,0.4686,0.0,0.0,0.0,1.64,8,0,0.0,0.0,0.0,0.0,45,1.0,1.03,1.345,1.877,15.495,20.0,0.0,0.0,0.0,0.0,0.0,1.643e-05,0.0167,0.1496
453161,Candidatus Nitrotoga,6,1.373,0.0085,0.0883,0.015,0.1359,-8.9512,0.4175,0.0,0.0,0.0,1.0,32,0,0.0,0.0,0.0,0.0,41,1.0,1.173,1.616,5.098,11.658,13.5,0.0,0.0,0.0,0.0,0.0,1.095e-05,0.0129,0.1209
2901261,Denitrificimonas,6,1.373,0.007,0.0645,0.0127,0.1128,-8.953,0.4008,0.0,0.0,0.0,1.0,6,0,0.0,0.0,0.0,0.0,18,1.0,1.107,1.575,1.93,2.75,3.0,0.0,0.0,0.0,0.0,0.0,6.65e-06,0.0116,0.1038
28884,Hydrogenovibrio,6,1.373,0.0072,0.0687,0.013,0.1173,-8.9529,0.4021,0.0,0.0,0.0,1.0,10,0,0.0,0.0,0.0,0.0,26,1.0,1.133,1.667,2.073,6.961,8.56,0.0,0.0,0.0,0.0,0.0,5.351e-06,0.0115,0.105
33993,Neorickettsia,6,1.373,0.0052,0.049,0.0119,0.11,-8.9476,0.4475,0.0,0.0,0.0,1.0,5,0,0.0,0.0,0.0,0.0,21,1.0,1.25,2.1,2.275,10.325,13.0,0.0,0.0,0.0,0.0,0.0,1.966e-05,0.0104,0.1005
208215,Parvularcula,6,1.373,0.0058,0.0525,0.0114,0.1043,-8.955,0.385,0.0,0.0,0.0,1.0,4,0,0.0,0.0,0.0,0.0,19,1.0,1.145,1.6,1.905,2.0,2.0,0.0,0.0,0.0,0.0,0.0,6.689e-06,0.0106,0.0969
1521255,Candidatus Paracaedibacter,6,1.373,0.0063,0.0577,0.0141,0.134,-8.951,0.421,0.0,0.0,0.0,1.0,5,0,0.0,0.0,0.0,0.0,50,1.0,1.125,1.64,1.855,9.32,11.8,0.0,0.0,0.0,0.0,0.0,2.089e-05,0.0123,0.1178
326319,Dokdonia,6,1.373,0.0049,0.043,0.0075,0.0713,-8.9597,0.3442,0.0,0.0,0.0,1.0,2,0,0.0,0.0,0.0,0.0,9,1.0,1.0,1.0,1.75,2.0,2.0,0.0,0.0,0.0,0.0,0.0,2.49e-06,0.0071,0.0688
2700084,Urechidicola,6,1.373,0.0058,0.0544,0.0131,0.114,-8.9536,0.3953,0.0,0.0,0.0,1.0,6,0,0.0,0.0,0.0,0.0,17,1.0,1.0,1.03,1.465,3.4,4.0,0.0,0.0,0.0,0.0,0.0,5.279e-06,0.0123,0.1089
2058174,Antarcticibacterium,6,1.373,0.0082,0.0802,0.0139,0.1358,-8.9559,0.3813,0.0,0.0,0.0,1.0,14,0,0.0,0.0,0.0,0.0,89,1.0,1.0,1.06,1.229,9.541,12.3,0.0,0.0,0.0,0.0,0.0,2.084e-05,0.0125,0.1181
1511649,Mongoliitalea,6,1.373,0.0082,0.0741,0.0167,0.1471,-8.9519,0.4107,0.0,0.0,0.0,1.64,8,0,0.0,0.0,0.0,0.0,35,1.0,1.065,1.3,1.708,8.258,10.4,0.0,0.0,0.0,0.0,0.0,7.467e-06,0.0152,0.1373
832,Fibrobacter,6,1.373,0.0101,0.1009,0.0157,0.1428,-8.9518,0.4126,0.0,0.0,0.0,1.0,44,0,0.0,0.0,0.0,0.0,43,1.0,1.7,3.44,8.18,15.803,18.0,0.0,0.0,0.0,0.0,0.0,1.126e-05,0.0124,0.1142
269258,Nitratiruptor,6,1.373,0.0086,0.0776,0.013,0.1194,-8.9555,0.383,0.0,0.0,0.0,1.64,9,0,0.0,0.0,0.0,0.0,28,1.0,1.075,2.119,2.984,3.75,4.0,0.0,0.0,0.0,0.0,0.0,6.565e-06,0.0118,0.1114
265488,Rhodopirellula,6,1.373,0.007,0.0628,0.0097,0.0854,-8.9625,0.3194,0.0,0.0,0.0,1.0,5,0,0.0,0.0,0.0,0.0,10,1.0,1.4,2.8,3.0,4.125,4.5,0.0,0.0,0.0,0.0,0.0,1.458e-06,0.0081,0.0744
1649480,Planctopirus,6,1.373,0.0045,0.0393,0.0067,0.0617,-8.9635,0.3118,0.0,0.0,0.0,1.0,2,0,0.0,0.0,0.0,0.0,7,1.0,1.0,1.0,1.75,2.0,2.0,0.0,0.0,0.0,0.0,0.0,1.704e-06,0.0062,0.056
2483368,Sedimentisphaera,6,1.373,0.0041,0.0351,0.0099,0.0863,-8.9569,0.3668,0.0,0.0,0.0,1.0,1,0,0.0,0.0,0.0,0.0,8,1.0,1.0,1.0,1.75,2.0,2.0,0.0,0.0,0.0,0.0,0.0,2.663e-06,0.0094,0.0821
83551,Parachlamydia,6,1.373,0.0049,0.043,0.0141,0.1349,-8.9525,0.4098,0.0,0.0,0.0,1.0,2,0,0.0,0.0,0.0,0.0,89,1.0,1.1,1.535,1.97,8.018,10.0,0.0,0.0,0.0,0.0,0.0,2.973e-05,0.0127,0.1242
2907187,Tichowtungia,6,1.373,0.0069,0.0681,0.008,0.0775,-8.9612,0.3329,0.0,0.0,0.0,1.0,13,0,0.0,0.0,0.0,0.0,16,1.0,1.373,1.75,2.0,7.715,9.62,0.0,0.0,0.0,0.0,0.0,4.195e-06,0.0064,0.0583
2904716,Desulfosudis,6,1.373,0.0063,0.0679,0.0092,0.0817,-8.9594,0.3462,0.0,0.0,0.0,1.0,17,0,0.0,0.0,0.0,0.0,8,1.0,1.05,1.475,1.938,13.25,17.0,0.0,0.0,0.0,0.0,0.0,2.063e-06,0.0079,0.0742
2951106,Gracilinema,6,1.373,0.0059,0.0527,0.0135,0.1207,-8.953,0.4011,0.0,0.0,0.0,1.0,3,0,0.0,0.0,0.0,0.0,46,1.0,1.895,2.445,2.973,3.9,4.2,0.0,0.0,0.0,0.0,0.0,1.452e-05,0.0115,0.1078
1255275,Oceanotoga,6,1.373,0.0053,0.0465,0.0107,0.0974,-8.9557,0.3784,0.0,0.0,0.0,1.0,2,0,0.0,0.0,0.0,0.0,12,1.0,1.042,1.195,1.242,1.752,1.92,0.0,0.0,0.0,0.0,0.0,4.309e-06,0.0102,0.0917
651456,Kosmotoga,6,1.373,0.0049,0.043,0.0126,0.1194,-8.9531,0.4028,0.0,0.0,0.0,1.0,2,0,0.0,0.0,0.0,0.0,27,1.0,2.011,2.638,3.868,5.678,6.21,0.0,0.0,0.0,0.0,0.0,6.78e-06,0.0102,0.0967
117999,Denitrovibrio,6,1.373,0.0079,0.0725,0.0141,0.1284,-8.9525,0.4071,0.0,0.0,0.0,1.0,7,0,0.0,0.0,0.0,0.0,22,2.0,2.945,6.48,10.27,11.375,11.4,0.0,0.0,0.0,0.0,0.0,7.073e-06,0.0098,0.0878
2351,Flexistipes,6,1.373,0.0054,0.0515,0.0105,0.0966,-8.9548,0.3861,0.0,0.0,0.0,1.0,6,0,0.0,0.0,0.0,0.0,19,1.0,1.0,1.5,2.0,4.167,4.89,0.0,0.0,0.0,0.0,0.0,8.275e-06,0.0092,0.0827
35800,Nitrospina,6,1.373,0.0094,0.0979,0.0167,0.1468,-8.9491,0.4336,0.0,0.0,0.0,1.64,56,0,0.0,0.0,0.0,0.0,44,1.0,1.568,3.595,6.545,13.512,15.7,0.0,0.0,0.0,0.0,0.0,1.475e-05,0.0135,0.1195
187144,Caldithrix,6,1.373,0.0078,0.0897,0.0133,0.1197,-8.9559,0.3774,0.0,0.0,0.0,1.0,51,0,0.0,0.0,0.0,0.0,23,1.0,1.0,1.5,2.0,8.3,10.4,0.0,0.0,0.0,0.0,0.0,4.883e-06,0.0117,0.1062
100860,Aphanomyces,6,1.373,0.0124,0.1238,0.0137,0.1238,-8.9698,0.2596,0.0,0.0,0.0,1.0,67,0,0.0,0.0,0.0,0.0,37,1.0,1.999,3.248,18.615,43.936,50.68149253731343,0.0,0.0,0.0,0.0,0.0,4.785e-07,0.0109,0.1005
1007082,Nitrosarchaeum,6,1.373,0.0088,0.094,0.0149,0.1367,-8.948,0.4455,0.0,0.0,0.0,1.0,49,0,0.0,0.0,0.0,0.0,52,1.0,1.0,1.5,3.402,11.617,14.2,0.0,0.0,0.0,0.0,0.0,3.094e-05,0.0129,0.1169
315393,Mimivirus,6,1.373,0.0086,0.0802,0.0138,0.1259,-8.9476,0.448,0.0,0.0,0.0,1.0,9,0,0.0,0.0,0.0,0.0,28,1.0,1.093,1.398,1.482,2.625,3.0,0.0,0.0,0.0,0.0,0.0,2.352e-05,0.0138,0.1259
137583,Thalassomonas,6,1.373,0.0083,0.0868,0.0136,0.1276,-8.9584,0.3558,0.0,0.0,0.0,1.0,18,0,0.0,0.0,0.0,0.0,56,1.0,1.0,1.25,1.826,2.12,2.1823076923076923,0.0,0.0,0.0,0.0,0.0,4.433e-06,0.0129,0.1194
2767877,Apilactobacillus,6,1.373,0.0048,0.043,0.0074,0.0684,-8.9558,0.3769,0.0,0.0,0.0,1.0,3,0,0.0,0.0,0.0,0.0,6,1.0,1.0,1.0,1.0,1.0,1.0,0.0,0.0,0.0,0.0,0.0,4.077e-06,0.0074,0.0684
33187,Uncinocarpus,6,1.373,0.0128,0.1375,0.0152,0.1337,-8.9626,0.32,0.0,0.0,0.0,1.64,220,0,0.0,0.0,0.0,0.0,38,1.0,1.185,2.225,17.973,74.225,91.3,0.0,0.0,0.0,0.0,0.0,1.769e-06,0.0113,0.1024
2893060,Alkalihalophilus,6,1.373,0.0082,0.0827,0.018,0.1652,-8.9496,0.4351,0.0,0.0,0.0,1.0,19,0,0.0,0.0,0.0,0.0,62,1.0,1.0,1.21,5.425,7.468,7.704210526315789,0.0,0.0,0.0,0.0,0.0,3.02e-05,0.0159,0.1482
2767891,Schleiferilactobacillus,6,1.373,0.0065,0.0641,0.0085,0.0763,-8.961,0.3324,0.0,0.0,0.0,1.0,10,0,0.0,0.0,0.0,0.0,7,1.0,1.0,1.5,4.25,15.275,18.7,0.0,0.0,0.0,0.0,0.0,1.601e-06,0.0067,0.0615
3031933,Chordicoccus,6,1.373,0.0069,0.0729,0.01,0.0917,-8.9573,0.3655,0.0,0.0,0.0,1.0,20,0,0.0,0.0,0.0,0.0,17,1.0,1.0,1.5,2.15,4.518,5.29,0.0,0.0,0.0,0.0,0.0,5.485e-06,0.0086,0.077
990721,Christensenella,6,1.373,0.0071,0.0691,0.0126,0.1108,-8.9534,0.3971,0.0,0.0,0.0,1.0,12,0,0.0,0.0,0.0,0.0,14,1.0,1.0,1.5,2.105,8.035,10.0,0.0,0.0,0.0,0.0,0.0,4.923e-06,0.0111,0.0998
2974824,Nanobdella,6,1.373,0.0041,0.0351,0.0059,0.0565,-8.9537,0.3944,0.0,0.0,0.0,1.0,1,0,0.0,0.0,0.0,0.0,7,1.0,1.0,1.215,1.857,2.75,3.0,0.0,0.0,0.0,0.0,0.0,1.059e-05,0.0053,0.0508
261963,Kangiella,6,1.373,0.0101,0.1004,0.0164,0.1442,-8.9503,0.4224,0.0,0.0,0.0,1.0,25,0,0.0,0.0,0.0,0.0,49,1.0,1.52,2.307,3.279,5.607,6.31,0.0,0.0,0.0,0.0,0.0,7.393e-06,0.0141,0.1254
1505664,Gottschalkia,6,1.373,0.0045,0.0393,0.0098,0.0916,-8.9575,0.364,0.0,0.0,0.0,1.0,2,0,0.0,0.0,0.0,0.0,17,1.0,1.0,1.0,1.397,1.883,2.0,0.0,0.0,0.0,0.0,0.0,5.574e-06,0.0094,0.088
1918540,Muribaculum,6,1.373,0.0045,0.0393,0.0112,0.0962,-8.9553,0.3794,0.0,0.0,0.0,1.0,2,0,0.0,0.0,0.0,0.0,8,1.0,1.0,1.57,2.5,3.745,4.12,0.0,0.0,0.0,0.0,0.0,2.615e-06,0.0099,0.084
1649453,Gimesia,6,1.373,0.0063,0.0591,0.0119,0.1031,-8.9618,0.3246,0.0,0.0,0.0,1.0,7,0,0.0,0.0,0.0,0.0,13,1.0,1.095,1.69,2.0,3.354,3.8057142857142856,0.0,0.0,0.0,0.0,0.0,1.038e-06,0.0109,0.0939
2715734,Candidatus Chazhemtobacterium,6,1.373,0.0054,0.0494,0.0138,0.1268,-8.9446,0.473,0.0,0.0,0.0,1.0,4,0,0.0,0.0,0.0,0.0,46,1.0,1.218,3.81,10.438,15.525,16.7,0.0,0.0,0.0,0.0,0.0,5.75e-05,0.0109,0.1056
2169621,Limdunavirus,6,1.373,0.0054,0.0494,0.0197,0.1724,-8.9112,0.7544,0.0,0.0,0.0,1.0,4,0,0.0,0.0,0.0,0.0,85,1.0,1.0,1.0,1.06,3.27,4.0,0.0,0.0,0.0,0.0,0.0,0.006228,0.0197,0.1724
2948786,Klumppvirus,6,1.373,0.0084,0.0886,0.0185,0.1802,-8.9291,0.6098,0.0,0.0,0.0,1.0,17,0,0.0,0.0,0.0,0.0,290,1.0,1.0,1.225,1.998,12.47,15.9,0.0,0.0,0.0,0.0,0.0,0.002301,0.0185,0.1802
2767890,Paucilactobacillus,6,1.373,0.0073,0.0684,0.0159,0.1476,-8.9473,0.4509,0.0,0.0,0.0,1.0,6,0,0.0,0.0,0.0,0.0,143,1.0,1.098,1.355,3.54,4.883,5.09,0.0,0.0,0.0,0.0,0.0,6.131e-05,0.0143,0.1357
510690,Sneathiella,6,1.373,0.0068,0.068,0.0085,0.0763,-8.9611,0.332,0.0,0.0,0.0,1.0,13,0,0.0,0.0,0.0,0.0,7,1.0,1.0,1.11,2.232,10.393,13.0,0.0,0.0,0.0,0.0,0.0,1.789e-06,0.0074,0.0682
4836,Phycomyces,6,1.373,0.0058,0.0544,0.0105,0.0989,-8.9707,0.2538,0.0,0.0,0.0,1.0,6,0,0.0,0.0,0.0,0.0,28,1.0,1.0,1.0,1.188,1.28,1.29,0.0,0.0,0.0,0.0,0.0,8.549e-07,0.0103,0.0965
2678352,Maribellus,6,1.373,0.0069,0.0606,0.0135,0.1167,-8.9581,0.356,0.0,0.0,0.0,1.64,4,0,0.0,0.0,0.0,0.0,14,1.0,1.09,1.175,1.425,1.703,1.77,0.0,0.0,0.0,0.0,0.0,1.839e-06,0.0129,0.1119
2060722,Labilibaculum,6,1.373,0.0056,0.0497,0.0143,0.1275,-8.9557,0.379,0.0,0.0,0.0,1.0,3,0,0.0,0.0,0.0,0.0,25,1.0,1.042,1.585,3.5,4.42,4.56,0.0,0.0,0.0,0.0,0.0,4.431e-06,0.0129,0.1178
68288,Cyclobacterium,6,1.373,0.0065,0.0601,0.0107,0.106,-8.9611,0.3354,0.0,0.0,0.0,1.0,5,0,0.0,0.0,0.0,0.0,36,1.0,1.0,1.12,2.26,2.9,3.0,0.0,0.0,0.0,0.0,0.0,3.582e-06,0.0099,0.1
869806,Marivirga,6,1.373,0.0077,0.0706,0.0149,0.143,-8.9548,0.3921,0.0,0.0,0.0,1.0,7,0,0.0,0.0,0.0,0.0,86,1.0,1.074,1.291,2.31,3.12,3.3,0.0,0.0,0.0,0.0,0.0,1.139e-05,0.0138,0.1339
365032,Aureispira,6,1.373,0.0079,0.0712,0.0151,0.1354,-8.9566,0.3718,0.0,0.0,0.0,1.0,6,0,0.0,0.0,0.0,0.0,33,1.0,1.255,1.545,2.022,3.535,4.0,0.0,0.0,0.0,0.0,0.0,4.366e-06,0.0138,0.127
1257,Peptostreptococcus,6,1.373,0.012,0.1167,0.0185,0.1688,-8.9449,0.4728,0.0,0.0,0.0,1.64,50,0,0.0,0.0,0.0,0.0,85,1.0,1.0,1.12,5.718,16.503,19.6,0.0,0.0,0.0,0.0,0.0,4.418e-05,0.0161,0.1499
2304687,Petroclostridium,6,1.373,0.0083,0.0849,0.0114,0.1091,-8.9591,0.353,0.0,0.0,0.0,1.0,26,0,0.0,0.0,0.0,0.0,20,1.0,1.02,1.51,5.548,13.087,15.2,0.0,0.0,0.0,0.0,0.0,3.782e-06,0.0092,0.0884
248744,Marvinbryantia,6,1.373,0.0072,0.0788,0.0117,0.104,-8.9571,0.3661,0.0,0.0,0.0,1.0,28,0,0.0,0.0,0.0,0.0,17,1.0,1.0,1.295,5.647,9.25,10.0,0.0,0.0,0.0,0.0,0.0,3.829e-06,0.0102,0.0949
2867376,Desulfoscipio,6,1.373,0.0092,0.1028,0.0133,0.1195,-8.9559,0.378,0.0,0.0,0.0,1.0,75,0,0.0,0.0,0.0,0.0,19,1.0,1.25,2.035,6.143,32.7,41.1,0.0,0.0,0.0,0.0,0.0,4.067e-06,0.0104,0.0984
499228,Tepidanaerobacter,6,1.373,0.0079,0.0931,0.0128,0.113,-8.953,0.4008,0.0,0.0,0.0,1.0,61,0,0.0,0.0,0.0,0.0,17,1.0,1.0,1.25,1.627,12.268,15.8,0.0,0.0,0.0,0.0,0.0,6.257e-06,0.0112,0.1013
2785518,Radiobacillus,6,1.373,0.0075,0.0673,0.0131,0.1127,-8.9547,0.3846,0.0,0.0,0.0,1.0,5,0,0.0,0.0,0.0,0.0,11,1.0,1.125,1.583,2.742,3.64,3.82,0.0,0.0,0.0,0.0,0.0,3.15e-06,0.0118,0.1015
401618,Candidatus Riesia,6,1.373,0.0052,0.0464,0.0127,0.1276,-8.9445,0.4782,0.0,0.0,0.0,1.0,3,0,0.0,0.0,0.0,0.0,45,1.0,1.0,1.095,1.212,3.155,3.7999999999999994,0.0,0.0,0.0,0.0,0.0,8.037e-05,0.0119,0.1177
933,Thiomicrospira,6,1.373,0.0088,0.0834,0.0112,0.1133,-8.956,0.3782,0.0,0.0,0.0,1.0,10,0,0.0,0.0,0.0,0.0,39,1.0,1.167,2.01,2.65,3.288,3.467,0.0,0.0,0.0,0.0,0.0,8.479e-06,0.01,0.101
582472,Wohlfahrtiimonas,6,1.373,0.0065,0.0598,0.0138,0.1234,-8.9502,0.4248,0.0,0.0,0.0,1.0,6,0,0.0,0.0,0.0,0.0,25,1.0,1.323,1.37,3.532,25.062,32.0,0.0,0.0,0.0,0.0,0.0,1.203e-05,0.0119,0.1132
2975286,Candidatus Comchoanobacter,6,1.373,0.0049,0.043,0.0105,0.095,-8.9499,0.4273,0.0,0.0,0.0,1.0,2,0,0.0,0.0,0.0,0.0,12,1.0,1.0,1.1,2.047,5.832,7.0,0.0,0.0,0.0,0.0,0.0,1.204e-05,0.0095,0.088
336260,Thermovirga,6,1.373,0.01,0.1127,0.0135,0.1168,-8.95,0.4251,0.0,0.0,0.0,1.0,109,0,0.0,0.0,0.0,0.0,19,1.0,1.143,2.225,3.42,25.05,32.2,0.0,0.0,0.0,0.0,0.0,9.897e-06,0.0107,0.0929
68335,Coprothermobacter,6,1.373,0.0088,0.0928,0.0144,0.1264,-8.9473,0.4492,0.0,0.0,0.0,1.0,42,0,0.0,0.0,0.0,0.0,23,1.0,1.0,2.125,4.825,26.988,34.2,0.0,0.0,0.0,0.0,0.0,1.631e-05,0.0116,0.1043
650377,endosymbiont of Euscepes postfasciatus,6,1.373,0.0073,0.0694,0.0122,0.1115,-8.9386,0.5232,0.0,0.0,0.0,1.0,9,0,0.0,0.0,0.0,0.0,28,1.0,1.0,1.035,1.115,1.25,1.29,0.0,0.0,0.0,0.0,0.0,0.0001295,0.012,0.1096
1769008,Anoxybacter,6,1.373,0.0061,0.0646,0.0098,0.0946,-8.9582,0.3592,0.0,0.0,0.0,1.0,14,0,0.0,0.0,0.0,0.0,18,1.0,1.0,1.0,2.5,7.29,8.72,0.0,0.0,0.0,0.0,0.0,5.387e-06,0.0086,0.0822
1740,Thermodesulfobacterium,6,1.373,0.0054,0.0494,0.0111,0.0971,-8.9521,0.4068,0.0,0.0,0.0,1.0,4,0,0.0,0.0,0.0,0.0,12,1.0,1.05,1.314,4.234,14.793,18.0,0.0,0.0,0.0,0.0,0.0,7.446e-06,0.0093,0.083
2316,Methanosphaera,6,1.373,0.0058,0.0525,0.0085,0.0773,-8.9584,0.354,0.0,0.0,0.0,1.0,4,0,0.0,0.0,0.0,0.0,8,1.0,1.0,1.0,1.109,1.317,1.375,0.0,0.0,0.0,0.0,0.0,2.527e-06,0.0083,0.0744
2992720,Acidilutibacter,6,1.373,0.0075,0.072,0.0152,0.1375,-8.9519,0.4112,0.0,0.0,0.0,1.0,11,0,0.0,0.0,0.0,0.0,56,1.0,1.01,1.815,2.897,12.3,15.4,0.0,0.0,0.0,0.0,0.0,1.571e-05,0.0133,0.1253
226991,Cyphellophora,6,1.373,0.0075,0.0696,0.0188,0.1734,-8.9605,0.3429,0.0,0.0,0.0,1.0,9,0,0.0,0.0,0.0,0.0,142,1.0,1.015,1.16,1.53,5.782,7.17,0.0,0.0,0.0,0.0,0.0,5.018e-06,0.0175,0.1635
300264,Silvimonas,6,1.373,0.0083,0.0832,0.0131,0.1164,-8.9554,0.3802,0.0,0.0,0.0,1.0,14,0,0.0,0.0,0.0,0.0,28,1.0,1.0,1.0,2.875,11.9,14.7,0.0,0.0,0.0,0.0,0.0,6.38e-06,0.0114,0.1011
1518147,Wenyingzhuangia,6,1.373,0.0056,0.0521,0.0114,0.1042,-8.9559,0.377,0.0,0.0,0.0,1.0,5,0,0.0,0.0,0.0,0.0,21,1.0,1.0,1.0,1.075,1.175,1.2,0.0,0.0,0.0,0.0,0.0,6.309e-06,0.0113,0.1028
82982,Obesumbacterium,6,1.373,0.0054,0.0494,0.0112,0.1025,-8.9554,0.3814,0.0,0.0,0.0,1.0,4,0,0.0,0.0,0.0,0.0,19,1.0,1.0,1.5,2.375,3.708,4.11,0.0,0.0,0.0,0.0,0.0,6.635e-06,0.01,0.0934
2547964,Parashewanella,6,1.373,0.0086,0.0808,0.0118,0.1111,-8.9578,0.3617,0.0,0.0,0.0,1.0,11,0,0.0,0.0,0.0,0.0,30,1.0,1.05,1.435,1.844,10.225,13.0,0.0,0.0,0.0,0.0,0.0,4.907e-06,0.0104,0.1021
1980697,Duodenibacillus,6,1.373,0.0084,0.0927,0.0138,0.1341,-8.9509,0.423,0.0,0.0,0.0,1.0,50,0,0.0,0.0,0.0,0.0,87,1.0,1.0,1.0,2.2,10.925,13.7,0.0,0.0,0.0,0.0,0.0,4.015e-05,0.0122,0.1203
2816884,Qingshengfaniella,6,1.373,0.0075,0.0744,0.0149,0.1312,-8.9525,0.4051,0.0,0.0,0.0,1.0,15,0,0.0,0.0,0.0,0.0,27,1.0,1.208,1.915,2.15,5.995,7.26,0.0,0.0,0.0,0.0,0.0,7.124e-06,0.0132,0.1166
2791118,Oecophyllibacter,6,1.373,0.0133,0.1475,0.0163,0.1445,-8.947,0.4523,0.0,0.0,0.0,1.64,492,0,0.0,0.0,0.0,0.0,40,1.0,1.32,1.765,6.5,77.75,101.0,0.0,0.0,0.0,0.0,0.0,2.087e-05,0.0127,0.1154
91914,Asaia,6,1.373,0.0083,0.0868,0.0101,0.0949,-8.9574,0.3654,0.0,0.0,0.0,1.0,18,0,0.0,0.0,0.0,0.0,17,1.0,1.03,1.185,7.595,12.252,13.1,0.0,0.0,0.0,0.0,0.0,5.443e-06,0.0079,0.0725
2952773,Formicincola,6,1.373,0.0107,0.0981,0.0145,0.1275,-8.9489,0.435,0.0,0.0,0.0,2.28,18,0,0.0,0.0,0.0,0.0,29,1.0,2.482,3.13,11.3,14.2,14.300000000000002,0.0,0.0,0.0,0.0,0.0,1.502e-05,0.011,0.0994
1645,Renibacterium,6,1.373,0.0096,0.1036,0.0134,0.1239,-8.9532,0.4013,0.0,0.0,0.0,1.0,67,0,0.0,0.0,0.0,0.0,47,1.0,1.067,1.335,1.775,8.5,10.7,0.0,0.0,0.0,0.0,0.0,1.553e-05,0.0117,0.1054
57494,Nesterenkonia,6,1.373,0.0054,0.0494,0.0139,0.1259,-8.9469,0.4542,0.0,0.0,0.0,1.0,4,0,0.0,0.0,0.0,0.0,29,1.0,1.0,1.0,1.578,3.96,4.69,0.0,0.0,0.0,0.0,0.0,2.592e-05,0.0129,0.1157
2837503,Gottfriedia,6,1.373,0.0079,0.087,0.0131,0.118,-8.9557,0.3784,0.0,0.0,0.0,1.0,40,0,0.0,0.0,0.0,0.0,26,1.0,1.113,1.38,1.857,22.7,29.6,0.0,0.0,0.0,0.0,0.0,5.71e-06,0.0112,0.1044
292635,Laceyella,6,1.373,0.009,0.0854,0.019,0.1719,-8.9473,0.4515,0.0,0.0,0.0,1.0,17,0,0.0,0.0,0.0,0.0,140,1.0,1.0,1.0,2.23,7.162,8.67,0.0,0.0,0.0,0.0,0.0,4.292e-05,0.0176,0.1624
2930384,Periweissella,6,1.373,0.0097,0.0941,0.0136,0.1193,-8.9524,0.4054,0.0,0.0,0.0,1.0,21,0,0.0,0.0,0.0,0.0,19,1.0,1.705,2.145,3.215,9.125,11.0,0.0,0.0,0.0,0.0,0.0,6.546e-06,0.0112,0.0998
46254,Oenococcus,6,1.373,0.0056,0.0497,0.0106,0.0994,-8.9549,0.3863,0.0,0.0,0.0,1.0,3,0,0.0,0.0,0.0,0.0,24,1.0,1.133,1.767,2.375,2.575,2.6,0.0,0.0,0.0,0.0,0.0,1.461e-05,0.0097,0.0905
33969,Melissococcus,6,1.373,0.0058,0.0591,0.0123,0.1133,-8.9511,0.4205,0.0,0.0,0.0,1.0,10,0,0.0,0.0,0.0,0.0,33,1.0,1.0,1.3,1.667,4.945,6.03,0.0,0.0,0.0,0.0,0.0,2.209e-05,0.011,0.0988
33951,Acetobacterium,6,1.373,0.0077,0.0954,0.0167,0.1668,-8.9529,0.4106,0.0,0.0,0.0,1.0,75,0,0.0,0.0,0.0,0.0,290,1.0,1.0,1.0,1.75,10.955,13.94,0.0,0.0,0.0,0.0,0.0,5.384e-05,0.0152,0.1482
2748674,Zhaonella,6,1.373,0.0067,0.0655,0.0108,0.0996,-8.9566,0.3721,0.0,0.0,0.0,1.0,11,0,0.0,0.0,0.0,0.0,15,1.0,1.0,1.04,1.77,2.45,2.6,0.0,0.0,0.0,0.0,0.0,4.733e-06,0.01,0.0928
186191,Marinithermus,6,1.373,0.0094,0.0964,0.0162,0.1432,-8.9479,0.4443,0.0,0.0,0.0,1.0,37,0,0.0,0.0,0.0,0.0,44,1.0,1.115,1.93,5.677,9.418,10.3,0.0,0.0,0.0,0.0,0.0,2.016e-05,0.0136,0.1192
2147,Acholeplasma,6,1.373,0.0069,0.0729,0.0122,0.111,-8.9515,0.4145,0.0,0.0,0.0,1.0,20,0,0.0,0.0,0.0,0.0,21,1.0,1.0,1.095,1.55,15.418,20.0,0.0,0.0,0.0,0.0,0.0,1.131e-05,0.0112,0.107
444090,Caldimicrobium,6,1.373,0.007,0.0703,0.0136,0.124,-8.9498,0.4294,0.0,0.0,0.0,1.0,15,0,0.0,0.0,0.0,0.0,23,1.0,1.25,2.0,13.4,29.05,33.0,0.0,0.0,0.0,0.0,0.0,1.291e-05,0.0104,0.0972
179,Leptospirillum,6,1.373,0.0057,0.0497,0.0099,0.0897,-8.956,0.3755,0.0,0.0,0.0,1.0,2,0,0.0,0.0,0.0,0.0,18,1.5,1.835,1.97,2.188,3.315,3.67,0.0,0.0,0.0,0.0,0.0,7.178e-06,0.0082,0.0764
265570,Sulfurovum,6,1.373,0.0073,0.0725,0.0077,0.0706,-8.9585,0.3541,0.0,0.0,0.0,1.0,15,0,0.0,0.0,0.0,0.0,6,1.0,1.0,1.335,3.792,10.875,13.0,0.0,0.0,0.0,0.0,0.0,2.406e-06,0.0061,0.057
1448928,Candidatus Fervidibacter,6,1.373,0.0085,0.1112,0.0148,0.1345,-8.9529,0.4027,0.0,0.0,0.0,1.0,169,0,0.0,0.0,0.0,0.0,52,1.0,1.047,1.595,2.285,20.02,25.899999999999995,0.0,0.0,0.0,0.0,0.0,1.314e-05,0.0126,0.1118
423604,Elusimicrobium,6,1.373,0.0109,0.1253,0.0167,0.1496,-8.9457,0.4638,0.0,0.0,0.0,1.0,236,0,0.0,0.0,0.0,0.0,36,1.0,1.015,1.43,2.385,30.42,39.7,0.0,0.0,0.0,0.0,0.0,2.212e-05,0.0142,0.1275
5104,Ascosphaera,6,1.373,0.0117,0.1203,0.0133,0.1199,-8.964,0.3095,0.0,0.0,0.0,1.0,96,0,0.0,0.0,0.0,0.0,32,1.0,1.0,3.28,9.64,27.2,32.6,0.0,0.0,0.0,0.0,0.0,1.721e-06,0.01,0.0891
1494215,Verruconis,6,1.373,0.0103,0.1072,0.0104,0.0931,-8.97,0.2576,0.0,0.0,0.0,1.0,50,0,0.0,0.0,0.0,0.0,13,1.0,1.0,2.5,10.15,13.55,14.0,0.0,0.0,0.0,0.0,0.0,4.452e-07,0.0079,0.0704
2843389,Haloferacalesvirus,6,1.373,0.0136,0.1253,0.0222,0.2014,-8.9202,0.6802,0.0,0.0,0.0,2.28,32,0,0.0,0.0,0.0,0.0,280,1.0,1.048,1.217,1.573,6.421,8.0,0.0,0.0,0.0,0.0,0.0,0.003211,0.0222,0.2014
45667,Halobacillus,6,1.373,0.0068,0.064,0.0086,0.0776,-8.9619,0.3246,0.0,0.0,0.0,1.0,7,0,0.0,0.0,0.0,0.0,9,1.0,1.0,1.25,2.447,17.941,23.0,0.0,0.0,0.0,0.0,0.0,1.032e-06,0.0073,0.0677
74385,Gracilibacillus,6,1.373,0.0061,0.0553,0.0106,0.0928,-8.9584,0.3539,0.0,0.0,0.0,1.0,4,0,0.0,0.0,0.0,0.0,10,1.0,1.0,1.5,2.75,4.688,5.25,0.0,0.0,0.0,0.0,0.0,1.848e-06,0.0093,0.0827
338648,Candidatus Contubernalis,6,1.373,0.0059,0.0527,0.0114,0.1031,-8.9559,0.3765,0.0,0.0,0.0,1.0,3,0,0.0,0.0,0.0,0.0,19,1.0,1.0,1.125,1.31,3.22,3.85,0.0,0.0,0.0,0.0,0.0,5.578e-06,0.0107,0.0958
51540,Spraguea,6,1.373,0.0048,0.043,0.0087,0.0764,-8.9582,0.3556,0.0,0.0,0.0,1.0,3,0,0.0,0.0,0.0,0.0,7,1.0,8.253,11.65,13.0,17.5,19.0,0.0,0.0,0.0,0.0,0.0,2.444e-06,0.0048,0.0441
2045416,Oceanihabitans,6,1.373,0.0077,0.078,0.0154,0.151,-8.9516,0.4193,0.0,0.0,0.0,1.0,19,0,0.0,0.0,0.0,0.0,244,1.0,1.0,1.04,1.17,2.4,2.8,0.0,0.0,0.0,0.0,0.0,7.449e-05,0.0149,0.1475
2675234,Alkalihalobacillus,6,1.373,0.0067,0.0623,0.0192,0.1656,-8.9487,0.4362,0.0,0.0,0.0,1.0,5,0,0.0,0.0,0.0,0.0,47,1.0,1.0,1.0,1.251,2.344,2.68,0.0,0.0,0.0,0.0,0.0,8.773e-06,0.0186,0.161
156993,Reichenbachiella,6,1.373,0.0062,0.0658,0.0094,0.0863,-8.9607,0.3353,0.0,0.0,0.0,1.0,15,0,0.0,0.0,0.0,0.0,18,1.0,1.0,1.0,1.0,4.206,5.274666666666667,0.0,0.0,0.0,0.0,0.0,2.522e-06,0.0089,0.08
2843351,Audreyjarvisvirus,6,1.373,0.0052,0.0464,0.0122,0.1104,-8.9298,0.5985,0.0,0.0,0.0,1.0,3,0,0.0,0.0,0.0,0.0,18,1.0,1.0,1.165,1.533,1.9,2.0,0.0,0.0,0.0,0.0,0.0,0.0004535,0.0122,0.1104
1077254,Tunicatimonas,6,1.373,0.0057,0.0524,0.009,0.0875,-8.9638,0.3119,0.0,0.0,0.0,1.0,4,0,0.0,0.0,0.0,0.0,19,1.0,1.0,1.0,2.5,4.185,4.58,0.0,0.0,0.0,0.0,0.0,2.637e-06,0.008,0.0761
2768738,Spartinivicinus,6,1.373,0.0096,0.0975,0.0108,0.1041,-8.961,0.3366,0.0,0.0,0.0,1.0,34,0,0.0,0.0,0.0,0.0,32,1.0,1.0,2.6,6.555,29.81,37.3,0.0,0.0,0.0,0.0,0.0,4.971e-06,0.008,0.0765
379068,Galbibacter,5,1.1442,0.0058,0.0616,0.0094,0.1,-8.9642,0.3385,0.0,0.0,0.0,0.64,8,0,0.0,0.0,0.0,0.0,23,1.0,1.0,1.09,1.78,6.82,8.08,0.0,0.0,0.0,0.0,0.0,6.336e-06,0.0082,0.0877
862,Syntrophomonas,5,1.1442,0.0056,0.0593,0.0156,0.162,-8.9561,0.4169,0.0,0.0,0.0,0.64,8,0,0.0,0.0,0.0,0.0,125,1.09,1.86,2.0,3.57,14.314,17.0,0.0,0.0,0.0,0.0,0.0,4.418e-05,0.0139,0.1484
1165076,Imtechella,5,1.1442,0.0072,0.0777,0.0087,0.085,-8.9639,0.3383,0.0,0.0,0.0,0.64,20,0,0.0,0.0,0.0,0.0,11,1.0,1.17,3.0,12.0,18.32,19.9,0.0,0.0,0.0,0.0,0.0,3.597e-06,0.0065,0.0661
1773450,Anseongella,5,1.1442,0.0066,0.0728,0.0119,0.1197,-8.9617,0.3598,0.0,0.0,0.0,0.64,15,0,0.0,0.0,0.0,0.0,28,1.0,1.0,1.0,3.35,7.038,7.96,0.0,0.0,0.0,0.0,0.0,6.61e-06,0.0104,0.1038
3003266,Desulfolithobacter,5,1.1442,0.007,0.0725,0.0085,0.0837,-8.9644,0.3325,0.0,0.0,0.0,0.64,11,0,0.0,0.0,0.0,0.0,13,1.0,1.0,4.23,5.0,10.12,11.4,0.0,0.0,0.0,0.0,0.0,3.827e-06,0.0065,0.0661
39709,Spironucleus,5,1.1442,0.0055,0.06,0.0065,0.0658,-8.9725,0.2577,0.0,0.0,0.0,0.64,10,0,0.0,0.0,0.0,0.0,9,1.0,1.0,1.0,1.0,34.04,42.3,0.0,0.0,0.0,0.0,0.0,8.855e-07,0.0051,0.0488
186532,Ceduovirus,5,1.1442,0.0082,0.0862,0.0144,0.149,-8.9286,0.6679,0.0,0.0,0.0,0.64,16,0,0.0,0.0,0.0,0.0,198,1.0,1.0,1.0,4.0,9.7,11.125,0.0,0.0,0.0,0.0,0.0,0.01559,0.0144,0.149
374468,Nakaseomyces,5,1.1442,0.006,0.0633,0.0153,0.1629,-8.9633,0.3523,0.0,0.0,0.0,0.64,9,0,0.0,0.0,0.0,0.0,297,1.0,1.0,1.02,3.04,4.576,4.96,0.0,0.0,0.0,0.0,0.0,2.571e-05,0.014,0.1514
2767327,Fannyhessea,5,1.1442,0.0056,0.0615,0.0123,0.1285,-8.9559,0.4153,0.0,0.0,0.0,0.64,11,0,0.0,0.0,0.0,0.0,95,1.0,1.22,2.0,2.0,7.688,9.11,0.0,0.0,0.0,0.0,0.0,6.741e-05,0.0107,0.1102
2838311,Natronoglycomyces,5,1.1442,0.0064,0.0709,0.013,0.1228,-8.9599,0.3736,0.0,0.0,0.0,0.64,17,0,0.0,0.0,0.0,0.0,18,1.0,1.0,1.0,1.06,4.164,4.94,0.0,0.0,0.0,0.0,0.0,4.543e-06,0.0123,0.1158
2837510,Siminovitchia,5,1.1442,0.0057,0.0684,0.0063,0.0645,-8.9677,0.3026,0.0,0.0,0.0,0.64,19,0,0.0,0.0,0.0,0.0,7,1.0,1.0,2.0,7.0,7.344,7.43,0.0,0.0,0.0,0.0,0.0,1.979e-06,0.005,0.0525
191769,Marinilactibacillus,5,1.1442,0.0034,0.0321,0.0088,0.0866,-8.9627,0.349,0.0,0.0,0.0,0.64,1,0,0.0,0.0,0.0,0.0,12,1.0,1.0,1.0,1.0,1.8,2.0,0.0,0.0,0.0,0.0,0.0,4.72e-06,0.0086,0.0855
166484,Caminicella,5,1.1442,0.0064,0.0676,0.0087,0.0861,-8.9625,0.3514,0.0,0.0,0.0,0.64,12,0,0.0,0.0,0.0,0.0,10,1.0,1.6,2.0,2.89,2.978,3.0,0.0,0.0,0.0,0.0,0.0,4.266e-06,0.0076,0.0753
2815296,Jejubacter,5,1.1442,0.0056,0.0535,0.0092,0.0923,-8.9653,0.3254,0.0,0.0,0.0,0.64,4,0,0.0,0.0,0.0,0.0,24,1.0,1.6,3.4,4.0,4.064,4.08,0.0,0.0,0.0,0.0,0.0,5.05e-06,0.0075,0.0752
158848,Moellerella,5,1.1442,0.0064,0.0657,0.011,0.1082,-8.9637,0.3402,0.0,0.0,0.0,0.64,9,0,0.0,0.0,0.0,0.0,21,1.0,1.39,1.86,2.0,2.264,2.33,0.0,0.0,0.0,0.0,0.0,3.972e-06,0.01,0.0983
3018276,Aliamphritea,5,1.1442,0.0054,0.0557,0.0102,0.0996,-8.9649,0.3275,0.0,0.0,0.0,0.64,5,0,0.0,0.0,0.0,0.0,21,1.0,1.0,1.0,1.068,1.278,1.33,0.0,0.0,0.0,0.0,0.0,2.595e-06,0.01,0.0986
112008,Ignatzschineria,5,1.1442,0.0096,0.1205,0.0139,0.1532,-8.9579,0.4011,0.0,0.0,0.0,0.64,194,0,0.0,0.0,0.0,0.0,491,1.0,1.0,2.0,3.08,9.096,10.6,0.0,0.0,0.0,0.0,0.0,0.0001671,0.012,0.1289
1759417,Pseudohalocynthiibacter,5,1.1442,0.0085,0.0894,0.0144,0.1399,-8.9539,0.4315,0.0,0.0,0.0,0.64,21,0,0.0,0.0,0.0,0.0,55,1.27,1.32,2.0,3.25,9.13,10.6,0.0,0.0,0.0,0.0,0.0,3.565e-05,0.0123,0.1219
196080,Terasakiella,5,1.1442,0.0071,0.0829,0.009,0.0939,-8.9646,0.3334,0.0,0.0,0.0,0.64,34,0,0.0,0.0,0.0,0.0,30,1.0,1.0,2.0,3.33,5.042,5.47,0.0,0.0,0.0,0.0,0.0,8.015e-06,0.0075,0.0757
2861660,Pseudalgibacter,5,1.1442,0.0049,0.0476,0.0087,0.0878,-8.9649,0.3293,0.0,0.0,0.0,0.64,3,0,0.0,0.0,0.0,0.0,17,1.0,1.0,1.5,1.53,1.906,2.0,0.0,0.0,0.0,0.0,0.0,4.438e-06,0.0082,0.0833
2893197,Aegicerativicinus,5,1.1442,0.0064,0.0728,0.0076,0.0789,-8.9665,0.3142,0.0,0.0,0.0,0.64,19,0,0.0,0.0,0.0,0.0,19,1.0,1.0,2.0,2.0,11.04,13.3,0.0,0.0,0.0,0.0,0.0,4.712e-06,0.0064,0.072
3024544,Paracrocinitomix,5,1.1442,0.0082,0.0844,0.0094,0.0953,-8.9648,0.331,0.0,0.0,0.0,0.64,18,0,0.0,0.0,0.0,0.0,20,1.0,1.2,2.0,2.0,3.84,4.3,0.0,0.0,0.0,0.0,0.0,4.631e-06,0.0082,0.0838
100715,Chloroherpeton,5,1.1442,0.0079,0.095,0.0082,0.0825,-8.9648,0.3302,0.0,0.0,0.0,0.64,60,0,0.0,0.0,0.0,0.0,13,1.0,1.0,2.0,3.0,19.16,23.2,0.0,0.0,0.0,0.0,0.0,3.977e-06,0.0062,0.061
2321187,Poseidonibacter,5,1.1442,0.0053,0.0604,0.0096,0.0954,-8.9624,0.3527,0.0,0.0,0.0,0.64,12,0,0.0,0.0,0.0,0.0,15,1.0,1.0,1.0,2.0,5.2,6.0,0.0,0.0,0.0,0.0,0.0,5.592e-06,0.0085,0.0858
2714594,Bremerella,5,1.1442,0.0075,0.0795,0.0094,0.0918,-8.9694,0.2888,0.0,0.0,0.0,0.64,20,0,0.0,0.0,0.0,0.0,10,1.0,1.0,1.125,1.5,5.596,6.62,0.0,0.0,0.0,0.0,0.0,1.192e-06,0.0083,0.0823
2795774,Polystyrenella,5,1.1442,0.0062,0.0724,0.0121,0.1166,-8.9631,0.3452,0.0,0.0,0.0,0.64,21,0,0.0,0.0,0.0,0.0,27,1.0,1.0,1.83,7.96,11.192,12.0,0.0,0.0,0.0,0.0,0.0,4.435e-06,0.0101,0.0998
1649490,Rubinisphaera,5,1.1442,0.0038,0.0366,0.0083,0.0789,-8.9673,0.3047,0.0,0.0,0.0,0.64,2,0,0.0,0.0,0.0,0.0,7,1.0,1.0,1.0,1.4,2.224,2.43,0.0,0.0,0.0,0.0,0.0,1.179e-06,0.0078,0.0735
2690160,Limihaloglobus,5,1.1442,0.0049,0.0538,0.0107,0.1038,-8.9623,0.3524,0.0,0.0,0.0,0.64,8,0,0.0,0.0,0.0,0.0,16,1.0,1.0,1.0,1.0,7.24,8.8,0.0,0.0,0.0,0.0,0.0,4.305e-06,0.0098,0.0961
1636270,Rhodoferax phage P26218,5,1.1442,0.0056,0.0593,0.0155,0.151,-8.934,0.6158,0.0,0.0,0.0,0.64,8,0,0.0,0.0,0.0,0.0,103,1.0,1.47,1.67,2.0,2.0,2.0,0.0,0.0,0.0,0.0,0.0,0.002839,0.0155,0.151
2843445,Rockefellervirus,5,1.1442,0.0053,0.0566,0.0169,0.1598,-8.9236,0.7132,0.0,0.0,0.0,0.64,8,0,0.0,0.0,0.0,0.0,56,1.0,1.0,1.47,1.5,7.62,9.15,0.0,0.0,0.0,0.0,0.0,0.0384,0.0169,0.1598
181084,Prasinovirus,5,1.1442,0.0048,0.0474,0.0093,0.1005,-8.9494,0.4747,0.0,0.0,0.0,0.64,4,0,0.0,0.0,0.0,0.0,50,1.0,1.0,1.8,2.0,2.0,2.0,0.0,0.0,0.0,0.0,0.0,0.0002823,0.0093,0.1005
243899,endosymbiont 'TC1' of Trimyema compressum,5,1.1442,0.0066,0.0844,0.0094,0.1001,-8.9601,0.3763,0.0,0.0,0.0,0.64,45,0,0.0,0.0,0.0,0.0,28,1.0,1.0,1.0,1.0,38.68,48.1,0.0,0.0,0.0,0.0,0.0,1.789e-05,0.0079,0.0897
45662,Desulfohalobium,5,1.1442,0.0044,0.044,0.0095,0.0911,-8.9623,0.352,0.0,0.0,0.0,0.64,4,0,0.0,0.0,0.0,0.0,12,1.0,1.0,1.2,2.0,2.72,2.9,0.0,0.0,0.0,0.0,0.0,4.251e-06,0.0086,0.0816
644007,Streptococcus phage PH10,5,1.1442,0.0073,0.0837,0.0188,0.1767,-8.9285,0.6657,0.0,0.0,0.0,0.64,32,0,0.0,0.0,0.0,0.0,81,1.0,1.0,1.0,1.84,7.672,9.13,0.0,0.0,0.0,0.0,0.0,0.003321,0.0188,0.1767
1566990,Streptococcus phage SpSL1,5,1.1442,0.0069,0.0786,0.0105,0.1087,-8.9368,0.5914,0.0,0.0,0.0,0.64,24,0,0.0,0.0,0.0,0.0,22,1.0,1.0,1.0,4.0,7.344,8.18,0.0,0.0,0.0,0.0,0.0,0.001147,0.0105,0.1087
51194,Desulfofustis,5,1.1442,0.0065,0.0781,0.0094,0.0961,-8.9646,0.3335,0.0,0.0,0.0,0.64,29,0,0.0,0.0,0.0,0.0,25,1.0,1.0,1.0,2.78,9.996,11.8,0.0,0.0,0.0,0.0,0.0,6.15e-06,0.0078,0.0761
40354,Fonsecaea,5,1.1442,0.006,0.0734,0.0075,0.0806,-8.9776,0.2153,0.0,0.0,0.0,0.64,25,0,0.0,0.0,0.0,0.0,15,1.0,1.0,1.0,1.0,9.24,11.3,0.0,0.0,0.0,0.0,0.0,4.477e-07,0.0064,0.0666
1081670,Enterospora,5,1.1442,0.0097,0.1285,0.008,0.0835,-8.9641,0.3381,0.0,0.0,0.0,0.64,349,0,0.0,0.0,0.0,0.0,13,1.0,1.0,1.23,1.8,279.56,349.0,0.0,0.0,0.0,0.0,0.0,5.129e-06,0.007,0.0778
2603323,Petrocella,5,1.1442,0.0051,0.0477,0.0103,0.1026,-8.9625,0.3523,0.0,0.0,0.0,0.64,2,0,0.0,0.0,0.0,0.0,14,1.0,1.5,1.64,2.0,2.184,2.23,0.0,0.0,0.0,0.0,0.0,4.154e-06,0.0094,0.0936
316625,Saccharophagus,5,1.1442,0.0068,0.0742,0.0096,0.0966,-8.9663,0.3151,0.0,0.0,0.0,0.64,12,0,0.0,0.0,0.0,0.0,27,1.0,1.0,1.93,2.0,12.64,15.300000000000002,0.0,0.0,0.0,0.0,0.0,3.407e-06,0.0081,0.0835
2981344,Xiamenia,5,1.1442,0.0051,0.0574,0.0088,0.0824,-8.9617,0.3562,0.0,0.0,0.0,0.64,10,0,0.0,0.0,0.0,0.0,7,1.0,1.0,1.0,1.57,5.434,6.4,0.0,0.0,0.0,0.0,0.0,3.196e-06,0.0079,0.0748
904,Acidaminococcus,5,1.1442,0.0043,0.0406,0.0072,0.0708,-8.9644,0.3334,0.0,0.0,0.0,0.64,2,0,0.0,0.0,0.0,0.0,7,1.0,1.0,1.0,1.0,1.536,1.67,0.0,0.0,0.0,0.0,0.0,3.105e-06,0.007,0.0694
77021,Cylindrospermopsis,5,1.1442,0.0051,0.0525,0.0096,0.0918,-8.9573,0.3986,0.0,0.0,0.0,0.64,6,0,0.0,0.0,0.0,0.0,11,1.0,1.0,1.0,2.0,3.568,3.9599999999999995,0.0,0.0,0.0,0.0,0.0,1.77e-05,0.0089,0.085
2917830,Leptothermofonsia,5,1.1442,0.0083,0.0919,0.0114,0.1147,-8.9641,0.338,0.0,0.0,0.0,0.64,28,0,0.0,0.0,0.0,0.0,34,1.0,1.0,2.0,7.75,12.67,13.9,0.0,0.0,0.0,0.0,0.0,5.596e-06,0.0092,0.095
1983111,unclassified Cyanobacteriota,5,1.1442,0.0034,0.0321,0.0135,0.1393,-8.9636,0.3457,0.0,0.0,0.0,0.64,1,0,0.0,0.0,0.0,0.0,66,1.0,1.0,1.15,1.28,9.296,11.3,0.0,0.0,0.0,0.0,0.0,7.928e-06,0.0122,0.1233
392332,Geoalkalibacter,5,1.1442,0.0067,0.0753,0.0102,0.1021,-8.9627,0.3501,0.0,0.0,0.0,0.64,22,0,0.0,0.0,0.0,0.0,31,1.0,1.0,1.44,4.0,7.096,7.870000000000001,0.0,0.0,0.0,0.0,0.0,8.81e-06,0.0087,0.0855
168694,Salinispora,5,1.1442,0.0083,0.092,0.0107,0.1089,-8.9638,0.341,0.0,0.0,0.0,0.64,39,0,0.0,0.0,0.0,0.0,41,1.0,1.0,2.57,5.0,10.12,11.4,0.0,0.0,0.0,0.0,0.0,8.47e-06,0.0087,0.0863
84162,Cryptobacterium,5,1.1442,0.0043,0.0406,0.0131,0.1357,-8.9558,0.4168,0.0,0.0,0.0,0.64,2,0,0.0,0.0,0.0,0.0,58,1.0,1.0,1.09,1.12,1.824,2.0,0.0,0.0,0.0,0.0,0.0,3.637e-05,0.0129,0.1345
281119,Candidatus Amoebophilus,5,1.1442,0.007,0.0719,0.0103,0.1022,-8.959,0.384,0.0,0.0,0.0,0.64,9,0,0.0,0.0,0.0,0.0,35,1.0,1.91,2.25,8.0,11.2,12.0,0.0,0.0,0.0,0.0,0.0,2.022e-05,0.0081,0.0867
1001222,Porifericola,5,1.1442,0.0059,0.0666,0.0086,0.0818,-8.9665,0.3121,0.0,0.0,0.0,0.64,15,0,0.0,0.0,0.0,0.0,7,1.0,1.0,1.0,2.75,12.55,15.0,0.0,0.0,0.0,0.0,0.0,1.29e-06,0.0075,0.0762
2923290,Candidatus Sulfidibacterium,5,1.1442,0.0072,0.0721,0.0118,0.1184,-8.9606,0.3711,0.0,0.0,0.0,0.64,9,0,0.0,0.0,0.0,0.0,30,1.0,1.6,2.0,3.77,11.794,13.8,0.0,0.0,0.0,0.0,0.0,9.429e-06,0.0098,0.103
49082,Candidatus Arthromitus,5,1.1442,0.0065,0.0717,0.0121,0.1231,-8.9588,0.3868,0.0,0.0,0.0,0.64,14,0,0.0,0.0,0.0,0.0,36,1.0,1.0,1.0,1.73,10.026,12.1,0.0,0.0,0.0,0.0,0.0,1.107e-05,0.0107,0.1065
2039240,Anaerotignum,5,1.1442,0.0043,0.0406,0.0093,0.0918,-8.9632,0.3452,0.0,0.0,0.0,0.64,2,0,0.0,0.0,0.0,0.0,13,1.0,1.0,1.0,1.56,1.848,1.92,0.0,0.0,0.0,0.0,0.0,4.262e-06,0.0088,0.0861
2293313,Candidatus Syntrophocurvum,5,1.1442,0.0044,0.044,0.0079,0.0817,-8.9637,0.3414,0.0,0.0,0.0,0.64,4,0,0.0,0.0,0.0,0.0,12,1.0,1.0,1.92,2.2,10.04,12.0,0.0,0.0,0.0,0.0,0.0,5.203e-06,0.0068,0.0738
2651578,Thermanaerosceptrum,5,1.1442,0.0055,0.06,0.0075,0.0753,-8.9661,0.3177,0.0,0.0,0.0,0.64,10,0,0.0,0.0,0.0,0.0,10,1.0,1.0,2.0,5.5,12.3,14.0,0.0,0.0,0.0,0.0,0.0,2.774e-06,0.0057,0.0577
41273,Tissierella,5,1.1442,0.0056,0.0593,0.0112,0.1063,-8.9604,0.3698,0.0,0.0,0.0,0.64,8,0,0.0,0.0,0.0,0.0,19,1.0,1.5,1.67,2.68,3.112,3.22,0.0,0.0,0.0,0.0,0.0,6.628e-06,0.0098,0.0928
1955413,Abyssicoccus,5,1.1442,0.0065,0.0652,0.0146,0.1613,-8.9546,0.4331,0.0,0.0,0.0,0.64,6,0,0.0,0.0,0.0,0.0,208,1.0,1.0,2.0,2.19,12.518,15.1,0.0,0.0,0.0,0.0,0.0,0.0001255,0.013,0.1515
86106,endosymbiont of Acanthamoeba sp. UWC8,5,1.1442,0.0034,0.0321,0.0067,0.0753,-8.9635,0.3433,0.0,0.0,0.0,0.64,1,0,0.0,0.0,0.0,0.0,22,1.0,1.0,1.05,1.5,3.5,4.0,0.0,0.0,0.0,0.0,0.0,1.378e-05,0.0061,0.072
3024226,Thermospira,5,1.1442,0.0045,0.0442,0.0082,0.092,-8.9635,0.3454,0.0,0.0,0.0,0.64,3,0,0.0,0.0,0.0,0.0,37,2.14,4.0,7.57,9.0,11.4,12.0,0.0,0.0,0.0,0.0,0.0,1.634e-05,0.0056,0.0682
455364,Chrysochromulina ericina virus,5,1.1442,0.0048,0.0474,0.0079,0.0753,-8.9552,0.4171,0.0,0.0,0.0,0.64,4,0,0.0,0.0,0.0,0.0,7,1.0,1.0,1.0,2.0,2.48,2.6,0.0,0.0,0.0,0.0,0.0,1.489e-05,0.0079,0.0753
2005509,Centapoxvirus,5,1.1442,0.0041,0.0406,0.0055,0.0554,-8.9538,0.4315,0.0,0.0,0.0,0.64,3,0,0.0,0.0,0.0,0.0,6,1.0,1.0,1.0,1.0,1.4,1.5,0.0,0.0,0.0,0.0,0.0,3.5e-05,0.0055,0.0554
1084558,Oceanicoccus,5,1.1442,0.0059,0.062,0.0104,0.101,-8.9634,0.3419,0.0,0.0,0.0,0.64,7,0,0.0,0.0,0.0,0.0,17,1.0,1.0,1.18,2.14,2.972,3.18,0.0,0.0,0.0,0.0,0.0,3.861e-06,0.0095,0.0922
46200,Geovibrio,5,1.1442,0.0053,0.0566,0.0088,0.0866,-8.9635,0.3418,0.0,0.0,0.0,0.64,8,0,0.0,0.0,0.0,0.0,9,1.0,1.0,2.0,2.0,4.848,5.56,0.0,0.0,0.0,0.0,0.0,3.047e-06,0.0075,0.073
1914567,Potamipivirus,5,1.1442,0.0048,0.0474,0.0099,0.0983,-8.9348,0.608,0.0,0.0,0.0,0.64,4,0,0.0,0.0,0.0,0.0,20,1.4500000000000002,2.0,2.33,2.558,11.551,13.8,0.0,0.0,0.0,0.0,0.0,0.001202,0.0099,0.0983
2873234,Arceuthobium sichuanense virus 1,5,1.1442,0.0048,0.0474,0.0058,0.0584,-8.9405,0.5544,0.0,0.0,0.0,0.64,4,0,0.0,0.0,0.0,0.0,5,1.0,1.0,1.25,1.4,1.88,2.0,0.0,0.0,0.0,0.0,0.0,0.0003778,0.0058,0.0584
2601651,Candidatus Nesciobacter,5,1.1442,0.0056,0.0654,0.0096,0.0923,-8.9546,0.4233,0.0,0.0,0.0,0.64,16,0,0.0,0.0,0.0,0.0,13,1.0,1.0,1.0,1.0,10.04,12.3,0.0,0.0,0.0,0.0,0.0,2.122e-05,0.0085,0.081
2796146,Candidatus Nitrosacidococcus,5,1.1442,0.0057,0.0593,0.01,0.1016,-8.9603,0.3719,0.0,0.0,0.0,0.64,8,0,0.0,0.0,0.0,0.0,24,1.0,1.535,2.0,2.0,2.052,2.065,0.0,0.0,0.0,0.0,0.0,8.754e-06,0.0089,0.0908
2014233,Thaumasiovibrio,5,1.1442,0.0057,0.0593,0.0078,0.084,-8.9681,0.3019,0.0,0.0,0.0,0.64,8,0,0.0,0.0,0.0,0.0,14,1.0,1.0,1.0,1.86,1.972,2.0,0.0,0.0,0.0,0.0,0.0,2.641e-06,0.0073,0.0797
1021,Beggiatoa,5,1.1442,0.0055,0.0574,0.0098,0.0971,-8.9641,0.3372,0.0,0.0,0.0,0.64,7,0,0.0,0.0,0.0,0.0,15,1.0,1.0,1.43,1.6,2.504,2.73,0.0,0.0,0.0,0.0,0.0,3.608e-06,0.009,0.088
2847777,Atribacter,5,1.1442,0.0076,0.0867,0.013,0.1335,-8.959,0.3873,0.0,0.0,0.0,0.64,38,0,0.0,0.0,0.0,0.0,67,1.0,1.06,2.72,5.33,7.77,8.38,0.0,0.0,0.0,0.0,0.0,2.259e-05,0.0109,0.1155
196119,Methanotorris,5,1.1442,0.0038,0.0366,0.005,0.0505,-8.966,0.3174,0.0,0.0,0.0,0.64,2,0,0.0,0.0,0.0,0.0,4,1.0,1.0,1.0,3.0,3.8,4.0,0.0,0.0,0.0,0.0,0.0,2.264e-06,0.0043,0.0429
4910,Kluyveromyces,5,1.1442,0.0053,0.0566,0.0196,0.1969,-8.9581,0.3984,0.0,0.0,0.0,0.64,8,0,0.0,0.0,0.0,0.0,334,1.0,1.0,1.11,1.35,1.87,2.0,0.0,0.0,0.0,0.0,0.0,3.289e-05,0.019,0.192
134287,secondary endosymbiont of Heteropsylla cubana,5,1.1442,0.0038,0.0366,0.0056,0.0593,-8.9631,0.346,0.0,0.0,0.0,0.64,2,0,0.0,0.0,0.0,0.0,8,1.0,1.0,2.0,4.5,97.7,121.0,0.0,0.0,0.0,0.0,0.0,7.183e-06,0.0041,0.0449
1906661,Candidatus Gullanella,5,1.1442,0.0038,0.0366,0.0074,0.0787,-8.9599,0.3768,0.0,0.0,0.0,0.64,2,0,0.0,0.0,0.0,0.0,13,1.0,1.0,1.0,1.46,1.892,2.0,0.0,0.0,0.0,0.0,0.0,1.403e-05,0.007,0.075
1504576,Pseudocitrobacter,5,1.1442,0.0058,0.0581,0.0094,0.0968,-8.9644,0.3349,0.0,0.0,0.0,0.64,6,0,0.0,0.0,0.0,0.0,33,1.0,1.0,2.0,2.15,2.294,2.33,0.0,0.0,0.0,0.0,0.0,8.171e-06,0.0085,0.0871
267849,Nitrincola,5,1.1442,0.0064,0.0613,0.0109,0.1033,-8.9624,0.3507,0.0,0.0,0.0,0.64,4,0,0.0,0.0,0.0,0.0,19,1.6,1.63,3.8,4.0,11.04,12.8,0.0,0.0,0.0,0.0,0.0,4.72e-06,0.0084,0.0843
623276,Maritalea,5,1.1442,0.0058,0.0616,0.0088,0.0899,-8.9647,0.3319,0.0,0.0,0.0,0.64,8,0,0.0,0.0,0.0,0.0,16,1.0,1.0,1.29,1.5,7.5,9.0,0.0,0.0,0.0,0.0,0.0,4.363e-06,0.0082,0.086
2811380,Entomobacter,5,1.1442,0.0108,0.1423,0.0098,0.1054,-8.9621,0.3582,0.0,0.0,0.0,0.64,632,0,0.0,0.0,0.0,0.0,50,2.0,2.0,2.5,3.18,116.636,145.0,0.0,0.0,0.0,0.0,0.0,1.91e-05,0.0062,0.0628
1602345,Parasaccharibacter,5,1.1442,0.0114,0.1315,0.0145,0.1385,-8.9549,0.4209,0.0,0.0,0.0,0.64,187,0,0.0,0.0,0.0,0.0,43,1.67,1.71,2.64,5.58,25.036,29.900000000000002,0.0,0.0,0.0,0.0,0.0,2.181e-05,0.0112,0.1052
1802983,Candidatus Fokinia,5,1.1442,0.0071,0.0749,0.0117,0.1152,-8.9538,0.4324,0.0,0.0,0.0,0.64,12,0,0.0,0.0,0.0,0.0,24,1.0,1.21,2.25,3.5,3.652,3.69,0.0,0.0,0.0,0.0,0.0,2.895e-05,0.0103,0.1031
2654634,Candidatus Hydrogenosomobacter,5,1.1442,0.0055,0.0537,0.013,0.1252,-8.9523,0.4457,0.0,0.0,0.0,0.64,3,0,0.0,0.0,0.0,0.0,26,1.67,1.92,1.94,3.33,4.666,5.0,0.0,0.0,0.0,0.0,0.0,3.162e-05,0.011,0.1094
288021,Kordiimonas,5,1.1442,0.0043,0.0406,0.0099,0.1041,-8.9642,0.338,0.0,0.0,0.0,0.64,2,0,0.0,0.0,0.0,0.0,30,1.0,1.0,1.06,1.5,1.904,2.005,0.0,0.0,0.0,0.0,0.0,5.242e-06,0.0094,0.0984
196082,Parascardovia,5,1.1442,0.0084,0.0908,0.0205,0.2093,-8.9486,0.4868,0.0,0.0,0.0,0.64,18,0,0.0,0.0,0.0,0.0,959,1.0,1.0,1.0,1.55,7.838,9.41,0.0,0.0,0.0,0.0,0.0,0.0005204,0.0192,0.2021
459532,Terribacillus,5,1.1442,0.0054,0.0584,0.0072,0.0751,-8.9664,0.316,0.0,0.0,0.0,0.64,9,0,0.0,0.0,0.0,0.0,15,1.0,1.0,1.0,2.0,7.76,9.2,0.0,0.0,0.0,0.0,0.0,4.423e-06,0.0061,0.0602
2837511,Sutcliffiella,5,1.1442,0.0047,0.0495,0.0134,0.138,-8.9629,0.353,0.0,0.0,0.0,0.64,6,0,0.0,0.0,0.0,0.0,148,1.0,1.0,1.0,1.57,1.761,1.8083333333333333,0.0,0.0,0.0,0.0,0.0,2.958e-05,0.0129,0.1326
1930830,Floricoccus,5,1.1442,0.0081,0.0883,0.0124,0.1221,-8.9576,0.3968,0.0,0.0,0.0,0.64,22,0,0.0,0.0,0.0,0.0,39,1.0,1.0,1.56,2.61,12.842,15.4,0.0,0.0,0.0,0.0,0.0,1.865e-05,0.0105,0.1054
2767876,Amylolactobacillus,5,1.1442,0.0068,0.0765,0.0151,0.1442,-8.9527,0.4415,0.0,0.0,0.0,0.64,19,0,0.0,0.0,0.0,0.0,70,1.0,1.1,2.18,2.9,4.66,5.1,0.0,0.0,0.0,0.0,0.0,4.818e-05,0.0135,0.1272
51514,Dehalobacterium,5,1.1442,0.0055,0.0642,0.0068,0.0689,-8.9671,0.3089,0.0,0.0,0.0,0.64,15,0,0.0,0.0,0.0,0.0,7,1.0,1.0,1.0,6.2,10.76,11.9,0.0,0.0,0.0,0.0,0.0,1.97e-06,0.0052,0.0507
51196,Syntrophobotulus,5,1.1442,0.0082,0.0976,0.0068,0.0671,-8.9664,0.3137,0.0,0.0,0.0,0.64,64,0,0.0,0.0,0.0,0.0,7,1.0,1.0,3.0,4.0,19.28,23.1,0.0,0.0,0.0,0.0,0.0,2.15e-06,0.005,0.0507
32636,Halothermothrix,5,1.1442,0.0041,0.0406,0.0078,0.0814,-8.9642,0.3364,0.0,0.0,0.0,0.64,3,0,0.0,0.0,0.0,0.0,11,1.0,1.0,1.0,2.27,2.854,3.0,0.0,0.0,0.0,0.0,0.0,4.349e-06,0.007,0.0708
190972,Sedimentibacter,5,1.1442,0.0082,0.0897,0.0107,0.106,-8.9615,0.3614,0.0,0.0,0.0,0.64,31,0,0.0,0.0,0.0,0.0,20,1.0,1.0,3.15,16.0,22.32,23.9,0.0,0.0,0.0,0.0,0.0,6.697e-06,0.0085,0.0909
167375,Cyanobium,5,1.1442,0.0068,0.0782,0.0094,0.0951,-8.9637,0.3398,0.0,0.0,0.0,0.64,26,0,0.0,0.0,0.0,0.0,20,1.0,1.0,1.07,2.0,11.883,14.353846153846153,0.0,0.0,0.0,0.0,0.0,3.808e-06,0.008,0.0797
1649478,Pelolinea,5,1.1442,0.0092,0.1099,0.0142,0.1352,-8.9581,0.3911,0.0,0.0,0.0,0.64,108,0,0.0,0.0,0.0,0.0,40,1.0,1.0,1.12,2.0,32.56,40.2,0.0,0.0,0.0,0.0,0.0,1.141e-05,0.0122,0.1185
1676125,Thermogutta,5,1.1442,0.0091,0.0919,0.0137,0.1318,-8.9602,0.3724,0.0,0.0,0.0,1.28,24,0,0.0,0.0,0.0,0.0,36,1.0,1.11,2.0,6.6,11.64,12.9,0.0,0.0,0.0,0.0,0.0,7.554e-06,0.0113,0.1108
2897349,Candidatus Uabimicrobium,5,1.1442,0.0081,0.0859,0.0131,0.1259,-8.9642,0.335,0.0,0.0,0.0,0.64,17,0,0.0,0.0,0.0,0.0,24,1.0,1.33,1.54,5.0,7.328,7.91,0.0,0.0,0.0,0.0,0.0,2.553e-06,0.0111,0.1061
282132,Candidatus Protochlamydia,5,1.1442,0.0083,0.106,0.0113,0.1279,-8.9615,0.3666,0.0,0.0,0.0,0.64,117,0,0.0,0.0,0.0,0.0,78,1.0,1.0,1.0,5.0,17.086,20.107692307692307,0.0,0.0,0.0,0.0,0.0,1.776e-05,0.0096,0.1088
71666,Waddlia,5,1.1442,0.0062,0.0666,0.0114,0.1069,-8.9584,0.3871,0.0,0.0,0.0,0.64,13,0,0.0,0.0,0.0,0.0,15,1.0,1.0,1.47,1.57,2.178,2.33,0.0,0.0,0.0,0.0,0.0,7.312e-06,0.0106,0.0995
2909705,Oleidesulfovibrio,5,1.1442,0.0059,0.0666,0.0122,0.1237,-8.9605,0.3718,0.0,0.0,0.0,0.64,15,0,0.0,0.0,0.0,0.0,56,1.0,1.0,1.18,3.1,6.748,7.66,0.0,0.0,0.0,0.0,0.0,1.596e-05,0.0107,0.1057
497721,Desulfoluna,5,1.1442,0.007,0.0759,0.0079,0.0798,-8.9683,0.2977,0.0,0.0,0.0,0.64,18,0,0.0,0.0,0.0,0.0,10,1.0,2.0,2.7,3.0,59.4,73.5,0.0,0.0,0.0,0.0,0.0,1.621e-06,0.0054,0.0555
2792240,Thiospirochaeta,5,1.1442,0.0069,0.0722,0.0081,0.0816,-8.9653,0.3252,0.0,0.0,0.0,0.64,14,0,0.0,0.0,0.0,0.0,11,1.0,1.3,1.5,2.09,6.418,7.5,0.0,0.0,0.0,0.0,0.0,3.065e-06,0.007,0.0725
2953757,Candidatus Chromulinivorax,5,1.1442,0.0074,0.0787,0.0138,0.1312,-8.953,0.4382,0.0,0.0,0.0,0.64,13,0,0.0,0.0,0.0,0.0,34,1.0,1.0,3.28,4.03,9.686,11.099999999999998,0.0,0.0,0.0,0.0,0.0,2.932e-05,0.0115,0.1113
1408194,Endomicrobium,5,1.1442,0.0066,0.076,0.0104,0.1048,-8.9585,0.3887,0.0,0.0,0.0,0.64,23,0,0.0,0.0,0.0,0.0,25,1.0,1.0,1.0,1.4,2.944,3.33,0.0,0.0,0.0,0.0,0.0,1.343e-05,0.0097,0.0974
5110,Claviceps,5,1.1442,0.0087,0.1034,0.0091,0.093,-8.9745,0.2412,0.0,0.0,0.0,0.64,81,0,0.0,0.0,0.0,0.0,20,1.0,1.0,3.5,6.0,39.76,48.2,0.0,0.0,0.0,0.0,0.0,6.84e-07,0.0064,0.064
295595,Candidatus Hepatoplasma,5,1.1442,0.006,0.0588,0.0114,0.1092,-8.9528,0.4406,0.0,0.0,0.0,0.64,4,0,0.0,0.0,0.0,0.0,23,1.0,1.33,2.0,4.0,8.88,10.1,0.0,0.0,0.0,0.0,0.0,3.573e-05,0.0094,0.0918
1891713,Alphapolyomavirus,5,1.1442,0.0038,0.0366,0.0216,0.2027,-8.918,0.7638,0.0,0.0,0.0,0.64,2,0,0.0,0.0,0.0,0.0,170,1.0,1.0,1.0,1.0,1.232,1.29,0.0,0.0,0.0,0.0,0.0,0.03289,0.0216,0.2027
1434050,Zhongshania,5,1.1442,0.0045,0.0442,0.01,0.098,-8.9635,0.3413,0.0,0.0,0.0,0.64,3,0,0.0,0.0,0.0,0.0,15,1.0,1.0,1.27,1.67,2.038,2.13,0.0,0.0,0.0,0.0,0.0,3.671e-06,0.0094,0.0914
10552,Aviadenovirus,5,1.1442,0.0034,0.0321,0.0059,0.0586,-8.9456,0.5067,0.0,0.0,0.0,0.64,1,0,0.0,0.0,0.0,0.0,5,1.0,1.0,1.0,1.0,3.136,3.67,0.0,0.0,0.0,0.0,0.0,0.0001163,0.0059,0.0586
1204360,Siansivirga,5,1.1442,0.0062,0.0611,0.0092,0.0904,-8.9633,0.3435,0.0,0.0,0.0,0.64,4,0,0.0,0.0,0.0,0.0,19,1.0,1.26,1.6,1.67,5.134,6.0,0.0,0.0,0.0,0.0,0.0,6.032e-06,0.0082,0.084
2905123,Paraneptunicella,5,1.1442,0.0076,0.0789,0.0116,0.1162,-8.9626,0.3512,0.0,0.0,0.0,0.64,12,0,0.0,0.0,0.0,0.0,31,1.0,1.2,2.1,2.27,4.454,5.0,0.0,0.0,0.0,0.0,0.0,6.465e-06,0.0103,0.1038
2894762,Zophobihabitans,5,1.1442,0.0045,0.0469,0.0084,0.0811,-8.9631,0.344,0.0,0.0,0.0,0.64,5,0,0.0,0.0,0.0,0.0,8,1.0,1.0,1.0,1.25,3.714,4.33,0.0,0.0,0.0,0.0,0.0,3.073e-06,0.0078,0.0769
81416,Methanofollis,5,1.1442,0.0045,0.0442,0.0077,0.0872,-8.9652,0.3306,0.0,0.0,0.0,0.64,3,0,0.0,0.0,0.0,0.0,23,1.0,1.0,1.09,1.18,1.836,2.0,0.0,0.0,0.0,0.0,0.0,8.452e-06,0.0074,0.0852
10487,Iridovirus,5,1.1442,0.0044,0.044,0.0116,0.1125,-8.9476,0.4884,0.0,0.0,0.0,0.64,4,0,0.0,0.0,0.0,0.0,33,1.0,1.0,1.0,1.0,2.752,3.19,0.0,0.0,0.0,0.0,0.0,0.0001509,0.0116,0.1125
232244,Belliella,5,1.1442,0.0054,0.0584,0.0089,0.0935,-8.9651,0.329,0.0,0.0,0.0,0.64,9,0,0.0,0.0,0.0,0.0,30,1.0,1.0,1.25,2.03,4.406,5.0,0.0,0.0,0.0,0.0,0.0,7.592e-06,0.0081,0.0868
2795692,Nitrosophilus,5,1.1442,0.0043,0.0406,0.0052,0.0531,-8.9666,0.3118,0.0,0.0,0.0,0.64,2,0,0.0,0.0,0.0,0.0,5,1.0,1.0,1.0,1.0,1.2,1.25,0.0,0.0,0.0,0.0,0.0,1.736e-06,0.0052,0.0522
2679910,Intestinibaculum,5,1.1442,0.0041,0.0406,0.0088,0.0831,-8.9632,0.343,0.0,0.0,0.0,0.64,3,0,0.0,0.0,0.0,0.0,9,1.0,1.2,1.33,2.33,2.33,2.33,0.0,0.0,0.0,0.0,0.0,3.112e-06,0.0079,0.0754
2706948,Aureibaculum,5,1.1442,0.0048,0.0474,0.0098,0.1001,-8.9652,0.3281,0.0,0.0,0.0,0.64,4,0,0.0,0.0,0.0,0.0,19,1.0,1.0,1.0,1.16,1.432,1.5,0.0,0.0,0.0,0.0,0.0,3.806e-06,0.0095,0.0974
2022711,Methanonatronarchaeum,5,1.1442,0.006,0.0588,0.0103,0.1123,-8.9595,0.3833,0.0,0.0,0.0,0.64,4,0,0.0,0.0,0.0,0.0,43,1.0,1.07,1.5,2.0,2.667,2.8333333333333335,0.0,0.0,0.0,0.0,0.0,3.12e-05,0.0096,0.1061
1511854,Betanudivirus,5,1.1442,0.0055,0.0574,0.0067,0.0732,-8.9489,0.4783,0.0,0.0,0.0,0.64,7,0,0.0,0.0,0.0,0.0,10,1.0,1.0,1.56,3.0,6.12,6.9,0.0,0.0,0.0,0.0,0.0,0.0001177,0.0067,0.0732
1491393,Jingmen tick virus,5,1.1442,0.0038,0.0366,0.0085,0.0834,-8.9361,0.5956,0.0,0.0,0.0,0.64,2,0,0.0,0.0,0.0,0.0,11,1.0,1.0,1.8,2.5,6.54,7.55,0.0,0.0,0.0,0.0,0.0,0.001002,0.0085,0.0834
1677050,Novibacillus,4,0.9153,0.0055,0.071,0.0074,0.0804,-8.9708,0.3054,0.0,0.0,0.0,0.0,21,0,0.0,0.0,0.0,0.0,14,2.8,2.95,3.665,9.172,20.794,23.7,0.0,0.0,0.0,0.0,0.0,4.055e-06,0.0048,0.0506
1663717,Herbinix,4,0.9153,0.0043,0.0454,0.01,0.1138,-8.9668,0.3499,0.0,0.0,0.0,0.0,3,0,0.0,0.0,0.0,0.0,62,1.0,1.0,1.065,1.222,1.444,1.5,0.0,0.0,0.0,0.0,0.0,2.484e-05,0.0098,0.1123
1720323,Lessievirus,4,0.9153,0.0049,0.0638,0.0051,0.0541,-8.9569,0.4495,0.0,0.0,0.0,0.0,16,0,0.0,0.0,0.0,0.0,5,1.0,1.0,1.0,4.75,13.75,16.0,0.0,0.0,0.0,0.0,0.0,0.0001088,0.0051,0.0541
2951107,Leadbettera,4,0.9153,0.0045,0.0528,0.008,0.0877,-8.9705,0.3085,0.0,0.0,0.0,0.0,7,0,0.0,0.0,0.0,0.0,14,1.0,1.0,2.5,4.067,4.229,4.27,0.0,0.0,0.0,0.0,0.0,3.7e-06,0.0069,0.0761
82984,Pragia,4,0.9153,0.0041,0.0452,0.0076,0.0855,-8.9724,0.2906,0.0,0.0,0.0,0.0,4,0,0.0,0.0,0.0,0.0,16,1.0,1.0,1.2,1.425,1.485,1.5,0.0,0.0,0.0,0.0,0.0,3.194e-06,0.0072,0.0816
75687,Neptunomonas,4,0.9153,0.0065,0.0722,0.0099,0.1111,-8.9696,0.3188,0.0,0.0,0.0,0.0,9,0,0.0,0.0,0.0,0.0,33,1.0,1.338,1.714,6.234,16.447,19.0,0.0,0.0,0.0,0.0,0.0,5.17e-06,0.0084,0.0995
1557033,Yellowstone Lake virophage 5,4,0.9153,0.0028,0.0287,0.0037,0.0416,-8.9572,0.4468,0.0,0.0,0.0,0.0,1,0,0.0,0.0,0.0,0.0,4,1.0,1.0,1.5,2.812,4.762,5.25,0.0,0.0,0.0,0.0,0.0,0.0001349,0.0037,0.0416
1453359,Candidatus Atelocyanobacterium,4,0.9153,0.0037,0.0416,0.0072,0.0882,-8.9689,0.327,0.0,0.0,0.0,0.0,4,0,0.0,0.0,0.0,0.0,34,1.0,1.0,1.135,1.453,1.89,2.0,0.0,0.0,0.0,0.0,0.0,9.646e-06,0.0069,0.0851
2847307,Thermophilibacter,4,0.9153,0.0052,0.0639,0.0087,0.0957,-8.9674,0.3411,0.0,0.0,0.0,0.0,14,0,0.0,0.0,0.0,0.0,18,1.0,1.75,3.365,6.423,10.484,11.5,0.0,0.0,0.0,0.0,0.0,8.6e-06,0.0067,0.0724
2948652,Carjivirus,4,0.9153,0.0054,0.0632,0.0139,0.1474,-8.9484,0.5378,0.0,0.0,0.0,0.0,10,0,0.0,0.0,0.0,0.0,99,1.0,1.0,1.5,3.985,8.749,9.94,0.0,0.0,0.0,0.0,0.0,0.001245,0.0139,0.1474
2815775,Berryella,4,0.9153,0.0054,0.0663,0.0094,0.1009,-8.9661,0.3542,0.0,0.0,0.0,0.0,14,0,0.0,0.0,0.0,0.0,26,1.0,1.0,1.335,4.152,10.11,11.6,0.0,0.0,0.0,0.0,0.0,1.377e-05,0.0082,0.091
289201,Pontibacillus,4,0.9153,0.0032,0.0337,0.0051,0.0563,-8.975,0.2622,0.0,0.0,0.0,0.0,2,0,0.0,0.0,0.0,0.0,6,1.0,1.0,1.25,1.625,1.925,2.0,0.0,0.0,0.0,0.0,0.0,1.564e-06,0.0048,0.0539
1434042,Salisediminibacterium,4,0.9153,0.0036,0.038,0.0048,0.0516,-8.9743,0.2684,0.0,0.0,0.0,0.0,2,0,0.0,0.0,0.0,0.0,4,1.0,1.0,1.0,1.25,1.85,2.0,0.0,0.0,0.0,0.0,0.0,1.157e-06,0.0046,0.0508
171003,Caloranaerobacter,4,0.9153,0.0061,0.0758,0.0077,0.0962,-8.9698,0.3216,0.0,0.0,0.0,0.0,22,0,0.0,0.0,0.0,0.0,37,1.0,1.0,1.295,5.742,15.708,18.2,0.0,0.0,0.0,0.0,0.0,1.549e-05,0.0062,0.0796
2375,Sporomusa,4,0.9153,0.0055,0.059,0.0072,0.0822,-8.973,0.2843,0.0,0.0,0.0,0.0,6,0,0.0,0.0,0.0,0.0,16,1.31,2.075,4.055,9.585,18.717,21.0,0.0,0.0,0.0,0.0,0.0,3.099e-06,0.0055,0.0687
2749267,Amedibacterium,4,0.9153,0.0032,0.0337,0.01,0.1096,-8.9675,0.3405,0.0,0.0,0.0,0.0,2,0,0.0,0.0,0.0,0.0,28,1.0,1.0,1.0,1.135,1.459,1.54,0.0,0.0,0.0,0.0,0.0,9.036e-06,0.0098,0.107
2943184,Tannockella,4,0.9153,0.0028,0.0287,0.0047,0.0535,-8.9728,0.2854,0.0,0.0,0.0,0.0,1,0,0.0,0.0,0.0,0.0,6,1.0,1.0,1.0,1.083,1.28,1.33,0.0,0.0,0.0,0.0,0.0,2.747e-06,0.0046,0.0516
76023,Halothece,4,0.9153,0.0028,0.0287,0.0044,0.0506,-8.9756,0.2559,0.0,0.0,0.0,0.0,1,0,0.0,0.0,0.0,0.0,6,1.0,1.0,1.0,1.0,1.0,1.0,0.0,0.0,0.0,0.0,0.0,1.491e-06,0.0044,0.0506
2692417,Ktedonosporobacter,4,0.9153,0.0052,0.0624,0.0108,0.1189,-8.9719,0.2962,0.0,0.0,0.0,0.0,11,0,0.0,0.0,0.0,0.0,34,1.0,1.0,1.05,2.37,5.418,6.179999999999999,0.0,0.0,0.0,0.0,0.0,3.03e-06,0.0099,0.1098
447792,Phytobacter,4,0.9153,0.0037,0.0416,0.011,0.1181,-8.9574,0.4456,0.0,0.0,0.0,0.0,4,0,0.0,0.0,0.0,0.0,37,1.0,1.0,1.5,2.5,3.7,4.0,0.0,0.0,0.0,0.0,0.0,0.0002536,0.0101,0.1103
1048757,Candidatus Moranella,4,0.9153,0.0041,0.0452,0.0083,0.0922,-8.9625,0.3926,0.0,0.0,0.0,0.0,4,0,0.0,0.0,0.0,0.0,18,1.0,1.75,3.5,7.725,14.265,15.9,0.0,0.0,0.0,0.0,0.0,3.376e-05,0.0064,0.0752
51366,Salinivibrio,4,0.9153,0.0064,0.0726,0.0088,0.1023,-8.9728,0.2883,0.0,0.0,0.0,0.0,9,0,0.0,0.0,0.0,0.0,27,1.0,1.585,1.89,2.719,4.444,4.875555555555556,0.0,0.0,0.0,0.0,0.0,3.509e-06,0.0075,0.0875
1792291,Marinagarivorans,4,0.9153,0.0037,0.0416,0.0048,0.0516,-8.9759,0.252,0.0,0.0,0.0,0.0,4,0,0.0,0.0,0.0,0.0,4,1.0,1.0,1.5,2.25,2.85,3.0,0.0,0.0,0.0,0.0,0.0,7.764e-07,0.0043,0.047
1869285,Allofrancisella,4,0.9153,0.0032,0.0337,0.0059,0.0666,-8.9686,0.329,0.0,0.0,0.0,0.0,2,0,0.0,0.0,0.0,0.0,7,1.0,1.75,2.855,4.747,7.237,7.86,0.0,0.0,0.0,0.0,0.0,6.061e-06,0.0044,0.0482
13275,Suttonella,4,0.9153,0.006,0.072,0.0104,0.1162,-8.9653,0.3642,0.0,0.0,0.0,0.0,14,0,0.0,0.0,0.0,0.0,59,1.0,1.0,1.025,2.393,5.614,6.42,0.0,0.0,0.0,0.0,0.0,3.035e-05,0.0095,0.1074
655184,Candidatus Thioglobus,4,0.9153,0.0032,0.0337,0.0065,0.074,-8.969,0.3249,0.0,0.0,0.0,0.0,2,0,0.0,0.0,0.0,0.0,10,1.0,1.0,1.4,1.85,1.97,2.0,0.0,0.0,0.0,0.0,0.0,6.789e-06,0.006,0.0691
1617805,Amylibacter,4,0.9153,0.0063,0.0726,0.0118,0.1257,-8.9659,0.3565,0.0,0.0,0.0,0.0,10,0,0.0,0.0,0.0,0.0,48,1.0,1.33,3.22,5.423,6.436,6.69,0.0,0.0,0.0,0.0,0.0,1.42e-05,0.01,0.107
2854182,Falsihalocynthiibacter,4,0.9153,0.0065,0.0817,0.0091,0.1031,-8.97,0.3167,0.0,0.0,0.0,0.0,28,0,0.0,0.0,0.0,0.0,24,1.0,1.157,1.53,3.158,6.295,7.08,0.0,0.0,0.0,0.0,0.0,5.704e-06,0.0079,0.0902
387658,Marixanthomonas,4,0.9153,0.0037,0.0416,0.0069,0.0777,-8.9708,0.3065,0.0,0.0,0.0,0.0,4,0,0.0,0.0,0.0,0.0,17,1.0,1.0,1.0,1.073,1.246,1.29,0.0,0.0,0.0,0.0,0.0,5.925e-06,0.0068,0.0758
283735,Leeuwenhoekiella,4,0.9153,0.0038,0.0419,0.0057,0.0646,-8.9727,0.2859,0.0,0.0,0.0,0.0,3,0,0.0,0.0,0.0,0.0,8,1.0,1.0,1.0,1.0,1.0,1.0,0.0,0.0,0.0,0.0,0.0,2.056e-06,0.0057,0.0646
2795779,Rosistilla,4,0.9153,0.0041,0.0454,0.008,0.0878,-8.973,0.2826,0.0,0.0,0.0,0.0,3,0,0.0,0.0,0.0,0.0,13,1.0,1.232,1.615,2.19,2.838,3.0,0.0,0.0,0.0,0.0,0.0,1.824e-06,0.0073,0.0809
18,Pelobacter,4,0.9153,0.0049,0.0599,0.0078,0.0834,-8.9709,0.3042,0.0,0.0,0.0,0.0,11,0,0.0,0.0,0.0,0.0,11,1.0,1.068,1.26,3.03,6.87,7.829999999999999,0.0,0.0,0.0,0.0,0.0,2.756e-06,0.0069,0.0744
2843426,Muminvirus,4,0.9153,0.0069,0.0796,0.0133,0.1538,-8.9348,0.6801,0.0,0.0,0.0,0.0,14,0,0.0,0.0,0.0,0.0,143,1.0,1.684,2.221,3.441,5.627,6.174,0.0,0.0,0.0,0.0,0.0,0.03019,0.0133,0.1538
2842996,Quwivirus,4,0.9153,0.0028,0.0287,0.0048,0.0516,-8.9629,0.3873,0.0,0.0,0.0,0.0,1,0,0.0,0.0,0.0,0.0,4,1.0,1.0,1.0,1.0,1.0,1.0,0.0,0.0,0.0,0.0,0.0,2.055e-05,0.0048,0.0516
1891714,Betapolyomavirus,4,0.9153,0.0154,0.1624,0.0282,0.2941,-8.9232,0.8,0.0,0.0,0.0,0.0,86,0,0.0,0.0,0.0,0.0,1975,1.21,1.42,1.575,1.775,2.051,2.12,0.0,0.0,0.0,0.0,0.0,0.4046,0.0282,0.2941
685950,Fervidicoccus,4,0.9153,0.0047,0.0601,0.0043,0.048,-8.9713,0.2999,0.0,0.0,0.0,0.0,13,0,0.0,0.0,0.0,0.0,5,1.0,1.0,1.0,1.7,3.38,3.8,0.0,0.0,0.0,0.0,0.0,3.812e-06,0.0037,0.0403
2834759,Flocculibacter,4,0.9153,0.0038,0.0447,0.0057,0.0648,-8.9735,0.278,0.0,0.0,0.0,0.0,5,0,0.0,0.0,0.0,0.0,11,1.0,1.547,1.865,2.0,2.0,2.0,0.0,0.0,0.0,0.0,0.0,2.839e-06,0.0051,0.0577
393005,Tamlana,4,0.9153,0.0044,0.0506,0.0079,0.0869,-8.971,0.3036,0.0,0.0,0.0,0.0,6,0,0.0,0.0,0.0,0.0,19,1.0,1.124,1.208,1.26,1.283,1.2883333333333333,0.0,0.0,0.0,0.0,0.0,3.37e-06,0.0075,0.0833
2357,Desulfomonile,4,0.9153,0.0057,0.0749,0.0103,0.1171,-8.9704,0.314,0.0,0.0,0.0,0.0,26,0,0.0,0.0,0.0,0.0,37,1.0,1.0,1.1,2.67,6.198,7.08,0.0,0.0,0.0,0.0,0.0,5.85e-06,0.0093,0.1046
545865,Calditerrivibrio,4,0.9153,0.0085,0.1007,0.0118,0.1381,-8.9643,0.3778,0.0,0.0,0.0,0.0,32,0,0.0,0.0,0.0,0.0,191,1.51,1.877,2.125,5.638,13.767,15.8,0.0,0.0,0.0,0.0,0.0,8.811e-05,0.0098,0.1213
395331,Methanoregula,4,0.9153,0.0032,0.0337,0.0055,0.061,-8.9724,0.2894,0.0,0.0,0.0,0.0,2,0,0.0,0.0,0.0,0.0,6,1.0,1.6,2.4,7.5,18.3,21.0,0.0,0.0,0.0,0.0,0.0,2.373e-06,0.0041,0.0475
28236,Petrotoga,4,0.9153,0.0053,0.0713,0.0057,0.0643,-8.9711,0.3023,0.0,0.0,0.0,0.0,24,0,0.0,0.0,0.0,0.0,9,1.0,1.0,1.5,5.475,13.815,15.9,0.0,0.0,0.0,0.0,0.0,4.26e-06,0.0044,0.0467
261825,Agarivorans,4,0.9153,0.0071,0.0845,0.0104,0.1296,-8.97,0.3216,0.0,0.0,0.0,0.0,23,0,0.0,0.0,0.0,0.0,75,1.395,1.849,2.0,2.114,2.388,2.4569565217391305,0.0,0.0,0.0,0.0,0.0,1.164e-05,0.0095,0.1213
2848171,Cognaticolwellia,4,0.9153,0.0049,0.0575,0.0085,0.0935,-8.9702,0.3127,0.0,0.0,0.0,0.0,8,0,0.0,0.0,0.0,0.0,21,1.0,1.112,1.24,1.795,2.911,3.19,0.0,0.0,0.0,0.0,0.0,5.398e-06,0.0077,0.0846
1755829,Ichthyobacterium,4,0.9153,0.0032,0.0337,0.0085,0.0926,-8.9669,0.3459,0.0,0.0,0.0,0.0,2,0,0.0,0.0,0.0,0.0,18,1.0,1.165,4.8,12.785,23.357,26.0,0.0,0.0,0.0,0.0,0.0,1.031e-05,0.0063,0.0721
1091,Chlorobium,4,0.9153,0.0041,0.0452,0.0089,0.1001,-8.9686,0.3312,0.0,0.0,0.0,0.0,4,0,0.0,0.0,0.0,0.0,17,1.0,1.0,1.5,2.087,2.297,2.35,0.0,0.0,0.0,0.0,0.0,6.443e-06,0.0084,0.095
1729679,Faecalibaculum,4,0.9153,0.0032,0.0337,0.007,0.0786,-8.9699,0.3151,0.0,0.0,0.0,0.0,2,0,0.0,0.0,0.0,0.0,18,1.0,1.0,1.055,2.77,6.754,7.75,0.0,0.0,0.0,0.0,0.0,7.609e-06,0.0062,0.0727
256846,Lentisphaera,4,0.9153,0.0032,0.0337,0.008,0.0906,-8.9721,0.2939,0.0,0.0,0.0,0.0,2,0,0.0,0.0,0.0,0.0,18,1.0,1.0,6.0,12.45,15.93,16.8,0.0,0.0,0.0,0.0,0.0,3.404e-06,0.0063,0.0743
182899,Persephonella,4,0.9153,0.0048,0.0535,0.0122,0.1279,-8.9633,0.3829,0.0,0.0,0.0,0.0,6,0,0.0,0.0,0.0,0.0,32,1.0,1.285,2.75,4.252,4.571,4.65,0.0,0.0,0.0,0.0,0.0,1.623e-05,0.0106,0.1107
411566,Candidatus Midichloria,4,0.9153,0.0043,0.0454,0.0102,0.1114,-8.9633,0.3846,0.0,0.0,0.0,0.0,3,0,0.0,0.0,0.0,0.0,36,1.0,1.0,1.375,4.862,12.332,14.2,0.0,0.0,0.0,0.0,0.0,3.233e-05,0.0088,0.0999
10491,Chloriridovirus,4,0.9153,0.0038,0.0447,0.0049,0.0557,-8.9604,0.4143,0.0,0.0,0.0,0.0,5,0,0.0,0.0,0.0,0.0,7,1.0,1.375,1.535,1.802,2.36,2.5,0.0,0.0,0.0,0.0,0.0,0.0001139,0.0049,0.0557
2202565,Genomoviridae sp.,4,0.9153,0.0036,0.038,0.0043,0.0454,-8.9607,0.4097,0.0,0.0,0.0,0.0,2,0,0.0,0.0,0.0,0.0,3,1.0,1.375,1.75,2.5,3.7,4.0,0.0,0.0,0.0,0.0,0.0,3.17e-05,0.0043,0.0454
2005380,Mariniblastus,4,0.9153,0.0034,0.038,0.0086,0.0908,-8.9719,0.2932,0.0,0.0,0.0,0.0,3,0,0.0,0.0,0.0,0.0,12,1.0,1.75,2.0,2.25,2.85,3.0,0.0,0.0,0.0,0.0,0.0,1.85e-06,0.0076,0.0817
59740,Persicobacter,4,0.9153,0.007,0.0809,0.0102,0.1159,-8.9714,0.3039,0.0,0.0,0.0,0.0,13,0,0.0,0.0,0.0,0.0,37,1.0,1.0,1.73,3.135,4.755,5.16,0.0,0.0,0.0,0.0,0.0,4.743e-06,0.009,0.1012
2303321,Superficieibacter,4,0.9153,0.0058,0.0755,0.008,0.0897,-8.971,0.3042,0.0,0.0,0.0,0.0,27,0,0.0,0.0,0.0,0.0,25,1.0,1.0,2.5,4.6,6.04,6.4,0.0,0.0,0.0,0.0,0.0,5.974e-06,0.0067,0.075
2675791,Enterobacteriaceae endosymbiont of Macroplea mutica,4,0.9153,0.0032,0.0337,0.0073,0.0806,-8.963,0.3863,0.0,0.0,0.0,0.0,2,0,0.0,0.0,0.0,0.0,15,1.0,1.0,1.2,3.975,10.155,11.7,0.0,0.0,0.0,0.0,0.0,3.266e-05,0.0064,0.074
1745211,Chania,4,0.9153,0.0028,0.0287,0.0052,0.0604,-8.9755,0.2582,0.0,0.0,0.0,0.0,1,0,0.0,0.0,0.0,0.0,7,1.0,1.0,1.5,3.465,6.981,7.86,0.0,0.0,0.0,0.0,0.0,1.375e-06,0.0041,0.0454
33073,Zymobacter,4,0.9153,0.0053,0.0638,0.0067,0.0774,-8.9713,0.302,0.0,0.0,0.0,0.0,12,0,0.0,0.0,0.0,0.0,17,1.0,1.0,1.6,3.283,5.88,6.53,0.0,0.0,0.0,0.0,0.0,5.822e-06,0.0056,0.0612
515417,Amphritea,4,0.9153,0.0054,0.0618,0.0071,0.0802,-8.9722,0.293,0.0,0.0,0.0,0.0,9,0,0.0,0.0,0.0,0.0,11,1.1,1.295,1.68,2.875,4.975,5.5,0.0,0.0,0.0,0.0,0.0,2.921e-06,0.0062,0.0727
1649317,Frederiksenia,4,0.9153,0.007,0.0788,0.0136,0.1525,-8.962,0.4004,0.0,0.0,0.0,0.0,12,0,0.0,0.0,0.0,0.0,276,1.03,1.105,1.565,3.11,5.774,6.44,0.0,0.0,0.0,0.0,0.0,0.0001369,0.0124,0.144
2802288,Dongshaea,4,0.9153,0.0061,0.0809,0.0083,0.0907,-8.9712,0.3013,0.0,0.0,0.0,0.0,36,0,0.0,0.0,0.0,0.0,16,1.0,1.75,2.0,4.975,12.115,13.9,0.0,0.0,0.0,0.0,0.0,3.268e-06,0.0066,0.0719
1524249,Pseudohongiella,4,0.9153,0.0063,0.076,0.0083,0.0923,-8.9698,0.3169,0.0,0.0,0.0,0.0,22,0,0.0,0.0,0.0,0.0,27,1.0,1.3,2.2,3.39,4.326,4.56,0.0,0.0,0.0,0.0,0.0,8.155e-06,0.0071,0.0788
1647175,Aestuariispira,4,0.9153,0.0083,0.0979,0.0124,0.1306,-8.9662,0.3532,0.0,0.0,0.0,0.0,53,0,0.0,0.0,0.0,0.0,47,1.6,1.93,7.07,12.725,14.225,14.6,0.0,0.0,0.0,0.0,0.0,1.1e-05,0.0094,0.0995
2767318,Boudabousia,4,0.9153,0.0058,0.0705,0.0128,0.141,-8.9631,0.3877,0.0,0.0,0.0,0.0,16,0,0.0,0.0,0.0,0.0,164,1.0,1.022,1.605,4.985,11.717,13.4,0.0,0.0,0.0,0.0,0.0,7.575e-05,0.0113,0.1298
1926677,Raoultibacter,4,0.9153,0.0058,0.0762,0.0082,0.0905,-8.9705,0.3094,0.0,0.0,0.0,0.0,28,0,0.0,0.0,0.0,0.0,20,1.0,1.0,1.5,4.5,10.5,12.0,0.0,0.0,0.0,0.0,0.0,5.07e-06,0.0069,0.0748
84108,Slackia,4,0.9153,0.0047,0.0601,0.0088,0.0941,-8.9688,0.3258,0.0,0.0,0.0,0.0,13,0,0.0,0.0,0.0,0.0,18,1.0,1.502,1.96,9.312,26.262,30.5,0.0,0.0,0.0,0.0,0.0,5.793e-06,0.0068,0.0758
2767884,Lapidilactobacillus,4,0.9153,0.0052,0.0593,0.0096,0.1078,-8.9661,0.3568,0.0,0.0,0.0,0.0,9,0,0.0,0.0,0.0,0.0,21,1.0,1.045,1.27,3.242,7.472,8.53,0.0,0.0,0.0,0.0,0.0,1.18e-05,0.0084,0.0952
2978367,Nicoliella,4,0.9153,0.0044,0.0506,0.0081,0.092,-8.9683,0.334,0.0,0.0,0.0,0.0,6,0,0.0,0.0,0.0,0.0,22,1.0,1.578,1.885,3.205,6.097,6.82,0.0,0.0,0.0,0.0,0.0,1.092e-05,0.0068,0.0787
1769710,Sellimonas,4,0.9153,0.0047,0.0601,0.0081,0.0926,-8.97,0.3166,0.0,0.0,0.0,0.0,13,0,0.0,0.0,0.0,0.0,21,1.0,1.0,1.0,3.95,11.03,12.8,0.0,0.0,0.0,0.0,0.0,6.829e-06,0.0069,0.0778
79206,Desulfosporosinus,4,0.9153,0.0044,0.0538,0.0061,0.0654,-8.974,0.2719,0.0,0.0,0.0,0.0,9,0,0.0,0.0,0.0,0.0,6,1.0,1.0,1.0,3.375,9.075,10.5,0.0,0.0,0.0,0.0,0.0,1.267e-06,0.0052,0.056
2838170,Alkalicella,4,0.9153,0.0064,0.0706,0.009,0.0943,-8.969,0.3233,0.0,0.0,0.0,0.0,12,0,0.0,0.0,0.0,0.0,14,1.0,1.105,1.89,2.98,3.796,4.0,0.0,0.0,0.0,0.0,0.0,4.009e-06,0.0079,0.0839
698776,Cellulosilyticum,4,0.9153,0.0049,0.0599,0.0068,0.0772,-8.9696,0.3187,0.0,0.0,0.0,0.0,11,0,0.0,0.0,0.0,0.0,11,1.0,1.75,3.365,5.548,7.509,8.0,0.0,0.0,0.0,0.0,0.0,5.485e-06,0.0053,0.0634
129957,Carboxydothermus,4,0.9153,0.0034,0.038,0.0074,0.0826,-8.9695,0.32,0.0,0.0,0.0,0.0,3,0,0.0,0.0,0.0,0.0,9,1.0,1.833,2.555,4.5,8.1,9.0,0.0,0.0,0.0,0.0,0.0,3.822e-06,0.006,0.0683
28186,Acetohalobium,4,0.9153,0.0034,0.038,0.0069,0.0793,-8.9702,0.3133,0.0,0.0,0.0,0.0,3,0,0.0,0.0,0.0,0.0,17,1.0,1.75,2.125,2.968,4.689,5.12,0.0,0.0,0.0,0.0,0.0,7.14e-06,0.0056,0.0623
2807497,Natranaerofaba,4,0.9153,0.0034,0.038,0.0097,0.1075,-8.968,0.3359,0.0,0.0,0.0,0.0,3,0,0.0,0.0,0.0,0.0,32,1.0,1.42,1.615,3.17,6.77,7.669999999999999,0.0,0.0,0.0,0.0,0.0,1.004e-05,0.0084,0.0927
2173039,Arcticibacterium,4,0.9153,0.0063,0.0725,0.0097,0.1047,-8.9699,0.3149,0.0,0.0,0.0,0.0,14,0,0.0,0.0,0.0,0.0,32,1.0,1.188,3.225,6.975,11.235,12.3,0.0,0.0,0.0,0.0,0.0,6.009e-06,0.008,0.0905
1522128,Catalinimonas,4,0.9153,0.0048,0.0556,0.0055,0.059,-8.9761,0.2501,0.0,0.0,0.0,0.0,7,0,0.0,0.0,0.0,0.0,6,1.0,1.0,3.0,8.75,17.75,20.0,0.0,0.0,0.0,0.0,0.0,8.5e-07,0.0042,0.0493
2975260,Parvicella,4,0.9153,0.0056,0.0629,0.0096,0.1032,-8.9688,0.326,0.0,0.0,0.0,0.0,7,0,0.0,0.0,0.0,0.0,27,1.0,1.893,4.595,7.433,8.47,8.73,0.0,0.0,0.0,0.0,0.0,6.847e-06,0.0076,0.0844
134550,Candidatus Xiphinematobacter,4,0.9153,0.0089,0.0954,0.0141,0.1496,-8.9582,0.436,0.0,0.0,0.0,0.0,18,0,0.0,0.0,0.0,0.0,99,1.02,1.185,1.715,4.668,10.613,12.1,0.0,0.0,0.0,0.0,0.0,0.0001084,0.0125,0.1369
427922,Desulfurivibrio,4,0.9153,0.0055,0.066,0.0068,0.0833,-8.9717,0.3003,0.0,0.0,0.0,0.0,12,0,0.0,0.0,0.0,0.0,24,1.0,1.0,1.73,3.282,5.256,5.75,0.0,0.0,0.0,0.0,0.0,7.968e-06,0.0056,0.0685
2886823,Desulfosediminicola,4,0.9153,0.0048,0.0556,0.0085,0.0904,-8.9718,0.2948,0.0,0.0,0.0,0.0,7,0,0.0,0.0,0.0,0.0,12,1.0,2.5,3.5,5.95,10.63,11.8,0.0,0.0,0.0,0.0,0.0,1.809e-06,0.0065,0.0717
29526,Syntrophobacter,4,0.9153,0.0064,0.0842,0.0145,0.153,-8.9645,0.3712,0.0,0.0,0.0,0.0,39,0,0.0,0.0,0.0,0.0,83,1.06,1.435,4.705,8.137,8.827,9.0,0.0,0.0,0.0,0.0,0.0,1.719e-05,0.0123,0.1334
60892,Desulfobacca,4,0.9153,0.0073,0.0885,0.0091,0.0983,-8.9687,0.3274,0.0,0.0,0.0,0.0,37,0,0.0,0.0,0.0,0.0,22,1.0,1.172,1.28,5.023,13.884,16.1,0.0,0.0,0.0,0.0,0.0,6.807e-06,0.0076,0.0843
2811506,Dissulfurispira,4,0.9153,0.0072,0.0869,0.0087,0.0982,-8.9681,0.3358,0.0,0.0,0.0,0.0,37,0,0.0,0.0,0.0,0.0,22,1.38,1.627,4.855,12.5,23.3,26.0,0.0,0.0,0.0,0.0,0.0,9.524e-06,0.0064,0.0752
84404,Hippea,4,0.9153,0.0076,0.1191,0.0095,0.1008,-8.9655,0.3605,0.0,0.0,0.0,0.0,273,0,0.0,0.0,0.0,0.0,24,1.0,1.218,1.48,75.252,251.85,296.0,0.0,0.0,0.0,0.0,0.0,1.477e-05,0.0076,0.0898
13,Dictyoglomus,4,0.9153,0.0032,0.0337,0.0043,0.0454,-8.973,0.2818,0.0,0.0,0.0,0.0,2,0,0.0,0.0,0.0,0.0,3,1.0,1.0,1.0,1.0,1.0,1.0,0.0,0.0,0.0,0.0,0.0,1.097e-06,0.0043,0.0454
2842588,Ceceduovirus,4,0.9153,0.0083,0.0931,0.0099,0.1029,-8.956,0.4585,0.0,0.0,0.0,0.0,33,0,0.0,0.0,0.0,0.0,11,2.36,2.772,3.0,10.043,26.728,30.9,0.0,0.0,0.0,0.0,0.0,6.435e-05,0.0099,0.1029
2732062,Guelphvirus,4,0.9153,0.0067,0.0774,0.0095,0.107,-8.9506,0.5176,0.0,0.0,0.0,0.0,17,0,0.0,0.0,0.0,0.0,25,1.0,1.09,2.4,6.96,14.832,16.8,0.0,0.0,0.0,0.0,0.0,0.0007024,0.0095,0.107
2843421,Menderavirus,4,0.9153,0.007,0.0861,0.0028,0.0287,-8.9606,0.4103,0.0,0.0,0.0,0.0,19,0,0.0,0.0,0.0,0.0,1,1.0,1.0,7.5,15.25,18.25,19.0,0.0,0.0,0.0,0.0,0.0,2.012e-05,0.0028,0.0287
2948660,Chaovirus,4,0.9153,0.0066,0.071,0.016,0.1666,-8.9449,0.5737,0.0,0.0,0.0,0.0,8,0,0.0,0.0,0.0,0.0,72,1.0,1.127,1.285,2.96,6.704,7.64,0.0,0.0,0.0,0.0,0.0,0.001371,0.016,0.1666
2948870,Pormufvirus,4,0.9153,0.0066,0.0736,0.012,0.1303,-8.9476,0.5478,0.0,0.0,0.0,0.0,10,0,0.0,0.0,0.0,0.0,75,1.0,1.0,1.22,1.58,1.916,2.0,0.0,0.0,0.0,0.0,0.0,0.002128,0.012,0.1303
2003394,Alphaendornavirus,4,0.9153,0.0084,0.1107,0.0193,0.2047,-8.9365,0.6624,0.0,0.0,0.0,0.0,128,0,0.0,0.0,0.0,0.0,393,1.0,1.0,1.5,5.4,13.56,15.6,0.0,0.0,0.0,0.0,0.0,0.02679,0.0193,0.2047
2811091,Cotonvirus japonicus,4,0.9153,0.0053,0.0602,0.0069,0.0798,-8.9682,0.3341,0.0,0.0,0.0,0.0,8,0,0.0,0.0,0.0,0.0,22,1.0,1.375,1.5,3.125,7.025,8.0,0.0,0.0,0.0,0.0,0.0,1.527e-05,0.0069,0.0798
1266,Sarcina,4,0.9153,0.0028,0.0287,0.0085,0.0907,-8.9684,0.3305,0.0,0.0,0.0,0.0,1,0,0.0,0.0,0.0,0.0,19,1.0,1.0,1.0,1.0,1.0,1.0,0.0,0.0,0.0,0.0,0.0,7.46e-06,0.0085,0.0907
3045815,Trichothermofontia,4,0.9153,0.0034,0.038,0.0087,0.0966,-8.9702,0.312,0.0,0.0,0.0,0.0,3,0,0.0,0.0,0.0,0.0,32,1.0,1.0,1.25,2.018,3.259,3.57,0.0,0.0,0.0,0.0,0.0,7.375e-06,0.008,0.089
223785,Hydrogenimonas,4,0.9153,0.0032,0.0337,0.0062,0.074,-8.9711,0.3046,0.0,0.0,0.0,0.0,2,0,0.0,0.0,0.0,0.0,13,1.0,1.0,1.0,1.25,1.85,2.0,0.0,0.0,0.0,0.0,0.0,5.818e-06,0.006,0.0735
1193324,Alkalitalea,4,0.9153,0.0032,0.0337,0.0069,0.0754,-8.9725,0.2872,0.0,0.0,0.0,0.0,2,0,0.0,0.0,0.0,0.0,9,1.0,1.0,1.165,1.343,1.372,1.38,0.0,0.0,0.0,0.0,0.0,1.972e-06,0.0067,0.072
2910986,Paradesulfovibrio (ex Waite et al. 2020),4,0.9153,0.0041,0.0454,0.0079,0.0914,-8.9703,0.3129,0.0,0.0,0.0,0.0,3,0,0.0,0.0,0.0,0.0,25,1.0,1.0,1.75,3.375,5.475,6.0,0.0,0.0,0.0,0.0,0.0,7.739e-06,0.0072,0.0881
2302,Thermoplasma,4,0.9153,0.0051,0.0585,0.0045,0.0487,-8.9714,0.2981,0.0,0.0,0.0,0.0,6,0,0.0,0.0,0.0,0.0,3,1.0,2.5,4.0,5.082,5.28,5.33,0.0,0.0,0.0,0.0,0.0,1.924e-06,0.0031,0.0327
2969597,Yangshan Harbor Nitrososphaeria virus,4,0.9153,0.0034,0.038,0.0063,0.0662,-8.9596,0.4212,0.0,0.0,0.0,0.0,3,0,0.0,0.0,0.0,0.0,6,1.0,1.562,1.875,2.375,3.275,3.5,0.0,0.0,0.0,0.0,0.0,4.079e-05,0.0063,0.0662
53572,Deferribacter,4,0.9153,0.0043,0.048,0.0083,0.0881,-8.9684,0.3297,0.0,0.0,0.0,0.0,5,0,0.0,0.0,0.0,0.0,14,1.0,1.0,1.165,1.498,1.899,2.0,0.0,0.0,0.0,0.0,0.0,5.619e-06,0.0079,0.0829
2360,Bathymodiolus thermophilus thioautotrophic gill symbiont,4,0.9153,0.0028,0.0287,0.006,0.068,-8.9714,0.3003,0.0,0.0,0.0,0.0,1,0,0.0,0.0,0.0,0.0,9,1.0,1.0,1.0,1.417,2.419,2.67,0.0,0.0,0.0,0.0,0.0,3.737e-06,0.0056,0.0634
10358,Cytomegalovirus,4,0.9153,0.0114,0.138,0.0242,0.279,-8.9428,0.6091,0.0,0.0,0.0,0.0,222,0,0.0,0.0,0.0,0.0,16537,1.0,1.0,1.125,1.25,1.25,1.25,0.0,0.0,0.0,0.0,0.0,0.07257,0.0242,0.279
369400,Flaviramulus,4,0.9153,0.0049,0.0561,0.0076,0.0854,-8.9708,0.3069,0.0,0.0,0.0,0.0,6,0,0.0,0.0,0.0,0.0,13,1.0,1.0,1.5,2.2,2.68,2.7999999999999994,0.0,0.0,0.0,0.0,0.0,3.802e-06,0.0069,0.0774
2025333,Rosellinia necatrix partitivirus 8,4,0.9153,0.0028,0.0287,0.0059,0.0674,-8.9466,0.5569,0.0,0.0,0.0,0.0,1,0,0.0,0.0,0.0,0.0,13,1.0,1.0,1.0,4.875,14.175,16.5,0.0,0.0,0.0,0.0,0.0,0.002751,0.0059,0.0674
2899790,Mergibacter,4,0.9153,0.0051,0.0563,0.0101,0.1149,-8.9671,0.3465,0.0,0.0,0.0,0.0,6,0,0.0,0.0,0.0,0.0,82,1.0,1.0,1.03,1.51,2.59,2.86,0.0,0.0,0.0,0.0,0.0,2.888e-05,0.0097,0.1113
2837502,Ectobacillus,4,0.9153,0.0049,0.0561,0.0099,0.1112,-8.9684,0.3319,0.0,0.0,0.0,0.0,6,0,0.0,0.0,0.0,0.0,59,1.0,1.052,1.37,1.94,2.588,2.75,0.0,0.0,0.0,0.0,0.0,1.561e-05,0.0092,0.1053
1502725,Effusibacillus,4,0.9153,0.0086,0.1204,0.011,0.1339,-8.967,0.3513,0.0,0.0,0.0,0.0,240,0,0.0,0.0,0.0,0.0,259,1.5,1.627,3.19,7.207,13.201,14.7,0.0,0.0,0.0,0.0,0.0,7.671e-05,0.0087,0.104
648802,Rummeliibacillus,4,0.9153,0.0032,0.0337,0.007,0.0757,-8.9687,0.3266,0.0,0.0,0.0,0.0,2,0,0.0,0.0,0.0,0.0,10,1.0,1.0,1.0,1.0,1.0,1.0,0.0,0.0,0.0,0.0,0.0,4.888e-06,0.007,0.0757
169682,Myohalovirus,4,0.9153,0.0064,0.0708,0.0154,0.1733,-8.9459,0.5679,0.0,0.0,0.0,0.0,8,0,0.0,0.0,0.0,0.0,350,1.0,1.0,1.0,1.75,3.55,4.0,0.0,0.0,0.0,0.0,0.0,0.006345,0.0154,0.1733
675845,Emaravirus,4,0.9153,0.0065,0.0722,0.0095,0.1025,-8.9487,0.5344,0.0,0.0,0.0,0.0,9,0,0.0,0.0,0.0,0.0,18,1.1675,1.289,1.404,1.577,1.815,1.875,0.0,0.0,0.0,0.0,0.0,0.0009172,0.0095,0.1025
5712,Bodo,4,0.9153,0.0036,0.038,0.012,0.1255,-8.975,0.2606,0.0,0.0,0.0,0.0,2,0,0.0,0.0,0.0,0.0,32,1.0,1.0,1.045,1.318,1.863,2.0,0.0,0.0,0.0,0.0,0.0,8.911e-07,0.0116,0.1223
2689589,Staphylospora,4,0.9153,0.0052,0.0651,0.0078,0.0838,-8.9694,0.3199,0.0,0.0,0.0,0.0,15,0,0.0,0.0,0.0,0.0,12,1.0,1.188,2.29,7.398,17.159,19.6,0.0,0.0,0.0,0.0,0.0,4.441e-06,0.0061,0.0664
3065395,Thermocoleostomius,4,0.9153,0.005,0.0613,0.0095,0.1084,-8.9707,0.3097,0.0,0.0,0.0,0.0,12,0,0.0,0.0,0.0,0.0,51,1.0,1.0,1.2,1.452,1.579,1.61,0.0,0.0,0.0,0.0,0.0,8.911e-06,0.0091,0.1038
548688,Percavirus,4,0.9153,0.0038,0.0419,0.0056,0.0648,-8.962,0.3969,0.0,0.0,0.0,0.0,3,0,0.0,0.0,0.0,0.0,11,1.0,1.0,1.0,1.108,1.368,1.4333333333333333,0.0,0.0,0.0,0.0,0.0,3.678e-05,0.0056,0.0648
1406885,Aliiglaciecola,4,0.9153,0.0052,0.0605,0.0081,0.0888,-8.971,0.3044,0.0,0.0,0.0,0.0,6,0,0.0,0.0,0.0,0.0,18,1.0,1.0,1.335,1.78,2.044,2.11,0.0,0.0,0.0,0.0,0.0,4.223e-06,0.0075,0.0819
2042066,Paraphotobacterium,4,0.9153,0.0043,0.0519,0.006,0.0718,-8.9717,0.2983,0.0,0.0,0.0,0.0,8,0,0.0,0.0,0.0,0.0,10,1.0,1.0,1.165,1.473,1.814,1.9,0.0,0.0,0.0,0.0,0.0,3.996e-06,0.0056,0.066
2066071,Bacterioplanoides,4,0.9153,0.0074,0.0853,0.0109,0.1139,-8.9672,0.3412,0.0,0.0,0.0,0.0,23,0,0.0,0.0,0.0,0.0,17,1.0,1.218,1.8,6.357,16.071,18.5,0.0,0.0,0.0,0.0,0.0,4.423e-06,0.0091,0.0973
1235283,Abyssogena phaseoliformis symbiont OG214,4,0.9153,0.0038,0.0419,0.0068,0.0719,-8.9674,0.3397,0.0,0.0,0.0,0.0,3,0,0.0,0.0,0.0,0.0,7,1.0,1.75,2.0,2.035,2.119,2.14,0.0,0.0,0.0,0.0,0.0,5.623e-06,0.006,0.063
227388,Thermodesulfobium,4,0.9153,0.0036,0.038,0.0044,0.0485,-8.9726,0.2864,0.0,0.0,0.0,0.0,2,0,0.0,0.0,0.0,0.0,4,1.0,1.0,1.0,1.0,1.0,1.0,0.0,0.0,0.0,0.0,0.0,1.754e-06,0.0044,0.0485
200903,Paraliobacillus,4,0.9153,0.0041,0.0452,0.0058,0.0633,-8.9729,0.2826,0.0,0.0,0.0,0.0,4,0,0.0,0.0,0.0,0.0,7,1.0,1.427,1.785,2.125,2.425,2.5,0.0,0.0,0.0,0.0,0.0,1.943e-06,0.0052,0.0571
2192,Methanocorpusculum,4,0.9153,0.0038,0.0419,0.0079,0.0836,-8.9676,0.3381,0.0,0.0,0.0,0.0,3,0,0.0,0.0,0.0,0.0,9,1.0,1.0,2.25,3.958,5.055,5.33,0.0,0.0,0.0,0.0,0.0,5.054e-06,0.0067,0.0712
2905569,Hangzhou scotinophara lurida lispivirus 1,4,0.9153,0.0028,0.0287,0.0038,0.0419,-8.9536,0.4838,0.0,0.0,0.0,0.0,1,0,0.0,0.0,0.0,0.0,3,1.0,1.0,1.0,1.0,1.0,1.0,0.0,0.0,0.0,0.0,0.0,0.0002255,0.0038,0.0419
1147042,Staphylococcus phage StB12,4,0.9153,0.0071,0.0876,0.0179,0.1913,-8.941,0.6166,0.0,0.0,0.0,0.0,21,0,0.0,0.0,0.0,0.0,506,1.0,1.0,1.195,6.367,18.313,21.3,0.0,0.0,0.0,0.0,0.0,0.01617,0.0179,0.1913
1682492,Candidatus Tachikawaea,4,0.9153,0.0034,0.038,0.0055,0.0609,-8.9669,0.3455,0.0,0.0,0.0,0.0,3,0,0.0,0.0,0.0,0.0,7,1.0,1.0,1.0,1.083,1.28,1.33,0.0,0.0,0.0,0.0,0.0,1.016e-05,0.0054,0.0599
1562,Desulfotomaculum,3,0.6865,0.0021,0.0249,0.0103,0.1278,-8.9721,0.3371,0.0,0.0,0.0,0.0,1,0,0.0,0.0,0.0,0.0,90,1.13,1.175,1.22,1.235,1.247,1.25,0.0,0.0,0.0,0.0,0.0,3.372e-05,0.0101,0.125
843,Wolinella,3,0.6865,0.0036,0.0432,0.0111,0.1352,-8.9705,0.3554,0.0,0.0,0.0,0.0,3,0,0.0,0.0,0.0,0.0,85,1.0,1.495,1.99,2.215,2.395,2.44,0.0,0.0,0.0,0.0,0.0,4.117e-05,0.0104,0.126
2270,Thermoproteus,3,0.6865,0.0025,0.0305,0.0047,0.0573,-8.9775,0.2718,0.0,0.0,0.0,0.0,2,0,0.0,0.0,0.0,0.0,5,1.0,1.0,1.0,1.5,1.9,2.0,0.0,0.0,0.0,0.0,0.0,2.604e-06,0.0044,0.0537
2733123,Phabquatrovirus,3,0.6865,0.0043,0.0633,0.0044,0.0545,-8.9688,0.3764,0.0,0.0,0.0,0.0,17,0,0.0,0.0,0.0,0.0,6,1.0,1.0,1.0,5.85,9.73,10.7,0.0,0.0,0.0,0.0,0.0,6.428e-05,0.0044,0.0545
2560082,Actinovirus,3,0.6865,0.0021,0.0249,0.0021,0.0249,-8.9663,0.4053,0.0,0.0,0.0,0.0,1,0,0.0,0.0,0.0,0.0,1,1.0,1.0,1.0,1.5,1.9,2.0,0.0,0.0,0.0,0.0,0.0,7.996e-05,0.0021,0.0249
1285591,Glossinavirus,3,0.6865,0.0021,0.0249,0.0058,0.0708,-8.9691,0.3725,0.0,0.0,0.0,0.0,1,0,0.0,0.0,0.0,0.0,9,1.0,1.0,1.0,1.085,1.153,1.17,0.0,0.0,0.0,0.0,0.0,4.787e-05,0.0058,0.0708
2944627,Paenalkalicoccus,3,0.6865,0.0021,0.0249,0.0036,0.0459,-8.9811,0.2284,0.0,0.0,0.0,0.0,1,0,0.0,0.0,0.0,0.0,5,1.0,1.0,1.0,2.5,3.7,4.0,0.0,0.0,0.0,0.0,0.0,1.301e-06,0.0033,0.0444
482460,Sediminibacillus,3,0.6865,0.0021,0.0249,0.0043,0.0545,-8.9803,0.2384,0.0,0.0,0.0,0.0,1,0,0.0,0.0,0.0,0.0,5,1.0,1.0,1.0,1.5,1.9,2.0,0.0,0.0,0.0,0.0,0.0,1.252e-06,0.0041,0.0537
42837,Ammonifex,3,0.6865,0.0043,0.0633,0.004,0.0529,-8.9788,0.2574,0.0,0.0,0.0,0.0,17,0,0.0,0.0,0.0,0.0,8,1.0,1.0,1.0,3.375,5.275,5.75,0.0,0.0,0.0,0.0,0.0,3.911e-06,0.0032,0.0406
2946507,Microvenator,3,0.6865,0.0052,0.0682,0.0069,0.0826,-8.9781,0.2635,0.0,0.0,0.0,0.0,15,0,0.0,0.0,0.0,0.0,10,1.2,2.1,3.0,19.6,32.88,36.2,0.0,0.0,0.0,0.0,0.0,1.718e-06,0.005,0.0636
1623292,Omegavirus,3,0.6865,0.0032,0.0424,0.0036,0.0459,-8.9667,0.4016,0.0,0.0,0.0,0.0,5,0,0.0,0.0,0.0,0.0,5,1.0,1.1,1.2,5.6,9.12,10.0,0.0,0.0,0.0,0.0,0.0,0.0001643,0.0036,0.0459
2733153,Colossusvirus,3,0.6865,0.0021,0.0249,0.0034,0.0429,-8.9733,0.3224,0.0,0.0,0.0,0.0,1,0,0.0,0.0,0.0,0.0,4,1.0,1.5,2.0,5.0,7.4,8.0,0.0,0.0,0.0,0.0,0.0,1.598e-05,0.0034,0.0429
10270,Leporipoxvirus,3,0.6865,0.0025,0.0305,0.0029,0.0353,-8.9722,0.3348,0.0,0.0,0.0,0.0,2,0,0.0,0.0,0.0,0.0,2,1.0,1.25,1.5,1.75,1.95,2.0,0.0,0.0,0.0,0.0,0.0,1.405e-05,0.0029,0.0353
5144,Podospora,3,0.6865,0.0053,0.0774,0.0072,0.0954,-8.9831,0.2086,0.0,0.0,0.0,0.0,32,0,0.0,0.0,0.0,0.0,45,1.0,1.5,2.0,3.945,5.501,5.89,0.0,0.0,0.0,0.0,0.0,1.399e-06,0.006,0.0777
302781,Monocercomonoides,3,0.6865,0.0025,0.0305,0.0038,0.0466,-8.9881,0.1431,0.0,0.0,0.0,0.0,2,0,0.0,0.0,0.0,0.0,3,1.0,1.0,1.0,1.335,1.603,1.67,0.0,0.0,0.0,0.0,0.0,6.13e-08,0.0037,0.0443
2913017,Aggregatimonas,3,0.6865,0.0025,0.0305,0.0058,0.0718,-8.9787,0.2573,0.0,0.0,0.0,0.0,2,0,0.0,0.0,0.0,0.0,10,1.0,1.0,1.0,1.0,1.0,1.0,0.0,0.0,0.0,0.0,0.0,2.141e-06,0.0058,0.0718
4815,Spizellomyces,3,0.6865,0.0047,0.0721,0.0055,0.073,-8.9839,0.1967,0.0,0.0,0.0,0.0,27,0,0.0,0.0,0.0,0.0,20,1.0,1.0,1.0,6.2,10.36,11.4,0.0,0.0,0.0,0.0,0.0,8.838e-07,0.0044,0.0543
2862451,Adhaeretor,3,0.6865,0.0021,0.0249,0.004,0.0529,-8.9819,0.2196,0.0,0.0,0.0,0.0,1,0,0.0,0.0,0.0,0.0,8,1.0,1.0,1.0,1.0,1.0,1.0,0.0,0.0,0.0,0.0,0.0,1.354e-06,0.004,0.0529
449810,Lutimonas,3,0.6865,0.0021,0.0249,0.0032,0.0394,-8.9814,0.2251,0.0,0.0,0.0,0.0,1,0,0.0,0.0,0.0,0.0,3,1.0,1.0,1.0,1.5,1.9,2.0,0.0,0.0,0.0,0.0,0.0,8.572e-07,0.003,0.0383
2810357,Jinshanibacter,3,0.6865,0.0037,0.0519,0.0069,0.0868,-8.9772,0.2763,0.0,0.0,0.0,0.0,9,0,0.0,0.0,0.0,0.0,23,1.0,1.0,1.0,1.61,2.098,2.22,0.0,0.0,0.0,0.0,0.0,5.419e-06,0.0066,0.081
475230,Pullulanibacillus,3,0.6865,0.0025,0.0305,0.0056,0.0711,-8.9791,0.2536,0.0,0.0,0.0,0.0,2,0,0.0,0.0,0.0,0.0,14,1.0,1.07,1.14,1.77,2.274,2.4,0.0,0.0,0.0,0.0,0.0,3.013e-06,0.0052,0.0665
98443,Richelia,3,0.6865,0.0043,0.0522,0.0054,0.0664,-8.9797,0.2448,0.0,0.0,0.0,0.0,5,0,0.0,0.0,0.0,0.0,10,1.0,1.1,1.2,1.765,2.217,2.33,0.0,0.0,0.0,0.0,0.0,1.818e-06,0.005,0.0627
2987594,Rasiella,3,0.6865,0.0021,0.0249,0.0029,0.0353,-8.9816,0.2221,0.0,0.0,0.0,0.0,1,0,0.0,0.0,0.0,0.0,2,1.0,1.5,2.0,2.5,2.9,3.0,0.0,0.0,0.0,0.0,0.0,6.07e-07,0.0024,0.0307
45989,Methanoculleus,3,0.6865,0.0021,0.0249,0.0054,0.067,-8.9782,0.2629,0.0,0.0,0.0,0.0,1,0,0.0,0.0,0.0,0.0,9,1.0,1.0,1.0,1.3,1.54,1.6,0.0,0.0,0.0,0.0,0.0,2.192e-06,0.0053,0.0648
1649298,Siccibacter,3,0.6865,0.004,0.0584,0.0063,0.0811,-8.9773,0.2747,0.0,0.0,0.0,0.0,13,0,0.0,0.0,0.0,0.0,17,1.0,1.2,1.4,3.79,5.702,6.180000000000001,0.0,0.0,0.0,0.0,0.0,4.858e-06,0.0054,0.0672
2732686,Kayfunavirus,3,0.6865,0.0021,0.0249,0.0087,0.1082,-8.9592,0.4924,0.0,0.0,0.0,0.0,1,0,0.0,0.0,0.0,0.0,50,1.0,1.0,1.0,1.04,1.072,1.08,0.0,0.0,0.0,0.0,0.0,0.002227,0.0087,0.1082
313602,Flavobacteriales incertae sedis,3,0.6865,0.0043,0.0596,0.0165,0.199,-8.9657,0.4135,0.0,0.0,0.0,0.0,12,0,0.0,0.0,0.0,0.0,342,2.07,2.69,3.31,4.33,5.146,5.349999999999999,0.0,0.0,0.0,0.0,0.0,0.0001356,0.0147,0.1781
1481960,Peptoclostridium,3,0.6865,0.0032,0.0424,0.0072,0.0947,-8.9758,0.294,0.0,0.0,0.0,0.0,5,0,0.0,0.0,0.0,0.0,48,1.0,1.95,2.9,6.285,8.993,9.67,0.0,0.0,0.0,0.0,0.0,1.668e-05,0.006,0.082
538999,Eubacteriales incertae sedis,3,0.6865,0.0029,0.0353,0.0158,0.192,-8.9748,0.3048,0.0,0.0,0.0,0.0,2,0,0.0,0.0,0.0,0.0,502,1.47,2.07,2.67,7.885,12.057,13.1,0.0,0.0,0.0,0.0,0.0,1.191e-05,0.0139,0.1677
274470,Alkalibacter,3,0.6865,0.0021,0.0249,0.0058,0.0697,-8.9767,0.2804,0.0,0.0,0.0,0.0,1,0,0.0,0.0,0.0,0.0,7,1.0,1.0,1.0,1.415,1.747,1.83,0.0,0.0,0.0,0.0,0.0,2.901e-06,0.0055,0.0668
2282742,Desulfofarcimen,3,0.6865,0.0032,0.0394,0.0081,0.1037,-8.9759,0.2921,0.0,0.0,0.0,0.0,3,0,0.0,0.0,0.0,0.0,50,1.0,1.5,2.0,5.875,8.975,9.75,0.0,0.0,0.0,0.0,0.0,1.164e-05,0.007,0.094
2840454,Candidatus Formimonas,3,0.6865,0.0029,0.0353,0.0063,0.0807,-8.9791,0.2536,0.0,0.0,0.0,0.0,2,0,0.0,0.0,0.0,0.0,13,1.0,1.04,1.08,1.54,1.908,2.0,0.0,0.0,0.0,0.0,0.0,2.066e-06,0.0061,0.079
2692382,Gudongella,3,0.6865,0.0033,0.0394,0.0075,0.0922,-8.9746,0.3063,0.0,0.0,0.0,0.0,2,0,0.0,0.0,0.0,0.0,22,1.0,1.475,1.95,2.565,3.057,3.18,0.0,0.0,0.0,0.0,0.0,9.686e-06,0.0067,0.0819
2903100,Mariniplasma,3,0.6865,0.0033,0.0452,0.0063,0.0795,-8.9756,0.2959,0.0,0.0,0.0,0.0,6,0,0.0,0.0,0.0,0.0,14,1.0,4.0,7.0,8.6,9.88,10.2,0.0,0.0,0.0,0.0,0.0,7.509e-06,0.0047,0.0652
2975521,Xianfuyuplasma,3,0.6865,0.0033,0.0452,0.009,0.1103,-8.9726,0.3305,0.0,0.0,0.0,0.0,6,0,0.0,0.0,0.0,0.0,33,1.0,1.45,1.9,2.02,2.116,2.14,0.0,0.0,0.0,0.0,0.0,1.694e-05,0.0083,0.1038
2967962,Brucepastera,3,0.6865,0.0048,0.0622,0.008,0.1003,-8.9751,0.3009,0.0,0.0,0.0,0.0,9,0,0.0,0.0,0.0,0.0,35,1.0,3.0,5.0,5.83,6.494,6.66,0.0,0.0,0.0,0.0,0.0,1.092e-05,0.0065,0.0826
2845254,Breznakiella,3,0.6865,0.0029,0.0353,0.0061,0.0746,-8.9783,0.2614,0.0,0.0,0.0,0.0,2,0,0.0,0.0,0.0,0.0,12,1.0,1.0,1.0,2.335,3.403,3.67,0.0,0.0,0.0,0.0,0.0,2.604e-06,0.0056,0.0693
1616789,Salinispira,3,0.6865,0.0028,0.0352,0.0062,0.077,-8.9775,0.2714,0.0,0.0,0.0,0.0,3,0,0.0,0.0,0.0,0.0,12,1.0,1.39,1.78,2.055,2.275,2.33,0.0,0.0,0.0,0.0,0.0,3.272e-06,0.0056,0.0684
2803301,Poriferisphaera,3,0.6865,0.0021,0.0249,0.0044,0.0545,-8.9802,0.2392,0.0,0.0,0.0,0.0,1,0,0.0,0.0,0.0,0.0,6,1.0,1.0,1.0,1.165,1.297,1.33,0.0,0.0,0.0,0.0,0.0,1.401e-06,0.0043,0.0527
160798,Marinitoga,3,0.6865,0.0025,0.0305,0.0038,0.0466,-8.977,0.2797,0.0,0.0,0.0,0.0,2,0,0.0,0.0,0.0,0.0,3,1.0,1.0,1.0,1.0,1.0,1.0,0.0,0.0,0.0,0.0,0.0,1.049e-05,0.0038,0.0466
1269028,Acanthamoeba polyphaga moumouvirus,3,0.6865,0.0034,0.0431,0.0056,0.0709,-8.9743,0.3105,0.0,0.0,0.0,0.0,3,0,0.0,0.0,0.0,0.0,11,1.0,1.215,1.43,1.465,1.493,1.5,0.0,0.0,0.0,0.0,0.0,1.135e-05,0.0056,0.0709
2202,Methanospirillum,3,0.6865,0.0021,0.0249,0.0067,0.0998,-8.9763,0.2929,0.0,0.0,0.0,0.0,1,0,0.0,0.0,0.0,0.0,87,1.0,1.0,1.0,1.0,1.0,1.0,0.0,0.0,0.0,0.0,0.0,2.591e-05,0.0067,0.0998
2546365,Rippkaea,3,0.6865,0.0041,0.0548,0.0055,0.0737,-8.9794,0.2516,0.0,0.0,0.0,0.0,9,0,0.0,0.0,0.0,0.0,17,1.0,1.0,1.0,1.645,2.161,2.29,0.0,0.0,0.0,0.0,0.0,3.644e-06,0.0051,0.0673
65097,Euhalothece,3,0.6865,0.0034,0.0431,0.0053,0.0667,-8.9783,0.2623,0.0,0.0,0.0,0.0,3,0,0.0,0.0,0.0,0.0,8,1.0,1.0,1.0,1.31,1.558,1.62,0.0,0.0,0.0,0.0,0.0,2.405e-06,0.0051,0.0638
12402,Streptococcus phage EJ-1,3,0.6865,0.0021,0.0249,0.0079,0.0954,-8.9612,0.4673,0.0,0.0,0.0,0.0,1,0,0.0,0.0,0.0,0.0,16,1.0,1.0,1.0,9.8,16.84,18.6,0.0,0.0,0.0,0.0,0.0,0.0005461,0.0079,0.0954
1982239,Nipunavirus,3,0.6865,0.0021,0.0249,0.0073,0.0892,-8.9602,0.4795,0.0,0.0,0.0,0.0,1,0,0.0,0.0,0.0,0.0,19,1.0,1.0,1.0,1.16,1.288,1.32,0.0,0.0,0.0,0.0,0.0,0.001057,0.0073,0.0892
561367,Salinimicrobium,3,0.6865,0.0025,0.0305,0.0055,0.0739,-8.9783,0.2642,0.0,0.0,0.0,0.0,2,0,0.0,0.0,0.0,0.0,21,1.0,1.0,1.0,1.5,1.9,2.0,0.0,0.0,0.0,0.0,0.0,6.123e-06,0.0053,0.072
1835721,secondary endosymbiont of Trabutina mannipara,3,0.6865,0.0025,0.0305,0.0056,0.0685,-8.9706,0.3543,0.0,0.0,0.0,0.0,2,0,0.0,0.0,0.0,0.0,10,1.0,1.25,1.5,1.65,1.77,1.8,0.0,0.0,0.0,0.0,0.0,3.525e-05,0.0052,0.0631
1445504,Gynuella,3,0.6865,0.003,0.0391,0.0063,0.0776,-8.979,0.2534,0.0,0.0,0.0,0.0,4,0,0.0,0.0,0.0,0.0,12,1.0,1.69,2.38,2.4,2.416,2.42,0.0,0.0,0.0,0.0,0.0,1.894e-06,0.0056,0.0675
697331,Basfia,3,0.6865,0.0032,0.0424,0.0048,0.0631,-8.9738,0.3176,0.0,0.0,0.0,0.0,5,0,0.0,0.0,0.0,0.0,11,1.0,1.0,1.0,1.18,1.324,1.36,0.0,0.0,0.0,0.0,0.0,1.943e-05,0.0046,0.0607
1980513,Candidatus Nitrosoglobus,3,0.6865,0.007,0.1018,0.0053,0.0665,-8.9768,0.2802,0.0,0.0,0.0,0.0,96,0,0.0,0.0,0.0,0.0,9,1.33,1.5,1.67,149.835,268.367,298.0,0.0,0.0,0.0,0.0,0.0,4.518e-06,0.004,0.0577
89404,Glaciecola,3,0.6865,0.0059,0.0898,0.006,0.077,-8.9782,0.2647,0.0,0.0,0.0,0.0,61,0,0.0,0.0,0.0,0.0,20,1.0,1.5,2.0,47.0,83.0,92.0,0.0,0.0,0.0,0.0,0.0,4.893e-06,0.0045,0.0678
2078575,Psychromicrobium,3,0.6865,0.005,0.0669,0.0066,0.0803,-8.9769,0.278,0.0,0.0,0.0,0.0,14,0,0.0,0.0,0.0,0.0,13,1.0,2.81,4.62,7.71,10.182,10.8,0.0,0.0,0.0,0.0,0.0,3.69e-06,0.0049,0.0606
2920444,Mangrovibacillus,3,0.6865,0.0041,0.0598,0.0074,0.0925,-8.9756,0.2949,0.0,0.0,0.0,0.0,14,0,0.0,0.0,0.0,0.0,30,1.0,1.07,1.14,3.585,5.541,6.03,0.0,0.0,0.0,0.0,0.0,9.943e-06,0.0065,0.079
2997360,Anaeropeptidivorans,3,0.6865,0.0033,0.0452,0.0048,0.0687,-8.9796,0.2497,0.0,0.0,0.0,0.0,6,0,0.0,0.0,0.0,0.0,20,1.0,1.0,1.0,3.75,5.95,6.5,0.0,0.0,0.0,0.0,0.0,5.442e-06,0.0039,0.0526
2576755,Caproicibacter,3,0.6865,0.0037,0.0485,0.0069,0.0999,-8.9772,0.2816,0.0,0.0,0.0,0.0,6,0,0.0,0.0,0.0,0.0,87,1.0,1.33,1.66,20.33,35.266,39.0,0.0,0.0,0.0,0.0,0.0,2.291e-05,0.0059,0.0925
129001,Syntrophothermus,3,0.6865,0.0042,0.0543,0.005,0.0659,-8.9779,0.2688,0.0,0.0,0.0,0.0,6,0,0.0,0.0,0.0,0.0,9,1.0,2.355,3.71,4.855,5.771,6.0,0.0,0.0,0.0,0.0,0.0,3.786e-06,0.0042,0.0578
278993,Thermincola,3,0.6865,0.005,0.0656,0.0067,0.0863,-8.9766,0.2844,0.0,0.0,0.0,0.0,10,0,0.0,0.0,0.0,0.0,24,1.0,3.55,6.1,11.3,15.46,16.5,0.0,0.0,0.0,0.0,0.0,7.897e-06,0.0052,0.0752
249529,Caldanaerobacter,3,0.6865,0.0067,0.1135,0.0044,0.0576,-8.9787,0.2584,0.0,0.0,0.0,0.0,216,0,0.0,0.0,0.0,0.0,9,1.0,2.5,4.0,75.0,131.8,146.0,0.0,0.0,0.0,0.0,0.0,3.787e-06,0.0023,0.0321
252965,Mahella,3,0.6865,0.0047,0.0668,0.0093,0.1128,-8.9736,0.3187,0.0,0.0,0.0,0.0,18,0,0.0,0.0,0.0,0.0,33,1.0,3.0,5.0,14.65,22.37,24.3,0.0,0.0,0.0,0.0,0.0,1.084e-05,0.0071,0.0878
375928,Natranaerobius,3,0.6865,0.0044,0.061,0.0082,0.1027,-8.9748,0.3045,0.0,0.0,0.0,0.0,13,0,0.0,0.0,0.0,0.0,28,1.0,1.66,2.32,4.3,5.884,6.28,0.0,0.0,0.0,0.0,0.0,9.154e-06,0.0069,0.0858
92682,Halothece cluster,3,0.6865,0.0025,0.0305,0.0066,0.0812,-8.9791,0.252,0.0,0.0,0.0,0.0,2,0,0.0,0.0,0.0,0.0,12,1.0,1.125,1.25,1.46,1.628,1.67,0.0,0.0,0.0,0.0,0.0,1.631e-06,0.0063,0.0773
1434045,Sinomicrobium,3,0.6865,0.0025,0.0305,0.0065,0.0827,-8.9783,0.2629,0.0,0.0,0.0,0.0,2,0,0.0,0.0,0.0,0.0,23,1.0,1.0,1.0,4.125,6.625,7.25,0.0,0.0,0.0,0.0,0.0,4.334e-06,0.0058,0.078
1287916,Euzebyella,3,0.6865,0.0021,0.0249,0.0075,0.0902,-8.9767,0.281,0.0,0.0,0.0,0.0,1,0,0.0,0.0,0.0,0.0,12,1.0,1.0,1.0,1.725,2.305,2.45,0.0,0.0,0.0,0.0,0.0,2.654e-06,0.0071,0.0857
444459,Flagellimonas,3,0.6865,0.0032,0.0394,0.0063,0.0795,-8.978,0.2666,0.0,0.0,0.0,0.0,3,0,0.0,0.0,0.0,0.0,14,1.0,1.25,1.5,1.885,2.193,2.27,0.0,0.0,0.0,0.0,0.0,3.438e-06,0.0058,0.074
2904687,Desulforapulum,3,0.6865,0.0036,0.0459,0.0038,0.0508,-8.9818,0.2206,0.0,0.0,0.0,0.0,5,0,0.0,0.0,0.0,0.0,7,1.0,1.5,2.0,19.85,34.13,37.7,0.0,0.0,0.0,0.0,0.0,1.285e-06,0.0024,0.0298
2033601,Thermosulfuriphilus,3,0.6865,0.0036,0.0459,0.0072,0.0907,-8.9751,0.3016,0.0,0.0,0.0,0.0,5,0,0.0,0.0,0.0,0.0,25,1.0,1.1,1.2,1.225,1.245,1.25,0.0,0.0,0.0,0.0,0.0,1.099e-05,0.007,0.0881
43773,Syntrophus,3,0.6865,0.0033,0.0452,0.005,0.0656,-8.9787,0.2586,0.0,0.0,0.0,0.0,6,0,0.0,0.0,0.0,0.0,10,1.0,2.0,3.0,3.75,4.35,4.5,0.0,0.0,0.0,0.0,0.0,3.203e-06,0.0042,0.0578
171868,Thermovibrio,3,0.6865,0.0069,0.0885,0.0038,0.0466,-8.9782,0.2627,0.0,0.0,0.0,0.0,19,0,0.0,0.0,0.0,0.0,3,7.5,11.75,16.0,17.5,18.7,19.0,0.0,0.0,0.0,0.0,0.0,1.722e-06,0.0016,0.0195
2834378,Entomospira,3,0.6865,0.0071,0.114,0.0059,0.0792,-8.976,0.292,0.0,0.0,0.0,0.0,207,0,0.0,0.0,0.0,0.0,20,1.0,1.875,2.75,36.875,64.175,71.0,0.0,0.0,0.0,0.0,0.0,1.138e-05,0.0036,0.0467
2035349,Oceanispirochaeta,3,0.6865,0.0034,0.0429,0.0058,0.0738,-8.9783,0.2633,0.0,0.0,0.0,0.0,4,0,0.0,0.0,0.0,0.0,11,1.0,1.82,2.64,2.93,3.162,3.22,0.0,0.0,0.0,0.0,0.0,2.778e-06,0.0049,0.0609
81461,Thermanaerovibrio,3,0.6865,0.0071,0.1017,0.007,0.0899,-8.9746,0.3081,0.0,0.0,0.0,0.0,79,0,0.0,0.0,0.0,0.0,29,1.0,1.36,1.72,9.51,15.742,17.3,0.0,0.0,0.0,0.0,0.0,1.597e-05,0.0056,0.0751
81466,Aminobacterium,3,0.6865,0.004,0.0529,0.0076,0.0915,-8.9741,0.312,0.0,0.0,0.0,0.0,8,0,0.0,0.0,0.0,0.0,15,1.2,1.29,1.38,2.44,3.288,3.5,0.0,0.0,0.0,0.0,0.0,7.656e-06,0.0068,0.0834
2314,Methanoplanus,3,0.6865,0.0037,0.0463,0.0039,0.0493,-8.98,0.2426,0.0,0.0,0.0,0.0,4,0,0.0,0.0,0.0,0.0,4,1.0,2.0,3.0,3.5,3.9,4.0,0.0,0.0,0.0,0.0,0.0,1.322e-06,0.003,0.0366
2545692,Candidatus Methanoliparum,3,0.6865,0.0021,0.0249,0.0021,0.0249,-8.9801,0.2401,0.0,0.0,0.0,0.0,1,0,0.0,0.0,0.0,0.0,1,1.0,1.5,2.0,6.5,10.1,11.0,0.0,0.0,0.0,0.0,0.0,8.032e-07,0.0015,0.019
105850,Acidilobus,3,0.6865,0.0021,0.0249,0.0062,0.0747,-8.9748,0.3037,0.0,0.0,0.0,0.0,1,0,0.0,0.0,0.0,0.0,7,1.0,1.0,1.0,1.0,1.0,1.0,0.0,0.0,0.0,0.0,0.0,4.721e-06,0.0062,0.0747
46631,Picrophilus,3,0.6865,0.0021,0.0249,0.0048,0.0578,-8.9766,0.2823,0.0,0.0,0.0,0.0,1,0,0.0,0.0,0.0,0.0,4,1.0,1.5,2.0,2.375,2.675,2.75,0.0,0.0,0.0,0.0,0.0,2.597e-06,0.0042,0.0503
2843115,Veterinaerplatzvirus,3,0.6865,0.0046,0.0588,0.007,0.0944,-8.9634,0.4438,0.0,0.0,0.0,0.0,6,0,0.0,0.0,0.0,0.0,29,1.0,3.5,6.0,8.3,10.14,10.6,0.0,0.0,0.0,0.0,0.0,0.0007687,0.007,0.0944
2843377,Dybvigvirus,3,0.6865,0.005,0.0646,0.0094,0.1145,-8.9581,0.5053,0.0,0.0,0.0,0.0,12,0,0.0,0.0,0.0,0.0,42,1.0,1.5,2.0,7.0,11.0,12.0,0.0,0.0,0.0,0.0,0.0,0.002456,0.0094,0.1145
32068,Sebaldella,3,0.6865,0.0046,0.0647,0.0061,0.0895,-8.9787,0.2631,0.0,0.0,0.0,0.0,16,0,0.0,0.0,0.0,0.0,55,1.0,1.0,1.0,3.58,5.644,6.16,0.0,0.0,0.0,0.0,0.0,1.251e-05,0.0052,0.0727
2767882,Furfurilactobacillus,3,0.6865,0.0036,0.0459,0.0094,0.1225,-8.9755,0.2995,0.0,0.0,0.0,0.0,5,0,0.0,0.0,0.0,0.0,138,1.36,1.37,1.38,2.69,3.738,4.0,0.0,0.0,0.0,0.0,0.0,2.42e-05,0.0085,0.1154
768,Anaplasma,3,0.6865,0.0028,0.0352,0.0056,0.0709,-8.9781,0.2653,0.0,0.0,0.0,0.0,3,0,0.0,0.0,0.0,0.0,11,1.0,1.427,1.853,4.427,6.485,7.0,0.0,0.0,0.0,0.0,0.0,2.825e-06,0.0049,0.0648
1184396,Mesotoga,3,0.6865,0.0021,0.0249,0.0049,0.0609,-8.9784,0.2612,0.0,0.0,0.0,0.0,1,0,0.0,0.0,0.0,0.0,8,1.0,1.0,1.0,2.0,2.8,3.0,0.0,0.0,0.0,0.0,0.0,2.79e-06,0.0045,0.0587
27977,Nosema,3,0.6865,0.0021,0.0249,0.0021,0.0249,-8.9858,0.1706,0.0,0.0,0.0,0.0,1,0,0.0,0.0,0.0,0.0,1,1.0,1.0,1.0,1.5,1.9,2.0,0.0,0.0,0.0,0.0,0.0,1.158e-07,0.0019,0.0231
1738645,Caproiciproducens,3,0.6865,0.0021,0.0249,0.0043,0.0596,-8.9797,0.2473,0.0,0.0,0.0,0.0,1,0,0.0,0.0,0.0,0.0,12,1.0,1.0,1.0,1.0,1.0,1.0,0.0,0.0,0.0,0.0,0.0,3.765e-06,0.0043,0.0596
82980,Leminorella,3,0.6865,0.0021,0.0249,0.0032,0.0394,-8.9816,0.222,0.0,0.0,0.0,0.0,1,0,0.0,0.0,0.0,0.0,3,1.0,1.0,1.0,1.0,1.0,1.0,0.0,0.0,0.0,0.0,0.0,7.86e-07,0.0032,0.0394
2910984,Solidesulfovibrio,3,0.6865,0.003,0.0391,0.0053,0.072,-8.9788,0.2595,0.0,0.0,0.0,0.0,4,0,0.0,0.0,0.0,0.0,19,1.0,1.0,1.0,1.5,1.9,2.0,0.0,0.0,0.0,0.0,0.0,5.587e-06,0.0051,0.0714
2842638,Deltanudivirus,3,0.6865,0.0025,0.0305,0.0037,0.0463,-8.9712,0.3478,0.0,0.0,0.0,0.0,2,0,0.0,0.0,0.0,0.0,4,1.0,1.0,1.0,1.0,1.0,1.0,0.0,0.0,0.0,0.0,0.0,2.761e-05,0.0037,0.0463
2856051,Candidatus Nanohalobium,3,0.6865,0.0064,0.0797,0.0111,0.1385,-8.9683,0.3832,0.0,0.0,0.0,0.0,19,0,0.0,0.0,0.0,0.0,164,1.13,1.26,1.39,1.79,2.11,2.19,0.0,0.0,0.0,0.0,0.0,0.0001685,0.0105,0.1317
2651279,Pradoshia,3,0.6865,0.0021,0.0249,0.0044,0.0592,-8.98,0.2427,0.0,0.0,0.0,0.0,1,0,0.0,0.0,0.0,0.0,10,1.0,1.0,1.0,1.0,1.0,1.0,0.0,0.0,0.0,0.0,0.0,2.602e-06,0.0044,0.0592
54258,Ignicoccus,3,0.6865,0.0037,0.0463,0.003,0.0391,-8.979,0.254,0.0,0.0,0.0,0.0,4,0,0.0,0.0,0.0,0.0,4,2.0,2.125,2.25,3.125,3.825,4.0,0.0,0.0,0.0,0.0,0.0,2.886e-06,0.0022,0.0303
599651,Bermanella,3,0.6865,0.0046,0.0588,0.0087,0.1063,-8.9746,0.3061,0.0,0.0,0.0,0.0,6,0,0.0,0.0,0.0,0.0,26,1.15,1.535,1.92,2.77,3.45,3.62,0.0,0.0,0.0,0.0,0.0,7.433e-06,0.0078,0.0969
1249016,Otariodibacter,3,0.6865,0.0074,0.0897,0.0099,0.1266,-8.9717,0.3442,0.0,0.0,0.0,0.0,18,0,0.0,0.0,0.0,0.0,125,1.28,1.855,2.43,3.55,4.446,4.67,0.0,0.0,0.0,0.0,0.0,6.502e-05,0.0087,0.1166
467749,Candidatus Neoehrlichia,3,0.6865,0.0046,0.0571,0.0032,0.0394,-8.9781,0.2636,0.0,0.0,0.0,0.0,6,0,0.0,0.0,0.0,0.0,3,2.67,3.335,4.0,5.5,6.7,7.0,0.0,0.0,0.0,0.0,0.0,2.517e-06,0.002,0.0268
109168,Desulfotalea,3,0.6865,0.0025,0.0305,0.0059,0.0751,-8.9779,0.2682,0.0,0.0,0.0,0.0,2,0,0.0,0.0,0.0,0.0,11,1.0,1.045,1.09,1.245,1.369,1.4,0.0,0.0,0.0,0.0,0.0,3.069e-06,0.0058,0.0725
2025617,Ketobacter,3,0.6865,0.0038,0.0554,0.0064,0.0789,-8.9781,0.2647,0.0,0.0,0.0,0.0,11,0,0.0,0.0,0.0,0.0,12,1.0,1.0,1.0,7.0,11.8,13.0,0.0,0.0,0.0,0.0,0.0,2.489e-06,0.0054,0.0679
476528,Bibersteinia,3,0.6865,0.0033,0.0394,0.0071,0.0914,-8.9752,0.3005,0.0,0.0,0.0,0.0,2,0,0.0,0.0,0.0,0.0,32,1.0,1.05,1.1,1.873,2.49,2.645,0.0,0.0,0.0,0.0,0.0,1.409e-05,0.0067,0.0868
2942979,Kahnovirus,3,0.6865,0.0021,0.0249,0.0054,0.0712,-8.9667,0.4025,0.0,0.0,0.0,0.0,1,0,0.0,0.0,0.0,0.0,18,1.0,1.0,1.0,1.25,1.45,1.5,0.0,0.0,0.0,0.0,0.0,0.0002687,0.0054,0.0712
2017961,Sulfodiicoccus,3,0.6865,0.0025,0.0305,0.0041,0.0498,-8.9786,0.2574,0.0,0.0,0.0,0.0,2,0,0.0,0.0,0.0,0.0,3,2.33,3.83,5.33,6.33,7.13,7.33,0.0,0.0,0.0,0.0,0.0,1.298e-06,0.0026,0.0323
1081667,Hepatospora,3,0.6865,0.0021,0.0249,0.0037,0.0485,-8.9809,0.231,0.0,0.0,0.0,0.0,1,0,0.0,0.0,0.0,0.0,6,1.0,1.0,1.0,1.0,1.0,1.0,0.0,0.0,0.0,0.0,0.0,1.562e-06,0.0037,0.0485
795339,Phytopythium,3,0.6865,0.004,0.0492,0.0072,0.0866,-8.9829,0.2062,0.0,0.0,0.0,0.0,5,0,0.0,0.0,0.0,0.0,13,1.0,1.0,1.0,1.31,1.558,1.6200000000000003,0.0,0.0,0.0,0.0,0.0,4.032e-07,0.0069,0.0838
2781121,Thiosulfatimonas,3,0.6865,0.0039,0.0493,0.0069,0.0869,-8.9757,0.2936,0.0,0.0,0.0,0.0,4,0,0.0,0.0,0.0,0.0,18,1.0,1.11,1.22,1.725,2.129,2.23,0.0,0.0,0.0,0.0,0.0,6.947e-06,0.0065,0.0809
2719231,Lacrimispora,3,0.6865,0.004,0.0516,0.0054,0.0715,-8.9793,0.2522,0.0,0.0,0.0,0.0,6,0,0.0,0.0,0.0,0.0,12,1.0,1.0,1.0,1.56,2.008,2.12,0.0,0.0,0.0,0.0,0.0,2.712e-06,0.0051,0.0674
2903105,Alteracholeplasma,3,0.6865,0.0028,0.0352,0.0063,0.0757,-8.9748,0.3036,0.0,0.0,0.0,0.0,3,0,0.0,0.0,0.0,0.0,9,1.0,1.2,1.4,1.48,1.544,1.5599999999999998,0.0,0.0,0.0,0.0,0.0,5.93e-06,0.0059,0.0718
178469,Arenibacter,3,0.6865,0.0046,0.0571,0.0086,0.1125,-8.9762,0.2898,0.0,0.0,0.0,0.0,6,0,0.0,0.0,0.0,0.0,96,1.0,1.055,1.11,1.155,1.191,1.2,0.0,0.0,0.0,0.0,0.0,1.707e-05,0.0085,0.1116
2705406,Sulfuracidifex,3,0.6865,0.0025,0.0305,0.0029,0.0353,-8.981,0.2293,0.0,0.0,0.0,0.0,2,0,0.0,0.0,0.0,0.0,2,1.0,1.25,1.5,1.5,1.5,1.5,0.0,0.0,0.0,0.0,0.0,7.429e-07,0.0026,0.0318
181085,Phaeovirus,3,0.6865,0.0028,0.0352,0.0057,0.0691,-8.9707,0.3529,0.0,0.0,0.0,0.0,3,0,0.0,0.0,0.0,0.0,9,1.0,1.0,1.0,2.0,2.8,3.0,0.0,0.0,0.0,0.0,0.0,2.944e-05,0.0057,0.0691
1247379,Moumouvirus goulette,3,0.6865,0.0034,0.0431,0.0045,0.0551,-8.9755,0.2947,0.0,0.0,0.0,0.0,3,0,0.0,0.0,0.0,0.0,5,1.0,1.0,1.0,2.0,2.8,3.0,0.0,0.0,0.0,0.0,0.0,5.139e-06,0.0045,0.0551
43680,Ascovirus,3,0.6865,0.0025,0.0305,0.0046,0.0571,-8.9698,0.3639,0.0,0.0,0.0,0.0,2,0,0.0,0.0,0.0,0.0,6,1.165,1.167,1.17,1.585,1.917,2.0,0.0,0.0,0.0,0.0,0.0,4.171e-05,0.0046,0.0571
2501368,Thottimvirus,3,0.6865,0.0021,0.0249,0.0036,0.0459,-8.9639,0.4359,0.0,0.0,0.0,0.0,1,0,0.0,0.0,0.0,0.0,5,1.0,1.0,1.0,1.2,1.36,1.4,0.0,0.0,0.0,0.0,0.0,0.0004275,0.0036,0.0459
11584,Phlebovirus,3,0.6865,0.0028,0.0352,0.0038,0.0491,-8.9641,0.4331,0.0,0.0,0.0,0.0,3,0,0.0,0.0,0.0,0.0,5,1.0,1.0,1.0,1.167,1.3,1.3333333333333333,0.0,0.0,0.0,0.0,0.0,0.0004079,0.0038,0.0491
659497,Sclerotinia sclerotiorum partitivirus S,3,0.6865,0.0025,0.0305,0.0054,0.0664,-8.9579,0.5071,0.0,0.0,0.0,0.0,2,0,0.0,0.0,0.0,0.0,10,1.0,1.0,1.0,1.05,1.09,1.1,0.0,0.0,0.0,0.0,0.0,0.002734,0.0054,0.0664
2169649,Roymovirus,3,0.6865,0.0021,0.0249,0.0034,0.0431,-8.9635,0.4403,0.0,0.0,0.0,0.0,1,0,0.0,0.0,0.0,0.0,3,2.0,2.0,2.0,2.165,2.297,2.33,0.0,0.0,0.0,0.0,0.0,0.0003024,0.0034,0.0431
11095,Pestivirus,3,0.6865,0.0025,0.0305,0.0064,0.0772,-8.9606,0.4749,0.0,0.0,0.0,0.0,2,0,0.0,0.0,0.0,0.0,10,1.0,1.285,1.57,2.12,2.56,2.67,0.0,0.0,0.0,0.0,0.0,0.0005903,0.0064,0.0772
1922998,Hubei odonate virus 3,3,0.6865,0.0021,0.0249,0.0037,0.0463,-8.9632,0.4435,0.0,0.0,0.0,0.0,1,0,0.0,0.0,0.0,0.0,4,1.0,1.25,1.5,1.585,1.653,1.67,0.0,0.0,0.0,0.0,0.0,0.0003994,0.0037,0.0463
1857843,Kayvirus,3,0.6865,0.0032,0.0394,0.0042,0.0543,-8.9545,0.5493,0.0,0.0,0.0,0.0,3,0,0.0,0.0,0.0,0.0,6,1.0,1.0,1.0,1.25,1.45,1.5,0.0,0.0,0.0,0.0,0.0,0.01075,0.0042,0.0543
2732971,Sciuriunavirus,3,0.6865,0.0025,0.0305,0.0029,0.0353,-8.9721,0.3357,0.0,0.0,0.0,0.0,2,0,0.0,0.0,0.0,0.0,2,1.0,1.0,1.0,1.5,1.9,2.0,0.0,0.0,0.0,0.0,0.0,1.443e-05,0.0029,0.0353
2732960,Carltongylesvirus,3,0.6865,0.0021,0.0249,0.0025,0.0305,-8.9666,0.4028,0.0,0.0,0.0,0.0,1,0,0.0,0.0,0.0,0.0,2,2.0,2.0,2.0,2.5,2.9,3.0,0.0,0.0,0.0,0.0,0.0,0.0001233,0.0025,0.0305
2738850,Candidatus Reidiella,3,0.6865,0.0021,0.0249,0.0054,0.067,-8.9781,0.2642,0.0,0.0,0.0,0.0,1,0,0.0,0.0,0.0,0.0,9,1.0,1.0,1.0,1.0,1.0,1.0,0.0,0.0,0.0,0.0,0.0,2.714e-06,0.0054,0.067
2767888,Liquorilactobacillus,3,0.6865,0.0041,0.052,0.007,0.0884,-8.977,0.2784,0.0,0.0,0.0,0.0,5,0,0.0,0.0,0.0,0.0,23,1.0,1.075,1.15,1.199,1.238,1.248,0.0,0.0,0.0,0.0,0.0,5.479e-06,0.0069,0.087
186831,Acetoanaerobium,3,0.6865,0.0038,0.0466,0.0113,0.1368,-8.9711,0.3482,0.0,0.0,0.0,0.0,3,0,0.0,0.0,0.0,0.0,65,1.0,1.0,1.0,1.84,2.512,2.68,0.0,0.0,0.0,0.0,0.0,2.431e-05,0.0108,0.1307
1209327,Flavivirga,3,0.6865,0.0037,0.0463,0.0061,0.082,-8.9792,0.2547,0.0,0.0,0.0,0.0,4,0,0.0,0.0,0.0,0.0,19,1.0,1.0,1.0,1.18,1.324,1.36,0.0,0.0,0.0,0.0,0.0,3.434e-06,0.006,0.0802
153057,Alpharetrovirus,3,0.6865,0.0021,0.0249,0.0049,0.0696,-8.9583,0.5037,0.0,0.0,0.0,0.0,1,0,0.0,0.0,0.0,0.0,21,1.0,1.0,1.0,1.5,1.9,2.0,0.0,0.0,0.0,0.0,0.0,0.005588,0.0049,0.0696
573012,Raphidovirus,3,0.6865,0.0025,0.0305,0.0058,0.0705,-8.9701,0.36,0.0,0.0,0.0,0.0,2,0,0.0,0.0,0.0,0.0,10,1.0,1.2,1.4,1.6,1.76,1.8,0.0,0.0,0.0,0.0,0.0,3.84e-05,0.0058,0.0705
548689,Proboscivirus,3,0.6865,0.0021,0.0249,0.0036,0.0459,-8.9719,0.3386,0.0,0.0,0.0,0.0,1,0,0.0,0.0,0.0,0.0,5,1.0,1.0,1.0,1.0,1.0,1.0,0.0,0.0,0.0,0.0,0.0,2.829e-05,0.0036,0.0459
331278,Yersinia phage phiR1-37,2,0.4577,0.0028,0.0455,0.0076,0.114,-8.9761,0.3535,0.0,0.0,0.0,0.0,7,0,0.0,0.0,0.0,0.0,99,1.53,1.917,2.305,2.693,3.003,3.0800000000000005,0.0,0.0,0.0,0.0,0.0,0.0003775,0.0076,0.114
2843459,Sparkyvirus,2,0.4577,0.0018,0.027,0.007,0.1071,-8.9735,0.3918,0.0,0.0,0.0,0.0,2,0,0.0,0.0,0.0,0.0,87,1.0,1.25,1.5,1.75,1.95,2.0,0.0,0.0,0.0,0.0,0.0,0.001628,0.007,0.1071
2077,Sporolactobacillus,2,0.4577,0.0022,0.0322,0.0032,0.0488,-8.9865,0.2009,0.0,0.0,0.0,0.0,2,0,0.0,0.0,0.0,0.0,7,1.0,1.25,1.5,1.75,1.95,2.0,0.0,0.0,0.0,0.0,0.0,1.706e-06,0.0029,0.0469
2924872,Acididesulfobacillus,2,0.4577,0.0014,0.0203,0.0034,0.053,-8.9863,0.2032,0.0,0.0,0.0,0.0,1,0,0.0,0.0,0.0,0.0,9,1.0,1.0,1.0,1.0,1.0,1.0,0.0,0.0,0.0,0.0,0.0,2.072e-06,0.0034,0.053
174708,Allobaculum,2,0.4577,0.0014,0.0203,0.0045,0.0674,-8.9838,0.239,0.0,0.0,0.0,0.0,1,0,0.0,0.0,0.0,0.0,14,1.0,1.0,1.0,1.0,1.0,1.0,0.0,0.0,0.0,0.0,0.0,5.664e-06,0.0045,0.0674
3059405,Prodigiosinella,2,0.4577,0.0014,0.0203,0.0034,0.053,-8.9853,0.2186,0.0,0.0,0.0,0.0,1,0,0.0,0.0,0.0,0.0,9,1.22,1.415,1.61,1.805,1.961,2.0,0.0,0.0,0.0,0.0,0.0,3.505e-06,0.0031,0.0495
1007,Saprospira,2,0.4577,0.0014,0.0203,0.0028,0.0407,-8.9856,0.2124,0.0,0.0,0.0,0.0,1,0,0.0,0.0,0.0,0.0,3,1.0,1.25,1.5,1.75,1.95,2.0,0.0,0.0,0.0,0.0,0.0,1.392e-06,0.0025,0.0372
191291,Nautilia,2,0.4577,0.0014,0.0203,0.0018,0.027,-8.9865,0.1994,0.0,0.0,0.0,0.0,1,0,0.0,0.0,0.0,0.0,2,1.0,1.5,2.0,2.5,2.9,3.0,0.0,0.0,0.0,0.0,0.0,1.251e-06,0.0015,0.0215
100474,Batrachochytrium,2,0.4577,0.0018,0.027,0.0037,0.0593,-8.989,0.1646,0.0,0.0,0.0,0.0,2,0,0.0,0.0,0.0,0.0,13,1.0,1.0,1.0,1.0,1.0,1.0,0.0,0.0,0.0,0.0,0.0,6.417e-07,0.0037,0.0593
1573458,Pseudomonas phage PS-1,2,0.4577,0.0014,0.0203,0.0036,0.0526,-8.9768,0.3421,0.0,0.0,0.0,0.0,1,0,0.0,0.0,0.0,0.0,5,1.0,1.0,1.0,1.0,1.0,1.0,0.0,0.0,0.0,0.0,0.0,0.0001157,0.0036,0.0526
2946811,Aurodevirus,2,0.4577,0.0014,0.0203,0.0074,0.1107,-8.9736,0.3898,0.0,0.0,0.0,0.0,1,0,0.0,0.0,0.0,0.0,74,1.0,1.047,1.095,1.143,1.18,1.19,0.0,0.0,0.0,0.0,0.0,0.0007934,0.0074,0.1107
2733111,Llyrvirus,2,0.4577,0.0018,0.027,0.0018,0.027,-8.9824,0.2599,0.0,0.0,0.0,0.0,2,0,0.0,0.0,0.0,0.0,2,1.0,1.25,1.5,1.75,1.95,2.0,0.0,0.0,0.0,0.0,0.0,9.862e-06,0.0018,0.027
2733131,Sasquatchvirus,2,0.4577,0.0021,0.0322,0.0084,0.1241,-8.9752,0.366,0.0,0.0,0.0,0.0,3,0,0.0,0.0,0.0,0.0,85,1.0,1.93,2.86,3.79,4.534,4.72,0.0,0.0,0.0,0.0,0.0,0.0003301,0.0084,0.1241
2948610,Janthinobacterium phage vB_JliM-Donnerlittchen,2,0.4577,0.0014,0.0203,0.0066,0.0972,-8.9741,0.3829,0.0,0.0,0.0,0.0,1,0,0.0,0.0,0.0,0.0,29,1.0,1.25,1.5,1.75,1.95,2.0,0.0,0.0,0.0,0.0,0.0,0.0005099,0.0066,0.0972
2560151,Iodovirus,2,0.4577,0.0014,0.0203,0.0026,0.0429,-8.9784,0.3196,0.0,0.0,0.0,0.0,1,0,0.0,0.0,0.0,0.0,6,1.0,1.208,1.415,1.623,1.788,1.83,0.0,0.0,0.0,0.0,0.0,0.0001269,0.0026,0.0429
1720324,Hollowayvirus,2,0.4577,0.0014,0.0203,0.0041,0.0628,-8.9712,0.4254,0.0,0.0,0.0,0.0,1,0,0.0,0.0,0.0,0.0,12,1.0,1.25,1.5,1.75,1.95,2.0,0.0,0.0,0.0,0.0,0.0,0.003754,0.0041,0.0628
2948704,Exceevirus,2,0.4577,0.0018,0.027,0.0069,0.1109,-8.9745,0.3796,0.0,0.0,0.0,0.0,2,0,0.0,0.0,0.0,0.0,144,1.0,1.0,1.0,1.0,1.0,1.0,0.0,0.0,0.0,0.0,0.0,0.00184,0.0069,0.1109
2732924,Stubburvirus,2,0.4577,0.0026,0.0429,0.005,0.0772,-8.9751,0.3679,0.0,0.0,0.0,0.0,6,0,0.0,0.0,0.0,0.0,25,1.0,2.25,3.5,4.75,5.75,6.0,0.0,0.0,0.0,0.0,0.0,0.0006059,0.005,0.0772
2843069,Tanisvirus,2,0.4577,0.0014,0.0203,0.0014,0.0203,-8.9801,0.2936,0.0,0.0,0.0,0.0,1,0,0.0,0.0,0.0,0.0,1,1.0,1.0,1.0,1.0,1.0,1.0,0.0,0.0,0.0,0.0,0.0,2.228e-05,0.0014,0.0203
2109587,Moumouvirus australiensis,2,0.4577,0.0014,0.0203,0.0038,0.0565,-8.9829,0.2534,0.0,0.0,0.0,0.0,1,0,0.0,0.0,0.0,0.0,8,1.0,1.0,1.0,1.0,1.0,1.0,0.0,0.0,0.0,0.0,0.0,7.899e-06,0.0038,0.0565
2903107,Paracholeplasma,2,0.4577,0.0028,0.0455,0.0052,0.0788,-8.9825,0.2595,0.0,0.0,0.0,0.0,7,0,0.0,0.0,0.0,0.0,25,1.0,1.77,2.54,3.31,3.926,4.08,0.0,0.0,0.0,0.0,0.0,1.374e-05,0.0045,0.0673
1906657,Candidatus Doolittlea,2,0.4577,0.0018,0.027,0.0034,0.053,-8.983,0.2515,0.0,0.0,0.0,0.0,2,0,0.0,0.0,0.0,0.0,9,1.0,1.055,1.11,1.165,1.209,1.22,0.0,0.0,0.0,0.0,0.0,1.083e-05,0.0033,0.0513
1199245,secondary endosymbiont of Ctenarytaina eucalypti,2,0.4577,0.0014,0.0203,0.0021,0.0322,-8.9859,0.209,0.0,0.0,0.0,0.0,1,0,0.0,0.0,0.0,0.0,3,1.0,1.0,1.0,1.0,1.0,1.0,0.0,0.0,0.0,0.0,0.0,2.1e-06,0.0021,0.0322
2304693,Pseudoclostridium,2,0.4577,0.0025,0.0367,0.0045,0.0668,-8.985,0.2223,0.0,0.0,0.0,0.0,3,0,0.0,0.0,0.0,0.0,12,1.0,1.083,1.165,1.248,1.314,1.33,0.0,0.0,0.0,0.0,0.0,2.735e-06,0.0044,0.0647
2220,Methanolobus,2,0.4577,0.0014,0.0203,0.0025,0.0399,-8.9866,0.1988,0.0,0.0,0.0,0.0,1,0,0.0,0.0,0.0,0.0,5,1.0,1.15,1.3,1.45,1.57,1.6,0.0,0.0,0.0,0.0,0.0,1.867e-06,0.0023,0.0362
2055263,Anelloviridae sp.,2,0.4577,0.0014,0.0203,0.0065,0.0999,-8.9739,0.387,0.0,0.0,0.0,0.0,1,0,0.0,0.0,0.0,0.0,64,1.0,1.028,1.055,1.083,1.105,1.11,0.0,0.0,0.0,0.0,0.0,0.001304,0.0065,0.0999
1981050,Phoenicibacter,2,0.4577,0.0021,0.0322,0.0029,0.0478,-8.9849,0.2254,0.0,0.0,0.0,0.0,3,0,0.0,0.0,0.0,0.0,8,1.0,1.125,1.25,1.375,1.475,1.5,0.0,0.0,0.0,0.0,0.0,5.701e-06,0.0027,0.0443
2284,Sulfolobus,2,0.4577,0.0014,0.0203,0.0025,0.0399,-8.9814,0.2752,0.0,0.0,0.0,0.0,1,0,0.0,0.0,0.0,0.0,5,1.0,1.0,1.0,1.0,1.0,1.0,0.0,0.0,0.0,0.0,0.0,2.652e-05,0.0025,0.0399
1235689,Pseudomonas phage AF,2,0.4577,0.0014,0.0203,0.0034,0.05,-8.977,0.3394,0.0,0.0,0.0,0.0,1,0,0.0,0.0,0.0,0.0,5,1.0,1.25,1.5,1.75,1.95,2.0,0.0,0.0,0.0,0.0,0.0,0.0001178,0.0034,0.05
2948846,Oliverunavirus,2,0.4577,0.0018,0.027,0.0056,0.0903,-8.9758,0.3601,0.0,0.0,0.0,0.0,2,0,0.0,0.0,0.0,0.0,56,1.64,1.73,1.82,1.91,1.982,2.0,0.0,0.0,0.0,0.0,0.0,0.000742,0.0056,0.0903
2172100,Limnobaculum,2,0.4577,0.0023,0.0364,0.0034,0.0519,-8.9857,0.212,0.0,0.0,0.0,0.0,4,0,0.0,0.0,0.0,0.0,7,1.0,1.285,1.57,1.855,2.083,2.14,0.0,0.0,0.0,0.0,0.0,2.073e-06,0.0031,0.0464
2842658,Dubowvirus,2,0.4577,0.0022,0.0322,0.0058,0.0915,-8.9728,0.4031,0.0,0.0,0.0,0.0,2,0,0.0,0.0,0.0,0.0,55,1.0,1.25,1.5,1.75,1.95,2.0,0.0,0.0,0.0,0.0,0.0,0.002902,0.0058,0.0915
333922,Betapapillomavirus,2,0.4577,0.0034,0.053,0.0101,0.1518,-8.9665,0.4959,0.0,0.0,0.0,0.0,9,0,0.0,0.0,0.0,0.0,419,1.2,1.202,1.205,1.208,1.21,1.21,0.0,0.0,0.0,0.0,0.0,0.05567,0.0101,0.1518
1232640,Solendovirus,2,0.4577,0.003,0.0499,0.0047,0.0723,-8.9722,0.4113,0.0,0.0,0.0,0.0,9,0,0.0,0.0,0.0,0.0,21,1.0,3.0,5.0,7.0,8.6,9.0,0.0,0.0,0.0,0.0,0.0,0.002729,0.0047,0.0723
2810810,Solenopsis invicta virus 14,2,0.4577,0.0014,0.0203,0.0014,0.0203,-8.9777,0.3292,0.0,0.0,0.0,0.0,1,0,0.0,0.0,0.0,0.0,1,1.0,1.0,1.0,1.0,1.0,1.0,0.0,0.0,0.0,0.0,0.0,7.446e-05,0.0014,0.0203
2995122,Leptogranulimonas,2,0.4577,0.004,0.0652,0.0029,0.0478,-8.9856,0.2155,0.0,0.0,0.0,0.0,18,0,0.0,0.0,0.0,0.0,8,13.8,15.6,17.4,19.2,20.64,21.0,0.0,0.0,0.0,0.0,0.0,4.056e-06,0.0013,0.0242
1593364,Candidatus Nitrosopelagicus,2,0.4577,0.0021,0.0322,0.003,0.0464,-8.9842,0.2339,0.0,0.0,0.0,0.0,3,0,0.0,0.0,0.0,0.0,6,1.0,2.042,3.085,4.127,4.961,5.17,0.0,0.0,0.0,0.0,0.0,4.917e-06,0.0024,0.0352
2613912,Conexivisphaera,2,0.4577,0.0018,0.027,0.0021,0.0322,-8.9861,0.2062,0.0,0.0,0.0,0.0,2,0,0.0,0.0,0.0,0.0,3,1.0,1.25,1.5,1.75,1.95,2.0,0.0,0.0,0.0,0.0,0.0,1.906e-06,0.0018,0.0277
389486,Sediminicola,2,0.4577,0.0014,0.0203,0.0027,0.0404,-8.9867,0.1968,0.0,0.0,0.0,0.0,1,0,0.0,0.0,0.0,0.0,4,1.0,1.0,1.0,1.0,1.0,1.0,0.0,0.0,0.0,0.0,0.0,1.145e-06,0.0027,0.0404
1685766,Lake Sarah-associated circular virus-38,2,0.4577,0.0021,0.0322,0.0026,0.0429,-8.9732,0.3958,0.0,0.0,0.0,0.0,3,0,0.0,0.0,0.0,0.0,6,1.0,1.167,1.335,1.502,1.636,1.67,0.0,0.0,0.0,0.0,0.0,0.001714,0.0026,0.0429
1223423,Neokomagataea,2,0.4577,0.0014,0.0203,0.0025,0.0367,-8.9863,0.2021,0.0,0.0,0.0,0.0,1,0,0.0,0.0,0.0,0.0,3,1.0,1.0,1.0,1.0,1.0,1.0,0.0,0.0,0.0,0.0,0.0,1.194e-06,0.0025,0.0367
1922243,Sextaecvirus,2,0.4577,0.0034,0.058,0.0078,0.115,-8.9729,0.4003,0.0,0.0,0.0,0.0,14,0,0.0,0.0,0.0,0.0,63,1.39,4.143,6.895,9.648,11.849,12.4,0.0,0.0,0.0,0.0,0.0,0.001061,0.0078,0.115
2732968,Schiekvirus,2,0.4577,0.0014,0.0203,0.0052,0.0858,-8.9762,0.353,0.0,0.0,0.0,0.0,1,0,0.0,0.0,0.0,0.0,48,1.0,1.0,1.0,1.0,1.0,1.0,0.0,0.0,0.0,0.0,0.0,0.0004951,0.0052,0.0858
2948905,Sheenvirus,2,0.4577,0.0014,0.0203,0.0033,0.051,-8.9776,0.3317,0.0,0.0,0.0,0.0,1,0,0.0,0.0,0.0,0.0,8,1.0,1.0,1.0,1.0,1.0,1.0,0.0,0.0,0.0,0.0,0.0,0.0001586,0.0033,0.051
230494,Reinekea,2,0.4577,0.0014,0.0203,0.0051,0.0779,-8.984,0.2379,0.0,0.0,0.0,0.0,1,0,0.0,0.0,0.0,0.0,26,1.0,1.365,1.73,2.095,2.387,2.46,0.0,0.0,0.0,0.0,0.0,7.243e-06,0.0046,0.0702
1751872,Lacimicrobium,2,0.4577,0.0043,0.0764,0.0032,0.0488,-8.9866,0.1994,0.0,0.0,0.0,0.0,36,0,0.0,0.0,0.0,0.0,7,1.0,4.85,8.7,12.55,15.63,16.4,0.0,0.0,0.0,0.0,0.0,1.623e-06,0.0021,0.0309
1592897,Coxiella-like endosymbiont,2,0.4577,0.0025,0.0399,0.0065,0.0973,-8.9798,0.2987,0.0,0.0,0.0,0.0,5,0,0.0,0.0,0.0,0.0,41,1.0,1.14,1.28,1.42,1.532,1.56,0.0,0.0,0.0,0.0,0.0,4.167e-05,0.0063,0.0938
118884,Gammaproteobacteria incertae sedis,2,0.4577,0.0014,0.0203,0.0103,0.1524,-8.9832,0.2475,0.0,0.0,0.0,0.0,1,0,0.0,0.0,0.0,0.0,198,2.15,4.387,6.625,8.862,10.652,11.1,0.0,0.0,0.0,0.0,0.0,5.084e-06,0.0088,0.1297
412033,Celerinatantimonas,2,0.4577,0.0037,0.0638,0.0028,0.0407,-8.9868,0.195,0.0,0.0,0.0,0.0,19,0,0.0,0.0,0.0,0.0,3,1.0,2.5,4.0,5.5,6.7,7.0,0.0,0.0,0.0,0.0,0.0,7.675e-07,0.0021,0.0328
2038,Tropheryma,2,0.4577,0.0039,0.0631,0.0054,0.0809,-8.981,0.2811,0.0,0.0,0.0,0.0,16,0,0.0,0.0,0.0,0.0,24,1.17,2.002,2.835,3.667,4.333,4.5,0.0,0.0,0.0,0.0,0.0,2.463e-05,0.0047,0.0729
196081,Scardovia,2,0.4577,0.0044,0.0789,0.0058,0.0888,-8.9818,0.2704,0.0,0.0,0.0,0.0,41,0,0.0,0.0,0.0,0.0,41,1.0,3.17,5.34,7.51,9.246,9.68,0.0,0.0,0.0,0.0,0.0,2.329e-05,0.0047,0.0699
390805,Geosporobacter,2,0.4577,0.0048,0.0762,0.0041,0.0628,-8.9859,0.2093,0.0,0.0,0.0,0.0,29,0,0.0,0.0,0.0,0.0,12,1.08,9.11,17.14,25.17,31.594,33.2,0.0,0.0,0.0,0.0,0.0,2.125e-06,0.003,0.0537
189326,Gelria,2,0.4577,0.0041,0.0721,0.0032,0.0552,-8.9859,0.2118,0.0,0.0,0.0,0.0,29,0,0.0,0.0,0.0,0.0,12,1.0,3.3,5.6,7.9,9.74,10.2,0.0,0.0,0.0,0.0,0.0,4.235e-06,0.0022,0.0354
2919614,Williamsoniiplasma,2,0.4577,0.0014,0.0203,0.003,0.0464,-8.9842,0.2352,0.0,0.0,0.0,0.0,1,0,0.0,0.0,0.0,0.0,6,1.17,1.377,1.585,1.792,1.958,2.0,0.0,0.0,0.0,0.0,0.0,7.061e-06,0.0027,0.0431
1134403,Melioribacter,2,0.4577,0.0018,0.027,0.0071,0.106,-8.9815,0.2728,0.0,0.0,0.0,0.0,2,0,0.0,0.0,0.0,0.0,50,1.12,1.75,2.38,3.01,3.514,3.64,0.0,0.0,0.0,0.0,0.0,1.529e-05,0.0065,0.0974
442430,Coraliomargarita,2,0.4577,0.0023,0.0364,0.0033,0.051,-8.9861,0.2058,0.0,0.0,0.0,0.0,4,0,0.0,0.0,0.0,0.0,8,1.0,1.125,1.25,1.375,1.475,1.5,0.0,0.0,0.0,0.0,0.0,2.149e-06,0.0031,0.0477
34093,Simkania,2,0.4577,0.0034,0.0593,0.0054,0.08,-8.983,0.252,0.0,0.0,0.0,0.0,15,0,0.0,0.0,0.0,0.0,21,1.56,2.395,3.23,4.065,4.733,4.9,0.0,0.0,0.0,0.0,0.0,8.112e-06,0.0044,0.0655
241192,Thermodesulfatator,2,0.4577,0.003,0.0499,0.0041,0.0643,-8.9841,0.2356,0.0,0.0,0.0,0.0,9,0,0.0,0.0,0.0,0.0,15,1.0,1.3,1.6,1.9,2.14,2.2,0.0,0.0,0.0,0.0,0.0,6.59e-06,0.0038,0.0577
269260,Nitratifractor,2,0.4577,0.0031,0.0518,0.0049,0.0724,-8.983,0.2509,0.0,0.0,0.0,0.0,10,0,0.0,0.0,0.0,0.0,14,2.25,2.51,2.77,3.03,3.238,3.29,0.0,0.0,0.0,0.0,0.0,6.79e-06,0.004,0.059
64159,Desulfurobacterium,2,0.4577,0.0076,0.1376,0.0058,0.0857,-8.9813,0.2755,0.0,0.0,0.0,0.0,686,0,0.0,0.0,0.0,0.0,23,2.0,43.75,85.5,127.25,160.65,169.0,0.0,0.0,0.0,0.0,0.0,1.583e-05,0.0035,0.0609
2335,Thermotoga,2,0.4577,0.0014,0.0203,0.0032,0.0488,-8.9851,0.2206,0.0,0.0,0.0,0.0,1,0,0.0,0.0,0.0,0.0,7,1.0,1.177,1.355,1.532,1.674,1.71,0.0,0.0,0.0,0.0,0.0,3.225e-06,0.0029,0.0446
1769732,Dissulfurimicrobium,2,0.4577,0.0025,0.0399,0.004,0.0714,-8.9843,0.2364,0.0,0.0,0.0,0.0,5,0,0.0,0.0,0.0,0.0,28,1.0,2.143,3.285,4.428,5.341,5.57,0.0,0.0,0.0,0.0,0.0,1.398e-05,0.0032,0.055
498845,Candidatus Korarchaeum,2,0.4577,0.0018,0.027,0.0021,0.0322,-8.9861,0.2059,0.0,0.0,0.0,0.0,2,0,0.0,0.0,0.0,0.0,3,1.0,1.417,1.835,2.252,2.587,2.67,0.0,0.0,0.0,0.0,0.0,1.892e-06,0.0017,0.026
1920864,Rtpvirus,2,0.4577,0.0028,0.0455,0.006,0.0882,-8.9734,0.3931,0.0,0.0,0.0,0.0,7,0,0.0,0.0,0.0,0.0,24,1.0,3.675,6.35,9.025,11.165,11.7,0.0,0.0,0.0,0.0,0.0,0.0007926,0.006,0.0882
2733120,Nodensvirus,2,0.4577,0.0032,0.0552,0.0025,0.0367,-8.9812,0.2772,0.0,0.0,0.0,0.0,12,0,0.0,0.0,0.0,0.0,3,2.0,4.5,7.0,9.5,11.5,12.0,0.0,0.0,0.0,0.0,0.0,1.547e-05,0.0025,0.0367
2843443,Rahariannevirus,2,0.4577,0.0036,0.0628,0.0031,0.0518,-8.9779,0.3287,0.0,0.0,0.0,0.0,18,0,0.0,0.0,0.0,0.0,10,1.0,3.8,6.6,9.4,11.64,12.2,0.0,0.0,0.0,0.0,0.0,0.0002183,0.0031,0.0518
2948666,Clampvirus,2,0.4577,0.004,0.0619,0.0038,0.0675,-8.9772,0.3403,0.0,0.0,0.0,0.0,13,0,0.0,0.0,0.0,0.0,23,1.61,4.457,7.305,10.152,12.431,13.0,0.0,0.0,0.0,0.0,0.0,0.0004688,0.0038,0.0675
1912760,Cequinquevirus,2,0.4577,0.0044,0.0728,0.0101,0.1516,-8.9691,0.4571,0.0,0.0,0.0,0.0,27,0,0.0,0.0,0.0,0.0,449,1.4440740740740745,1.508,1.572,1.636,1.687,1.7,0.0,0.0,0.0,0.0,0.0,0.01233,0.0101,0.1516
12234,Tobamovirus,2,0.4577,0.0059,0.1096,0.0091,0.1458,-8.9677,0.4792,0.0,0.0,0.0,0.0,186,0,0.0,0.0,0.0,0.0,651,1.0,5.168,9.336,13.504,16.838,17.671612903225807,0.0,0.0,0.0,0.0,0.0,0.05752,0.0091,0.1458
3051499,Aceticella,2,0.4577,0.0036,0.0526,0.0063,0.0947,-8.9816,0.2732,0.0,0.0,0.0,0.0,5,0,0.0,0.0,0.0,0.0,45,2.78,4.447,6.115,7.782,9.116,9.45,0.0,0.0,0.0,0.0,0.0,2.171e-05,0.0048,0.076
2419610,Arthrobacter phage Isolde,2,0.4577,0.0018,0.027,0.0021,0.0322,-8.9784,0.3188,0.0,0.0,0.0,0.0,2,0,0.0,0.0,0.0,0.0,3,1.0,1.25,1.5,1.75,1.95,2.0,0.0,0.0,0.0,0.0,0.0,8.929e-05,0.0021,0.0322
2948793,Lahndsivirus,2,0.4577,0.0014,0.0203,0.0022,0.0322,-8.9804,0.29,0.0,0.0,0.0,0.0,1,0,0.0,0.0,0.0,0.0,2,1.0,1.0,1.0,1.0,1.0,1.0,0.0,0.0,0.0,0.0,0.0,1.959e-05,0.0022,0.0322
1623281,Cheoctovirus,2,0.4577,0.0014,0.0203,0.0014,0.0203,-8.975,0.3698,0.0,0.0,0.0,0.0,1,0,0.0,0.0,0.0,0.0,1,1.0,1.0,1.0,1.0,1.0,1.0,0.0,0.0,0.0,0.0,0.0,0.0002973,0.0014,0.0203
43685,Lactococcus phage r1t,2,0.4577,0.0032,0.0552,0.0085,0.1291,-8.9673,0.4841,0.0,0.0,0.0,0.0,12,0,0.0,0.0,0.0,0.0,214,1.0,1.078,1.155,1.232,1.294,1.31,0.0,0.0,0.0,0.0,0.0,0.04368,0.0085,0.1291
5655,Crithidia,2,0.4577,0.0014,0.0203,0.0025,0.0367,-8.991,0.1324,0.0,0.0,0.0,0.0,1,0,0.0,0.0,0.0,0.0,3,1.0,1.0,1.0,1.0,1.0,1.0,0.0,0.0,0.0,0.0,0.0,1.112e-07,0.0025,0.0367
2946823,Betafusarivirus,2,0.4577,0.0014,0.0203,0.0025,0.0399,-8.9754,0.364,0.0,0.0,0.0,0.0,1,0,0.0,0.0,0.0,0.0,5,1.0,1.95,2.9,3.85,4.61,4.8,0.0,0.0,0.0,0.0,0.0,0.0005927,0.0025,0.0399
1335483,Shimwellia,2,0.4577,0.0018,0.027,0.0045,0.0742,-8.9849,0.2271,0.0,0.0,0.0,0.0,2,0,0.0,0.0,0.0,0.0,29,1.0,1.415,1.83,2.245,2.577,2.66,0.0,0.0,0.0,0.0,0.0,7.773e-06,0.004,0.065
343334,Costertonia,2,0.4577,0.0022,0.0322,0.0047,0.0688,-8.9845,0.2291,0.0,0.0,0.0,0.0,2,0,0.0,0.0,0.0,0.0,11,1.09,1.38,1.67,1.96,2.192,2.25,0.0,0.0,0.0,0.0,0.0,2.875e-06,0.0043,0.0636
5703,Endotrypanum,2,0.4577,0.0014,0.0203,0.0022,0.0322,-8.9912,0.1295,0.0,0.0,0.0,0.0,1,0,0.0,0.0,0.0,0.0,2,1.0,1.0,1.0,1.0,1.0,1.0,0.0,0.0,0.0,0.0,0.0,8.243e-08,0.0022,0.0322
1623303,Brussowvirus,2,0.4577,0.003,0.0441,0.0067,0.1006,-8.9729,0.3997,0.0,0.0,0.0,0.0,4,0,0.0,0.0,0.0,0.0,50,1.16,1.807,2.455,3.103,3.62,3.75,0.0,0.0,0.0,0.0,0.0,0.0009357,0.0067,0.1006
2946818,Beejeyvirus,2,0.4577,0.0022,0.0322,0.0042,0.0642,-8.976,0.3542,0.0,0.0,0.0,0.0,2,0,0.0,0.0,0.0,0.0,13,1.0,1.25,1.5,1.75,1.95,2.0,0.0,0.0,0.0,0.0,0.0,0.00031,0.0042,0.0642
2879396,Nomada lathburiana mononega-like virus,2,0.4577,0.0018,0.027,0.0026,0.0429,-8.9761,0.3532,0.0,0.0,0.0,0.0,2,0,0.0,0.0,0.0,0.0,6,1.0,1.0,1.0,1.0,1.0,1.0,0.0,0.0,0.0,0.0,0.0,0.0003989,0.0026,0.0429
1678078,Mollivirus sibericum,2,0.4577,0.0018,0.027,0.0037,0.0549,-8.982,0.2657,0.0,0.0,0.0,0.0,2,0,0.0,0.0,0.0,0.0,6,1.0,1.75,2.5,3.25,3.85,4.0,0.0,0.0,0.0,0.0,0.0,9.368e-06,0.0037,0.0549
2035399,Eptesicus fuscus gammaherpesvirus,2,0.4577,0.0014,0.0203,0.0021,0.0322,-8.9816,0.272,0.0,0.0,0.0,0.0,1,0,0.0,0.0,0.0,0.0,3,1.0,1.0,1.0,1.0,1.0,1.0,0.0,0.0,0.0,0.0,0.0,1.805e-05,0.0021,0.0322
3044737,Ictavirus,2,0.4577,0.0014,0.0203,0.0014,0.0203,-8.982,0.2655,0.0,0.0,0.0,0.0,1,0,0.0,0.0,0.0,0.0,1,1.0,1.25,1.5,1.75,1.95,2.0,0.0,0.0,0.0,0.0,0.0,8.759e-06,0.0014,0.0203
72358,Trachipleistophora,2,0.4577,0.0014,0.0203,0.0027,0.0404,-8.9881,0.1757,0.0,0.0,0.0,0.0,1,0,0.0,0.0,0.0,0.0,4,1.0,1.0,1.0,1.0,1.0,1.0,0.0,0.0,0.0,0.0,0.0,5.576e-07,0.0027,0.0404
178898,Carboxydocella,2,0.4577,0.0018,0.027,0.0037,0.0593,-8.9849,0.2245,0.0,0.0,0.0,0.0,2,0,0.0,0.0,0.0,0.0,13,1.0,1.038,1.075,1.112,1.142,1.15,0.0,0.0,0.0,0.0,0.0,5.06e-06,0.0037,0.0581
2831916,Pukyongia,2,0.4577,0.0014,0.0203,0.003,0.0441,-8.9861,0.2058,0.0,0.0,0.0,0.0,1,0,0.0,0.0,0.0,0.0,4,1.0,1.0,1.0,1.0,1.0,1.0,0.0,0.0,0.0,0.0,0.0,1.28e-06,0.003,0.0441
1522431,Thermosulfurimonas,2,0.4577,0.004,0.0642,0.0046,0.0676,-8.983,0.2511,0.0,0.0,0.0,0.0,17,0,0.0,0.0,0.0,0.0,9,2.89,13.143,23.395,33.647,41.849,43.9,0.0,0.0,0.0,0.0,0.0,5.195e-06,0.0027,0.0421
1699619,Candidatus Westeberhardia,2,0.4577,0.0014,0.0203,0.0028,0.0407,-8.9828,0.2537,0.0,0.0,0.0,0.0,1,0,0.0,0.0,0.0,0.0,3,1.0,1.083,1.165,1.248,1.314,1.33,0.0,0.0,0.0,0.0,0.0,5.686e-06,0.0027,0.0392
1407056,Litorilituus,2,0.4577,0.0036,0.0539,0.006,0.0886,-8.9832,0.2485,0.0,0.0,0.0,0.0,8,0,0.0,0.0,0.0,0.0,20,1.11,1.145,1.18,1.215,1.243,1.25,0.0,0.0,0.0,0.0,0.0,4.88e-06,0.0058,0.0863
109471,Bisgaardia,2,0.4577,0.0098,0.1623,0.0152,0.2415,-8.9725,0.416,0.0,0.0,0.0,0.0,1656,0,0.0,0.0,0.0,0.0,43245,1.17,1.182,1.195,1.208,1.218,1.22,0.0,0.0,0.0,0.0,0.0,0.02135,0.015,0.2392
2781120,Thiosulfativibrio,2,0.4577,0.0048,0.0715,0.0057,0.0848,-8.9825,0.2581,0.0,0.0,0.0,0.0,12,0,0.0,0.0,0.0,0.0,17,1.88,2.292,2.705,3.117,3.447,3.53,0.0,0.0,0.0,0.0,0.0,6.591e-06,0.0049,0.0721
34067,Cycloclasticus,2,0.4577,0.0032,0.0488,0.0056,0.0828,-8.98,0.2948,0.0,0.0,0.0,0.0,7,0,0.0,0.0,0.0,0.0,19,1.0,1.566,2.131,2.697,3.15,3.262857142857143,0.0,0.0,0.0,0.0,0.0,3.037e-05,0.0052,0.0767
2732587,Candidatus Vesicomyosocius,2,0.4577,0.0022,0.0322,0.0038,0.057,-8.9826,0.2564,0.0,0.0,0.0,0.0,2,0,0.0,0.0,0.0,0.0,7,1.0,1.2,1.4,1.6,1.76,1.8,0.0,0.0,0.0,0.0,0.0,6.229e-06,0.0036,0.0535
2817383,Candidatus Azoamicus,2,0.4577,0.0023,0.0364,0.0032,0.0488,-8.9812,0.2784,0.0,0.0,0.0,0.0,4,0,0.0,0.0,0.0,0.0,7,1.0,1.0,1.0,1.0,1.0,1.0,0.0,0.0,0.0,0.0,0.0,2.414e-05,0.0032,0.0488
33811,unclassified Gammaproteobacteria,2,0.4577,0.0018,0.027,0.0067,0.1002,-8.9829,0.2535,0.0,0.0,0.0,0.0,2,0,0.0,0.0,0.0,0.0,43,1.11,1.228,1.345,1.463,1.556,1.58,0.0,0.0,0.0,0.0,0.0,8.394e-06,0.0065,0.0959
46466,Halocella,2,0.4577,0.0014,0.0203,0.0029,0.0436,-8.9852,0.2197,0.0,0.0,0.0,0.0,1,0,0.0,0.0,0.0,0.0,5,1.0,1.25,1.5,1.75,1.95,2.0,0.0,0.0,0.0,0.0,0.0,2.778e-06,0.0027,0.0414
252306,Robiginitalea,2,0.4577,0.0014,0.0203,0.0036,0.0526,-8.9856,0.2132,0.0,0.0,0.0,0.0,1,0,0.0,0.0,0.0,0.0,5,1.0,1.0,1.0,1.0,1.0,1.0,0.0,0.0,0.0,0.0,0.0,1.427e-06,0.0036,0.0526
2175,Methanohalophilus,2,0.4577,0.0018,0.027,0.0018,0.027,-8.9867,0.1963,0.0,0.0,0.0,0.0,2,0,0.0,0.0,0.0,0.0,2,1.0,1.125,1.25,1.375,1.475,1.5,0.0,0.0,0.0,0.0,0.0,1.125e-06,0.0017,0.0247
54260,Ferroglobus,2,0.4577,0.0014,0.0203,0.0014,0.0203,-8.9878,0.18,0.0,0.0,0.0,0.0,1,0,0.0,0.0,0.0,0.0,1,1.0,1.0,1.0,1.0,1.0,1.0,0.0,0.0,0.0,0.0,0.0,4.609e-07,0.0014,0.0203
3044800,Rheavirus,2,0.4577,0.0018,0.027,0.0029,0.0436,-8.983,0.2516,0.0,0.0,0.0,0.0,2,0,0.0,0.0,0.0,0.0,5,1.0,1.05,1.1,1.15,1.19,1.2,0.0,0.0,0.0,0.0,0.0,8.257e-06,0.0029,0.0436
10257,Parapoxvirus,2,0.4577,0.0014,0.0203,0.0027,0.0404,-8.9799,0.2969,0.0,0.0,0.0,0.0,1,0,0.0,0.0,0.0,0.0,4,1.0,1.625,2.25,2.875,3.375,3.5,0.0,0.0,0.0,0.0,0.0,4e-05,0.0027,0.0404
2560198,Pacuvirus,2,0.4577,0.0018,0.027,0.003,0.0464,-8.9751,0.3683,0.0,0.0,0.0,0.0,2,0,0.0,0.0,0.0,0.0,6,1.0,1.0,1.0,1.0,1.0,1.0,0.0,0.0,0.0,0.0,0.0,0.0004822,0.003,0.0464
2169646,Sopolycivirus,2,0.4577,0.0014,0.0203,0.0028,0.0455,-8.9755,0.3623,0.0,0.0,0.0,0.0,1,0,0.0,0.0,0.0,0.0,7,1.0,1.0,1.0,1.0,1.0,1.0,0.0,0.0,0.0,0.0,0.0,0.0005901,0.0028,0.0455
1093928,Porcine astrovirus 5,2,0.4577,0.0014,0.0203,0.0014,0.0203,-8.9762,0.3507,0.0,0.0,0.0,0.0,1,0,0.0,0.0,0.0,0.0,1,3.0,4.0,5.0,6.0,6.8,7.0,0.0,0.0,0.0,0.0,0.0,0.0001548,0.0014,0.0203
67753,Crinivirus,2,0.4577,0.0014,0.0203,0.0032,0.0488,-8.9755,0.3624,0.0,0.0,0.0,0.0,1,0,0.0,0.0,0.0,0.0,7,1.0,1.107,1.215,1.323,1.408,1.43,0.0,0.0,0.0,0.0,0.0,0.0004251,0.0032,0.0488
1920771,Goravirus,2,0.4577,0.0014,0.0203,0.0029,0.0436,-8.9747,0.3742,0.0,0.0,0.0,0.0,1,0,0.0,0.0,0.0,0.0,5,1.0,1.25,1.5,1.75,1.95,2.0,0.0,0.0,0.0,0.0,0.0,0.0005415,0.0029,0.0436
2973078,Alternavirus,2,0.4577,0.0014,0.0203,0.0018,0.027,-8.9763,0.3504,0.0,0.0,0.0,0.0,1,0,0.0,0.0,0.0,0.0,2,1.0,1.125,1.25,1.375,1.475,1.5,0.0,0.0,0.0,0.0,0.0,0.0001973,0.0018,0.027
1923564,Wenzhou gastropodes virus 2,2,0.4577,0.0014,0.0203,0.0025,0.0367,-8.9751,0.3676,0.0,0.0,0.0,0.0,1,0,0.0,0.0,0.0,0.0,3,1.5,1.625,1.75,1.875,1.975,2.0,0.0,0.0,0.0,0.0,0.0,0.0003372,0.0025,0.0367
1922876,Hubei diptera virus 15,2,0.4577,0.0014,0.0203,0.0027,0.0404,-8.9719,0.4151,0.0,0.0,0.0,0.0,1,0,0.0,0.0,0.0,0.0,4,1.0,1.0,1.0,1.0,1.0,1.0,0.0,0.0,0.0,0.0,0.0,0.001958,0.0027,0.0404
2560228,Shalavirus,2,0.4577,0.0014,0.0203,0.0053,0.0785,-8.9771,0.3374,0.0,0.0,0.0,0.0,1,0,0.0,0.0,0.0,0.0,14,1.0,1.0,1.0,1.0,1.0,1.0,0.0,0.0,0.0,0.0,0.0,0.0001021,0.0053,0.0785
2948836,Nekkelsvirus,2,0.4577,0.0027,0.0404,0.0025,0.0367,-8.9784,0.3185,0.0,0.0,0.0,0.0,4,0,0.0,0.0,0.0,0.0,3,1.33,1.748,2.165,2.583,2.916,3.0,0.0,0.0,0.0,0.0,0.0,6.327e-05,0.0025,0.0367
2733194,Mementomorivirus,2,0.4577,0.0033,0.051,0.0097,0.1494,-8.9715,0.4214,0.0,0.0,0.0,0.0,8,0,0.0,0.0,0.0,0.0,578,1.0,1.002,1.003,1.005,1.006,1.00625,0.0,0.0,0.0,0.0,0.0,0.004817,0.0097,0.1494
2842564,Bossavirus,2,0.4577,0.0014,0.0203,0.0014,0.0203,-8.9826,0.2569,0.0,0.0,0.0,0.0,1,0,0.0,0.0,0.0,0.0,1,1.0,1.0,1.0,1.0,1.0,1.0,0.0,0.0,0.0,0.0,0.0,6.341e-06,0.0014,0.0203
936061,Omegapapillomavirus,2,0.4577,0.0014,0.0203,0.0032,0.047,-8.9739,0.3859,0.0,0.0,0.0,0.0,1,0,0.0,0.0,0.0,0.0,5,1.0,1.0,1.0,1.0,1.0,1.0,0.0,0.0,0.0,0.0,0.0,0.0006666,0.0032,0.047
687332,Betatorquevirus,2,0.4577,0.0032,0.0552,0.005,0.0813,-8.9738,0.3891,0.0,0.0,0.0,0.0,12,0,0.0,0.0,0.0,0.0,38,1.0,1.459,1.918,2.377,2.744,2.8358333333333334,0.0,0.0,0.0,0.0,0.0,0.001851,0.005,0.0813
1081630,Candidatus Schneideria,2,0.4577,0.0018,0.027,0.0039,0.0631,-8.9822,0.2645,0.0,0.0,0.0,0.0,2,0,0.0,0.0,0.0,0.0,16,1.0,1.14,1.28,1.42,1.532,1.56,0.0,0.0,0.0,0.0,0.0,2.188e-05,0.0037,0.0591
2822410,Methylotuvimicrobium,2,0.4577,0.0021,0.0322,0.0048,0.0723,-8.9841,0.2343,0.0,0.0,0.0,0.0,3,0,0.0,0.0,0.0,0.0,17,1.0,1.125,1.25,1.375,1.475,1.5,0.0,0.0,0.0,0.0,0.0,4.006e-06,0.0046,0.0695
496496,Viridibacillus,2,0.4577,0.0034,0.058,0.0065,0.103,-8.9829,0.2558,0.0,0.0,0.0,0.0,14,0,0.0,0.0,0.0,0.0,95,1.0,1.0,1.0,1.0,1.0,1.0,0.0,0.0,0.0,0.0,0.0,2.171e-05,0.0065,0.103
2881385,Thermostichus,2,0.4577,0.0018,0.027,0.0049,0.0739,-8.9834,0.2456,0.0,0.0,0.0,0.0,2,0,0.0,0.0,0.0,0.0,17,1.0,1.015,1.03,1.045,1.057,1.06,0.0,0.0,0.0,0.0,0.0,6.644e-06,0.0049,0.0734
1763363,cyanobacterium endosymbiont of Rhopalodia gibberula,2,0.4577,0.0025,0.0399,0.0034,0.05,-8.9853,0.2176,0.0,0.0,0.0,0.0,5,0,0.0,0.0,0.0,0.0,5,1.0,3.7,6.4,9.1,11.26,11.8,0.0,0.0,0.0,0.0,0.0,1.856e-06,0.0025,0.0383
216431,Croceibacter,2,0.4577,0.0014,0.0203,0.0042,0.0626,-8.9844,0.2304,0.0,0.0,0.0,0.0,1,0,0.0,0.0,0.0,0.0,9,1.0,1.222,1.445,1.667,1.845,1.89,0.0,0.0,0.0,0.0,0.0,3.138e-06,0.0039,0.0582
896,Desulfococcus,2,0.4577,0.0018,0.027,0.004,0.0588,-8.9855,0.2139,0.0,0.0,0.0,0.0,2,0,0.0,0.0,0.0,0.0,8,1.6,1.7,1.8,1.9,1.98,2.0,0.0,0.0,0.0,0.0,0.0,1.845e-06,0.0035,0.0515
212790,Sulfurihydrogenibium,2,0.4577,0.0047,0.0794,0.0078,0.1498,-8.9802,0.312,0.0,0.0,0.0,0.0,38,0,0.0,0.0,0.0,0.0,1313,1.1557894736842105,1.367,1.578,1.789,1.958,2.0,0.0,0.0,0.0,0.0,0.0,0.0008257,0.0076,0.148
2900570,Candidatus Absconditicoccus,2,0.4577,0.0018,0.027,0.0031,0.0518,-8.9842,0.2359,0.0,0.0,0.0,0.0,2,0,0.0,0.0,0.0,0.0,10,1.0,1.175,1.35,1.525,1.665,1.7,0.0,0.0,0.0,0.0,0.0,9.025e-06,0.0028,0.0471
2845816,Gordonia phage VanLee,2,0.4577,0.0014,0.0203,0.0014,0.0203,-8.9814,0.2753,0.0,0.0,0.0,0.0,1,0,0.0,0.0,0.0,0.0,1,1.0,1.0,1.0,1.0,1.0,1.0,0.0,0.0,0.0,0.0,0.0,1.188e-05,0.0014,0.0203
2842707,Goettingenvirus,2,0.4577,0.0014,0.0203,0.0018,0.027,-8.9819,0.2681,0.0,0.0,0.0,0.0,1,0,0.0,0.0,0.0,0.0,2,1.0,1.25,1.5,1.75,1.95,2.0,0.0,0.0,0.0,0.0,0.0,1.302e-05,0.0018,0.027
1714268,Alphasphaerolipovirus,2,0.4577,0.0041,0.0662,0.0063,0.0936,-8.9731,0.397,0.0,0.0,0.0,0.0,19,0,0.0,0.0,0.0,0.0,31,1.0,1.63,2.26,2.89,3.394,3.5199999999999996,0.0,0.0,0.0,0.0,0.0,0.001009,0.0063,0.0936
70535,Edhazardia,2,0.4577,0.0014,0.0203,0.0025,0.0367,-8.9912,0.1304,0.0,0.0,0.0,0.0,1,0,0.0,0.0,0.0,0.0,3,1.0,1.0,1.0,1.0,1.0,1.0,0.0,0.0,0.0,0.0,0.0,1.036e-07,0.0025,0.0367
2893058,Pseudalkalibacillus,2,0.4577,0.0018,0.027,0.0035,0.0524,-8.9859,0.2079,0.0,0.0,0.0,0.0,2,0,0.0,0.0,0.0,0.0,6,1.0,1.0,1.0,1.0,1.0,1.0,0.0,0.0,0.0,0.0,0.0,1.458e-06,0.0035,0.0524
283785,Bizionia,2,0.4577,0.0049,0.0836,0.0093,0.1645,-8.9795,0.3165,0.0,0.0,0.0,0.0,47,0,0.0,0.0,0.0,0.0,2340,1.09,1.13,1.17,1.21,1.242,1.25,0.0,0.0,0.0,0.0,0.0,0.0007203,0.0092,0.1633
1511648,Defluviitoga,2,0.4577,0.0014,0.0203,0.0032,0.0472,-8.9849,0.2234,0.0,0.0,0.0,0.0,1,0,0.0,0.0,0.0,0.0,4,1.25,1.438,1.625,1.812,1.962,2.0,0.0,0.0,0.0,0.0,0.0,2.024e-06,0.0028,0.0421
196136,Methanosalsum,2,0.4577,0.0018,0.027,0.0018,0.027,-8.9871,0.1913,0.0,0.0,0.0,0.0,2,0,0.0,0.0,0.0,0.0,2,1.0,1.25,1.5,1.75,1.95,2.0,0.0,0.0,0.0,0.0,0.0,9.51e-07,0.0016,0.0233
10278,Molluscipoxvirus,2,0.4577,0.0014,0.0203,0.0018,0.027,-8.9822,0.263,0.0,0.0,0.0,0.0,1,0,0.0,0.0,0.0,0.0,2,1.0,1.25,1.5,1.75,1.95,2.0,0.0,0.0,0.0,0.0,0.0,1.094e-05,0.0018,0.027
1980517,Orthonairovirus,2,0.4577,0.0014,0.0203,0.0022,0.0322,-8.977,0.3393,0.0,0.0,0.0,0.0,1,0,0.0,0.0,0.0,0.0,2,1.0,1.0,1.0,1.0,1.0,1.0,0.0,0.0,0.0,0.0,0.0,0.0001104,0.0022,0.0322
2948670,Cybitervirus,2,0.4577,0.0018,0.027,0.0033,0.0496,-8.9743,0.3802,0.0,0.0,0.0,0.0,2,0,0.0,0.0,0.0,0.0,6,1.0,1.083,1.165,1.248,1.314,1.33,0.0,0.0,0.0,0.0,0.0,0.0005952,0.0033,0.0496
1922595,Beihai picorna-like virus 50,2,0.4577,0.0014,0.0203,0.0035,0.0524,-8.9734,0.3927,0.0,0.0,0.0,0.0,1,0,0.0,0.0,0.0,0.0,6,1.25,1.27,1.29,1.31,1.326,1.33,0.0,0.0,0.0,0.0,0.0,0.0007928,0.0035,0.0524
2293296,Millipede associated circular virus 1,2,0.4577,0.0018,0.027,0.0021,0.0322,-8.9727,0.4029,0.0,0.0,0.0,0.0,2,0,0.0,0.0,0.0,0.0,3,1.0,1.25,1.5,1.75,1.95,2.0,0.0,0.0,0.0,0.0,0.0,0.001571,0.0021,0.0322
2843396,Jouyvirus,2,0.4577,0.0073,0.1084,0.005,0.074,-8.9653,0.5131,0.0,0.0,0.0,0.0,55,0,0.0,0.0,0.0,0.0,13,107.55555555555556,115.221,122.887,130.553,136.685,138.21818181818182,0.0,0.0,0.0,0.0,0.0,0.04286,0.005,0.074
140410,Peduovirus,2,0.4577,0.0052,0.0764,0.0049,0.0729,-8.9637,0.5362,0.0,0.0,0.0,0.0,13,0,0.0,0.0,0.0,0.0,11,31.400000000000002,33.165,34.931,36.696,38.108,38.46153846153846,0.0,0.0,0.0,0.0,0.0,0.09195,0.0049,0.0729
2948876,Quadragintavirus,2,0.4577,0.0044,0.0676,0.0044,0.0662,-8.9726,0.405,0.0,0.0,0.0,0.0,16,0,0.0,0.0,0.0,0.0,13,16.0,21.967,27.934,33.902,38.675,39.86875,0.0,0.0,0.0,0.0,0.0,0.001317,0.0044,0.0662
2948703,Evevirus,2,0.4577,0.003,0.0441,0.003,0.0441,-8.9737,0.3888,0.0,0.0,0.0,0.0,4,0,0.0,0.0,0.0,0.0,4,14.5,18.55,22.6,26.65,29.89,30.7,0.0,0.0,0.0,0.0,0.0,0.0006547,0.003,0.0441
2943016,Salvovirus,2,0.4577,0.0014,0.0203,0.0049,0.0724,-8.9745,0.3766,0.0,0.0,0.0,0.0,1,0,0.0,0.0,0.0,0.0,14,1.0,1.0,1.0,1.0,1.0,1.0,0.0,0.0,0.0,0.0,0.0,0.0004935,0.0049,0.0724
2731954,Limelightvirus,2,0.4577,0.0018,0.027,0.0057,0.0901,-8.9746,0.3771,0.0,0.0,0.0,0.0,2,0,0.0,0.0,0.0,0.0,51,1.0,1.0,1.0,1.0,1.0,1.0,0.0,0.0,0.0,0.0,0.0,0.001154,0.0057,0.0901
1813613,Picornavirales Bu-3,2,0.4577,0.0014,0.0203,0.003,0.0441,-8.9746,0.375,0.0,0.0,0.0,0.0,1,0,0.0,0.0,0.0,0.0,4,1.0,1.125,1.25,1.375,1.475,1.5,0.0,0.0,0.0,0.0,0.0,0.0004091,0.003,0.0441
2894767,Desulfomarina,2,0.4577,0.0014,0.0203,0.0022,0.0322,-8.9877,0.181,0.0,0.0,0.0,0.0,1,0,0.0,0.0,0.0,0.0,2,1.0,1.125,1.25,1.375,1.475,1.5,0.0,0.0,0.0,0.0,0.0,4.773e-07,0.0021,0.0304
1993653,Candidatus Nitrosomarinus,2,0.4577,0.0018,0.027,0.0018,0.027,-8.9861,0.2051,0.0,0.0,0.0,0.0,2,0,0.0,0.0,0.0,0.0,2,1.0,1.125,1.25,1.375,1.475,1.5,0.0,0.0,0.0,0.0,0.0,1.523e-06,0.0017,0.0247
2734594,Uukuvirus,2,0.4577,0.0014,0.0203,0.0022,0.0322,-8.9755,0.362,0.0,0.0,0.0,0.0,1,0,0.0,0.0,0.0,0.0,2,1.0,1.0,1.0,1.0,1.0,1.0,0.0,0.0,0.0,0.0,0.0,0.0002277,0.0022,0.0322
12148,Tymovirus,2,0.4577,0.0014,0.0203,0.0025,0.0367,-8.9744,0.3786,0.0,0.0,0.0,0.0,1,0,0.0,0.0,0.0,0.0,3,1.0,1.0,1.0,1.0,1.0,1.0,0.0,0.0,0.0,0.0,0.0,0.0004902,0.0025,0.0367
2077304,Leptonychotes weddellii papillomavirus 3,2,0.4577,0.0014,0.0203,0.003,0.0441,-8.9741,0.3824,0.0,0.0,0.0,0.0,1,0,0.0,0.0,0.0,0.0,4,1.0,1.0,1.0,1.0,1.0,1.0,0.0,0.0,0.0,0.0,0.0,0.0005257,0.003,0.0441
12914,Acidianus,2,0.4577,0.0014,0.0203,0.0018,0.027,-8.9874,0.1864,0.0,0.0,0.0,0.0,1,0,0.0,0.0,0.0,0.0,2,1.0,1.0,1.0,1.0,1.0,1.0,0.0,0.0,0.0,0.0,0.0,7.304e-07,0.0018,0.027
5587,Rhinocladiella,2,0.4577,0.0051,0.0752,0.0022,0.0322,-8.9918,0.1217,0.0,0.0,0.0,0.0,13,0,0.0,0.0,0.0,0.0,2,11.0,11.5,12.0,12.5,12.9,13.0,0.0,0.0,0.0,0.0,0.0,6.317e-08,0.0009,0.0134
2560111,Ceetrepovirus,1,0.2288,0.0028,0.0576,0.004,0.0829,-8.9857,0.299,0.0,0.0,0.0,0.0,15,0,0.0,0.0,0.0,0.0,53,2.249333333333333,2.249,2.249,2.249,2.249,2.249333333333333,0.0,0.0,0.0,0.0,0.0,0.001781,0.004,0.0829
2712957,Ochrobactrum phage vB_OspP_OH,1,0.2288,0.0022,0.0456,0.004,0.0844,-8.9859,0.2938,0.0,0.0,0.0,0.0,8,0,0.0,0.0,0.0,0.0,57,2.98,2.98,2.98,2.98,2.98,2.98,0.0,0.0,0.0,0.0,0.0,0.001384,0.004,0.0844
2801834,Klebsiella phage vB_KpM_FBKp24,1,0.2288,0.0014,0.0288,0.0051,0.1073,-8.9868,0.2754,0.0,0.0,0.0,0.0,3,0,0.0,0.0,0.0,0.0,174,1.3999999999999997,1.4,1.4,1.4,1.4,1.3999999999999997,0.0,0.0,0.0,0.0,0.0,0.0005726,0.0051,0.1073
1089121,Mycobacterium phage Dori,1,0.2288,0.0007,0.0144,0.0032,0.0677,-8.9871,0.2691,0.0,0.0,0.0,0.0,1,0,0.0,0.0,0.0,0.0,25,1.0,1.0,1.0,1.0,1.0,1.0,0.0,0.0,0.0,0.0,0.0,0.0004229,0.0032,0.0677
2843439,Predatorvirus,1,0.2288,0.0022,0.0456,0.0046,0.0953,-8.9859,0.2939,0.0,0.0,0.0,0.0,8,0,0.0,0.0,0.0,0.0,97,2.66,2.66,2.66,2.66,2.66,2.66,0.0,0.0,0.0,0.0,0.0,0.001395,0.0046,0.0953
2169657,Trigintaduovirus,1,0.2288,0.0014,0.0288,0.0038,0.0791,-8.9862,0.289,0.0,0.0,0.0,0.0,3,0,0.0,0.0,0.0,0.0,44,2.61,2.61,2.61,2.61,2.61,2.61,0.0,0.0,0.0,0.0,0.0,0.001102,0.0038,0.0791
2560178,Minunavirus,1,0.2288,0.0007,0.0144,0.003,0.0633,-8.9871,0.27,0.0,0.0,0.0,0.0,1,0,0.0,0.0,0.0,0.0,20,1.0,1.0,1.0,1.0,1.0,1.0,0.0,0.0,0.0,0.0,0.0,0.0004405,0.003,0.0633
1051631,Streptococcus phage YMC-2011,1,0.2288,0.0007,0.0144,0.0031,0.0642,-8.9868,0.2756,0.0,0.0,0.0,0.0,1,0,0.0,0.0,0.0,0.0,21,1.0,1.0,1.0,1.0,1.0,1.0,0.0,0.0,0.0,0.0,0.0,0.0005766,0.0031,0.0642
2508244,Pregotovirus,1,0.2288,0.0007,0.0144,0.0007,0.0144,-8.9897,0.2147,0.0,0.0,0.0,0.0,1,0,0.0,0.0,0.0,0.0,1,1.0,1.0,1.0,1.0,1.0,1.0,0.0,0.0,0.0,0.0,0.0,3.082e-05,0.0007,0.0144
2907134,Constantimarinum,1,0.2288,0.0007,0.0144,0.0011,0.0228,-8.9935,0.1355,0.0,0.0,0.0,0.0,1,0,0.0,0.0,0.0,0.0,2,1.0,1.0,1.0,1.0,1.0,1.0,0.0,0.0,0.0,0.0,0.0,6.817e-07,0.0011,0.0228
1643951,Pseudothermotoga,1,0.2288,0.0011,0.0228,0.0016,0.0334,-8.9905,0.1983,0.0,0.0,0.0,0.0,2,0,0.0,0.0,0.0,0.0,4,4.0,4.0,4.0,4.0,4.0,4.0,0.0,0.0,0.0,0.0,0.0,1.399e-05,0.0011,0.0228
2848886,Streptomyces phage KimJongPhill,1,0.2288,0.0007,0.0144,0.0027,0.0563,-8.988,0.2507,0.0,0.0,0.0,0.0,1,0,0.0,0.0,0.0,0.0,14,1.86,1.86,1.86,1.86,1.86,1.86,0.0,0.0,0.0,0.0,0.0,0.0001744,0.0027,0.0563
1147043,Staphylococcus phage StB20,1,0.2288,0.0007,0.0144,0.0025,0.0516,-8.9866,0.281,0.0,0.0,0.0,0.0,1,0,0.0,0.0,0.0,0.0,11,1.0,1.0,1.0,1.0,1.0,1.0,0.0,0.0,0.0,0.0,0.0,0.0007472,0.0025,0.0516
754075,Vibrio phage 11895-B1,1,0.2288,0.0007,0.0144,0.0014,0.0288,-8.99,0.2093,0.0,0.0,0.0,0.0,1,0,0.0,0.0,0.0,0.0,3,2.0,2.0,2.0,2.0,2.0,2.0,0.0,0.0,0.0,0.0,0.0,2.375e-05,0.0014,0.0288
1026955,Synechococcus phage S-CRM01,1,0.2288,0.0007,0.0144,0.0016,0.0334,-8.99,0.2082,0.0,0.0,0.0,0.0,1,0,0.0,0.0,0.0,0.0,4,1.0,1.0,1.0,1.0,1.0,1.0,0.0,0.0,0.0,0.0,0.0,2.249e-05,0.0016,0.0334
2856180,Methanoculleus virus L4768,1,0.2288,0.0007,0.0144,0.0016,0.0334,-8.9885,0.2408,0.0,0.0,0.0,0.0,1,0,0.0,0.0,0.0,0.0,4,1.0,1.0,1.0,1.0,1.0,1.0,0.0,0.0,0.0,0.0,0.0,0.0001081,0.0016,0.0334
2894790,Bacillus phage vB_BanS_Sophrita,1,0.2288,0.0007,0.0144,0.0007,0.0144,-8.9911,0.1863,0.0,0.0,0.0,0.0,1,0,0.0,0.0,0.0,0.0,1,1.0,1.0,1.0,1.0,1.0,1.0,0.0,0.0,0.0,0.0,0.0,7.831e-06,0.0007,0.0144
1917990,Bequatrovirus,1,0.2288,0.0007,0.0144,0.0011,0.0228,-8.9903,0.2033,0.0,0.0,0.0,0.0,1,0,0.0,0.0,0.0,0.0,2,1.0,1.0,1.0,1.0,1.0,1.0,0.0,0.0,0.0,0.0,0.0,1.775e-05,0.0011,0.0228
2733118,Nereusvirus,1,0.2288,0.0014,0.0288,0.0011,0.0228,-8.9905,0.1984,0.0,0.0,0.0,0.0,3,0,0.0,0.0,0.0,0.0,2,4.0,4.0,4.0,4.0,4.0,4.0,0.0,0.0,0.0,0.0,0.0,1.407e-05,0.0011,0.0228
2588487,Synechococcus phage S-SCSM1,1,0.2288,0.0007,0.0144,0.0014,0.0288,-8.9906,0.1973,0.0,0.0,0.0,0.0,1,0,0.0,0.0,0.0,0.0,3,2.0,2.0,2.0,2.0,2.0,2.0,0.0,0.0,0.0,0.0,0.0,1.332e-05,0.0014,0.0288
2733129,Salacisavirus,1,0.2288,0.0007,0.0144,0.0018,0.0372,-8.9902,0.2056,0.0,0.0,0.0,0.0,1,0,0.0,0.0,0.0,0.0,5,1.0,1.0,1.0,1.0,1.0,1.0,0.0,0.0,0.0,0.0,0.0,1.989e-05,0.0018,0.0372
2843390,Hattifnattvirus,1,0.2288,0.0011,0.0228,0.0028,0.0589,-8.9856,0.3009,0.0,0.0,0.0,0.0,2,0,0.0,0.0,0.0,0.0,16,2.0,2.0,2.0,2.0,2.0,2.0,0.0,0.0,0.0,0.0,0.0,0.00195,0.0028,0.0589
2842727,Henunavirus,1,0.2288,0.0007,0.0144,0.0041,0.0847,-8.9872,0.2681,0.0,0.0,0.0,0.0,1,0,0.0,0.0,0.0,0.0,58,1.17,1.17,1.17,1.17,1.17,1.17,0.0,0.0,0.0,0.0,0.0,0.0004025,0.0041,0.0847
2733151,Xuquatrovirus,1,0.2288,0.0007,0.0144,0.0032,0.0677,-8.9872,0.2683,0.0,0.0,0.0,0.0,1,0,0.0,0.0,0.0,0.0,25,2.0,2.0,2.0,2.0,2.0,2.0,0.0,0.0,0.0,0.0,0.0,0.0004062,0.0032,0.0677
2560233,Sugarlandvirus,1,0.2288,0.0007,0.0144,0.0019,0.0404,-8.9887,0.2354,0.0,0.0,0.0,0.0,1,0,0.0,0.0,0.0,0.0,6,2.0,2.0,2.0,2.0,2.0,2.0,0.0,0.0,0.0,0.0,0.0,8.345e-05,0.0019,0.0404
2948755,Harrisonburgvirus,1,0.2288,0.0007,0.0144,0.0018,0.0372,-8.9884,0.2423,0.0,0.0,0.0,0.0,1,0,0.0,0.0,0.0,0.0,5,2.0,2.0,2.0,2.0,2.0,2.0,0.0,0.0,0.0,0.0,0.0,0.0001162,0.0018,0.0372
1623282,Chenonavirus,1,0.2288,0.0007,0.0144,0.0018,0.0372,-8.9884,0.2429,0.0,0.0,0.0,0.0,1,0,0.0,0.0,0.0,0.0,5,1.2,1.2,1.2,1.2,1.2,1.2,0.0,0.0,0.0,0.0,0.0,0.0001197,0.0018,0.0372
2560127,Emalynvirus,1,0.2288,0.0007,0.0144,0.0018,0.0372,-8.9902,0.2041,0.0,0.0,0.0,0.0,1,0,0.0,0.0,0.0,0.0,5,1.0,1.0,1.0,1.0,1.0,1.0,0.0,0.0,0.0,0.0,0.0,1.844e-05,0.0018,0.0372
2843478,Yonseivirus,1,0.2288,0.0007,0.0144,0.0011,0.0228,-8.9891,0.2273,0.0,0.0,0.0,0.0,1,0,0.0,0.0,0.0,0.0,2,2.0,2.0,2.0,2.0,2.0,2.0,0.0,0.0,0.0,0.0,0.0,5.652e-05,0.0011,0.0228
2843423,Moturavirus,1,0.2288,0.0007,0.0144,0.0011,0.0228,-8.9909,0.1892,0.0,0.0,0.0,0.0,1,0,0.0,0.0,0.0,0.0,2,2.0,2.0,2.0,2.0,2.0,2.0,0.0,0.0,0.0,0.0,0.0,9.037e-06,0.0011,0.0228
1982111,Eiauvirus,1,0.2288,0.0007,0.0144,0.0011,0.0228,-8.9893,0.2233,0.0,0.0,0.0,0.0,1,0,0.0,0.0,0.0,0.0,2,1.0,1.0,1.0,1.0,1.0,1.0,0.0,0.0,0.0,0.0,0.0,4.659e-05,0.0011,0.0228
1913654,Gaprivervirus,1,0.2288,0.0007,0.0144,0.0019,0.0404,-8.9887,0.2366,0.0,0.0,0.0,0.0,1,0,0.0,0.0,0.0,0.0,6,1.0,1.0,1.0,1.0,1.0,1.0,0.0,0.0,0.0,0.0,0.0,8.836e-05,0.0019,0.0404
2733095,Barbavirus,1,0.2288,0.0007,0.0144,0.0007,0.0144,-8.9895,0.2198,0.0,0.0,0.0,0.0,1,0,0.0,0.0,0.0,0.0,1,1.0,1.0,1.0,1.0,1.0,1.0,0.0,0.0,0.0,0.0,0.0,3.937e-05,0.0007,0.0144
2942990,Canhaevirus,1,0.2288,0.0007,0.0144,0.0018,0.0372,-8.9892,0.2266,0.0,0.0,0.0,0.0,1,0,0.0,0.0,0.0,0.0,5,1.0,1.0,1.0,1.0,1.0,1.0,0.0,0.0,0.0,0.0,0.0,5.47e-05,0.0018,0.0372
537874,Streptococcus phage PH15,1,0.2288,0.0007,0.0144,0.0011,0.0228,-8.9892,0.2254,0.0,0.0,0.0,0.0,1,0,0.0,0.0,0.0,0.0,2,1.0,1.0,1.0,1.0,1.0,1.0,0.0,0.0,0.0,0.0,0.0,5.157e-05,0.0011,0.0228
2928831,Pseudomonas phage Kremar,1,0.2288,0.0007,0.0144,0.0035,0.0739,-8.987,0.2716,0.0,0.0,0.0,0.0,1,0,0.0,0.0,0.0,0.0,34,1.0,1.0,1.0,1.0,1.0,1.0,0.0,0.0,0.0,0.0,0.0,0.0004769,0.0035,0.0739
2894335,Burkholderia phage BgManors32,1,0.2288,0.0007,0.0144,0.0014,0.0288,-8.9888,0.2336,0.0,0.0,0.0,0.0,1,0,0.0,0.0,0.0,0.0,3,2.0,2.0,2.0,2.0,2.0,2.0,0.0,0.0,0.0,0.0,0.0,7.628e-05,0.0014,0.0288
2718942,Synechococcus phage S-H34,1,0.2288,0.0007,0.0144,0.0018,0.0372,-8.9896,0.2166,0.0,0.0,0.0,0.0,1,0,0.0,0.0,0.0,0.0,5,1.0,1.0,1.0,1.0,1.0,1.0,0.0,0.0,0.0,0.0,0.0,3.368e-05,0.0018,0.0372
2842819,Lasallevirus,1,0.2288,0.0011,0.0228,0.0046,0.0959,-8.9868,0.2768,0.0,0.0,0.0,0.0,2,0,0.0,0.0,0.0,0.0,100,1.53,1.53,1.53,1.53,1.53,1.53,0.0,0.0,0.0,0.0,0.0,0.0006122,0.0046,0.0959
2560176,Mimasvirus,1,0.2288,0.0007,0.0144,0.0021,0.0432,-8.9901,0.2066,0.0,0.0,0.0,0.0,1,0,0.0,0.0,0.0,0.0,7,2.0,2.0,2.0,2.0,2.0,2.0,0.0,0.0,0.0,0.0,0.0,2.079e-05,0.0021,0.0432
2948784,Kimonavirus,1,0.2288,0.0007,0.0144,0.0023,0.0478,-8.9879,0.2524,0.0,0.0,0.0,0.0,1,0,0.0,0.0,0.0,0.0,9,1.0,1.0,1.0,1.0,1.0,1.0,0.0,0.0,0.0,0.0,0.0,0.000189,0.0023,0.0478
578234,Lactobacillus phage Lv-1,1,0.2288,0.0007,0.0144,0.003,0.0622,-8.9865,0.2828,0.0,0.0,0.0,0.0,1,0,0.0,0.0,0.0,0.0,19,1.05,1.05,1.05,1.05,1.05,1.05,0.0,0.0,0.0,0.0,0.0,0.0008162,0.003,0.0622
2842369,Alphadrosrhavirus,1,0.2288,0.0007,0.0144,0.0007,0.0144,-8.9889,0.2312,0.0,0.0,0.0,0.0,1,0,0.0,0.0,0.0,0.0,1,1.0,1.0,1.0,1.0,1.0,1.0,0.0,0.0,0.0,0.0,0.0,6.802e-05,0.0007,0.0144
2903106,Haploplasma,1,0.2288,0.0011,0.0228,0.0022,0.0456,-8.9916,0.1748,0.0,0.0,0.0,0.0,2,0,0.0,0.0,0.0,0.0,8,6.25,6.25,6.25,6.25,6.25,6.25,0.0,0.0,0.0,0.0,0.0,4.505e-06,0.0014,0.0298
1906660,Candidatus Mikella,1,0.2288,0.0007,0.0144,0.0011,0.0228,-8.9914,0.1805,0.0,0.0,0.0,0.0,1,0,0.0,0.0,0.0,0.0,2,1.0,1.0,1.0,1.0,1.0,1.0,0.0,0.0,0.0,0.0,0.0,5.919e-06,0.0011,0.0228
1266451,Mulberry vein banding virus,1,0.2288,0.0007,0.0144,0.0011,0.0228,-8.9884,0.2428,0.0,0.0,0.0,0.0,1,0,0.0,0.0,0.0,0.0,2,1.0,1.0,1.0,1.0,1.0,1.0,0.0,0.0,0.0,0.0,0.0,0.0001192,0.0011,0.0228
2946791,Alphahypovirus,1,0.2288,0.0007,0.0144,0.0011,0.0228,-8.9881,0.2486,0.0,0.0,0.0,0.0,1,0,0.0,0.0,0.0,0.0,2,1.0,1.0,1.0,1.0,1.0,1.0,0.0,0.0,0.0,0.0,0.0,0.0001575,0.0011,0.0228
2733206,Rowavirus,1,0.2288,0.0007,0.0144,0.0022,0.0456,-8.9879,0.2522,0.0,0.0,0.0,0.0,1,0,0.0,0.0,0.0,0.0,8,1.0,1.0,1.0,1.0,1.0,1.0,0.0,0.0,0.0,0.0,0.0,0.0001868,0.0022,0.0456
2948662,Chrysonvirus,1,0.2288,0.0007,0.0144,0.0021,0.0432,-8.9897,0.2152,0.0,0.0,0.0,0.0,1,0,0.0,0.0,0.0,0.0,7,2.0,2.0,2.0,2.0,2.0,2.0,0.0,0.0,0.0,0.0,0.0,3.158e-05,0.0021,0.0432
2733110,Libanvirus,1,0.2288,0.0007,0.0144,0.0019,0.0404,-8.9897,0.2155,0.0,0.0,0.0,0.0,1,0,0.0,0.0,0.0,0.0,6,1.0,1.0,1.0,1.0,1.0,1.0,0.0,0.0,0.0,0.0,0.0,3.195e-05,0.0019,0.0404
2163605,Pseudomonas phage vB_PaeM_PA5oct,1,0.2288,0.0007,0.0144,0.004,0.0836,-8.9879,0.2528,0.0,0.0,0.0,0.0,1,0,0.0,0.0,0.0,0.0,55,1.0,1.0,1.0,1.0,1.0,1.0,0.0,0.0,0.0,0.0,0.0,0.0001926,0.004,0.0836
1357710,Pseudoalteromonas phage HS6,1,0.2288,0.0007,0.0144,0.0026,0.0548,-8.9872,0.2668,0.0,0.0,0.0,0.0,1,0,0.0,0.0,0.0,0.0,13,1.0,1.0,1.0,1.0,1.0,1.0,0.0,0.0,0.0,0.0,0.0,0.0003772,0.0026,0.0548
2942989,Afonbuvirus,1,0.2288,0.0007,0.0144,0.0029,0.0612,-8.9874,0.2643,0.0,0.0,0.0,0.0,1,0,0.0,0.0,0.0,0.0,18,1.0,1.0,1.0,1.0,1.0,1.0,0.0,0.0,0.0,0.0,0.0,0.0003354,0.0029,0.0612
2560122,Dismasvirus,1,0.2288,0.0007,0.0144,0.0007,0.0144,-8.9926,0.1547,0.0,0.0,0.0,0.0,1,0,0.0,0.0,0.0,0.0,1,2.0,2.0,2.0,2.0,2.0,2.0,0.0,0.0,0.0,0.0,0.0,1.714e-06,0.0007,0.0144
2948639,Bragavirus,1,0.2288,0.0007,0.0144,0.0007,0.0144,-8.9913,0.1828,0.0,0.0,0.0,0.0,1,0,0.0,0.0,0.0,0.0,1,1.0,1.0,1.0,1.0,1.0,1.0,0.0,0.0,0.0,0.0,0.0,6.62e-06,0.0007,0.0144
2661818,Saliniradius,1,0.2288,0.0025,0.0516,0.0023,0.0478,-8.9921,0.1653,0.0,0.0,0.0,0.0,11,0,0.0,0.0,0.0,0.0,9,9.67,9.67,9.67,9.67,9.67,9.67,0.0,0.0,0.0,0.0,0.0,2.854e-06,0.0014,0.0282
79598,Heliorestis,1,0.2288,0.0027,0.0563,0.0024,0.0498,-8.992,0.1674,0.0,0.0,0.0,0.0,14,0,0.0,0.0,0.0,0.0,10,6.6,6.6,6.6,6.6,6.6,6.6,0.0,0.0,0.0,0.0,0.0,3.165e-06,0.0016,0.033
762641,Muriicola,1,0.2288,0.0011,0.0228,0.003,0.0633,-8.9913,0.1826,0.0,0.0,0.0,0.0,2,0,0.0,0.0,0.0,0.0,20,1.0,1.0,1.0,1.0,1.0,1.0,0.0,0.0,0.0,0.0,0.0,6.579e-06,0.003,0.0633
2713,Aquifex,1,0.2288,0.0007,0.0144,0.0027,0.0563,-8.991,0.1889,0.0,0.0,0.0,0.0,1,0,0.0,0.0,0.0,0.0,14,1.79,1.79,1.79,1.79,1.79,1.79,0.0,0.0,0.0,0.0,0.0,8.881e-06,0.0024,0.0507
1769718,Athalassotoga,1,0.2288,0.0014,0.0288,0.003,0.0633,-8.9908,0.1914,0.0,0.0,0.0,0.0,3,0,0.0,0.0,0.0,0.0,20,1.05,1.05,1.05,1.05,1.05,1.05,0.0,0.0,0.0,0.0,0.0,1.001e-05,0.003,0.0628
693074,Caldisericum,1,0.2288,0.0007,0.0144,0.0023,0.0478,-8.9914,0.1804,0.0,0.0,0.0,0.0,1,0,0.0,0.0,0.0,0.0,9,8.56,8.56,8.56,8.56,8.56,8.56,0.0,0.0,0.0,0.0,0.0,5.913e-06,0.0014,0.0292
27971,Enterocytozoon,1,0.2288,0.0011,0.0228,0.0011,0.0228,-8.993,0.1467,0.0,0.0,0.0,0.0,2,0,0.0,0.0,0.0,0.0,2,12.5,12.5,12.5,12.5,12.5,12.5,0.0,0.0,0.0,0.0,0.0,1.167e-06,0.0004,0.0093
2195,Methanogenium,1,0.2288,0.0026,0.0548,0.0011,0.0228,-8.9933,0.1393,0.0,0.0,0.0,0.0,13,0,0.0,0.0,0.0,0.0,2,13.0,13.0,13.0,13.0,13.0,13.0,0.0,0.0,0.0,0.0,0.0,8.165e-07,0.0004,0.0092
1747777,Cuniculiplasma,1,0.2288,0.0011,0.0228,0.0011,0.0228,-8.9933,0.1396,0.0,0.0,0.0,0.0,2,0,0.0,0.0,0.0,0.0,2,15.0,15.0,15.0,15.0,15.0,15.0,0.0,0.0,0.0,0.0,0.0,8.269e-07,0.0004,0.0086
2601632,Pseudomonas phage vB_PaeM_PS119XW,1,0.2288,0.0026,0.0548,0.0014,0.0288,-8.9908,0.1914,0.0,0.0,0.0,0.0,13,0,0.0,0.0,0.0,0.0,3,13.0,13.0,13.0,13.0,13.0,13.0,0.0,0.0,0.0,0.0,0.0,1.001e-05,0.0014,0.0288
2948714,Galenevirus,1,0.2288,0.0029,0.0612,0.0025,0.0533,-8.9888,0.2333,0.0,0.0,0.0,0.0,18,0,0.0,0.0,0.0,0.0,12,18.0,18.0,18.0,18.0,18.0,18.0,0.0,0.0,0.0,0.0,0.0,7.546e-05,0.0025,0.0533
2948925,Thonkovirus,1,0.2288,0.0032,0.066,0.0014,0.0288,-8.9894,0.2219,0.0,0.0,0.0,0.0,23,0,0.0,0.0,0.0,0.0,3,23.0,23.0,23.0,23.0,23.0,23.0,0.0,0.0,0.0,0.0,0.0,4.354e-05,0.0014,0.0288
1623302,Saphexavirus,1,0.2288,0.0029,0.0612,0.0011,0.0228,-8.9889,0.2321,0.0,0.0,0.0,0.0,18,0,0.0,0.0,0.0,0.0,2,17.5,17.5,17.5,17.5,17.5,17.5,0.0,0.0,0.0,0.0,0.0,7.11e-05,0.0011,0.0228
2843161,Zicotriavirus,1,0.2288,0.0027,0.0563,0.0014,0.0288,-8.9883,0.2439,0.0,0.0,0.0,0.0,14,0,0.0,0.0,0.0,0.0,3,14.0,14.0,14.0,14.0,14.0,14.0,0.0,0.0,0.0,0.0,0.0,0.0001257,0.0014,0.0288
1915205,Obolenskvirus,1,0.2288,0.0027,0.0563,0.0007,0.0144,-8.9897,0.2146,0.0,0.0,0.0,0.0,14,0,0.0,0.0,0.0,0.0,1,14.0,14.0,14.0,14.0,14.0,14.0,0.0,0.0,0.0,0.0,0.0,3.061e-05,0.0007,0.0144
1299429,Yuavirus,1,0.2288,0.0014,0.0288,0.0031,0.0642,-8.9859,0.2947,0.0,0.0,0.0,0.0,3,0,0.0,0.0,0.0,0.0,21,1.8999999999999997,1.9,1.9,1.9,1.9,1.8999999999999997,0.0,0.0,0.0,0.0,0.0,0.001445,0.0031,0.0642
2560172,Magoulivirus,1,0.2288,0.0029,0.0612,0.0035,0.0733,-8.9836,0.3424,0.0,0.0,0.0,0.0,18,0,0.0,0.0,0.0,0.0,33,16.3,16.3,16.3,16.3,16.3,16.3,0.0,0.0,0.0,0.0,0.0,0.0144,0.0035,0.0733
186783,Ourmiavirus,1,0.2288,0.0022,0.0456,0.0039,0.0809,-8.9834,0.3473,0.0,0.0,0.0,0.0,8,0,0.0,0.0,0.0,0.0,48,7.12,7.12,7.12,7.12,7.12,7.12,0.0,0.0,0.0,0.0,0.0,0.01824,0.0039,0.0809
2733294,Polymycovirus,1,0.2288,0.0034,0.0707,0.0028,0.0589,-8.9855,0.3023,0.0,0.0,0.0,0.0,29,0,0.0,0.0,0.0,0.0,16,10.8,10.8,10.8,10.8,10.8,10.8,0.0,0.0,0.0,0.0,0.0,0.002085,0.0028,0.0589
1805626,Pithovirus,1,0.2288,0.0007,0.0144,0.0023,0.0478,-8.9903,0.2027,0.0,0.0,0.0,0.0,1,0,0.0,0.0,0.0,0.0,9,1.0,1.0,1.0,1.0,1.0,1.0,0.0,0.0,0.0,0.0,0.0,1.73e-05,0.0023,0.0478
2899804,Iocasia,1,0.2288,0.0007,0.0144,0.0014,0.0288,-8.9926,0.1554,0.0,0.0,0.0,0.0,1,0,0.0,0.0,0.0,0.0,3,1.0,1.0,1.0,1.0,1.0,1.0,0.0,0.0,0.0,0.0,0.0,1.77e-06,0.0014,0.0288
2843458,Sozzivirus,1,0.2288,0.0007,0.0144,0.0007,0.0144,-8.9888,0.2335,0.0,0.0,0.0,0.0,1,0,0.0,0.0,0.0,0.0,1,1.0,1.0,1.0,1.0,1.0,1.0,0.0,0.0,0.0,0.0,0.0,7.599e-05,0.0007,0.0144
2100760,Saccharolobus,1,0.2288,0.0016,0.0334,0.0014,0.0288,-8.993,0.1466,0.0,0.0,0.0,0.0,4,0,0.0,0.0,0.0,0.0,3,4.0,4.0,4.0,4.0,4.0,4.0,0.0,0.0,0.0,0.0,0.0,1.163e-06,0.0009,0.019
1982355,Pamexvirus,1,0.2288,0.0007,0.0144,0.0023,0.0478,-8.9875,0.2623,0.0,0.0,0.0,0.0,1,0,0.0,0.0,0.0,0.0,9,1.0,1.0,1.0,1.0,1.0,1.0,0.0,0.0,0.0,0.0,0.0,0.0003046,0.0023,0.0478
2948813,Mahstovirus,1,0.2288,0.0007,0.0144,0.0011,0.0228,-8.9901,0.2066,0.0,0.0,0.0,0.0,1,0,0.0,0.0,0.0,0.0,2,1.0,1.0,1.0,1.0,1.0,1.0,0.0,0.0,0.0,0.0,0.0,2.081e-05,0.0011,0.0228
1291539,Candidatus Methanomethylophilus,1,0.2288,0.0011,0.0228,0.0051,0.106,-8.9886,0.2389,0.0,0.0,0.0,0.0,2,0,0.0,0.0,0.0,0.0,163,1.0,1.0,1.0,1.0,1.0,1.0,0.0,0.0,0.0,0.0,0.0,9.874e-05,0.0051,0.106
2483661,Rothia phage Spartoi,1,0.2288,0.0011,0.0228,0.0029,0.0612,-8.9869,0.2733,0.0,0.0,0.0,0.0,2,0,0.0,0.0,0.0,0.0,18,2.0,2.0,2.0,2.0,2.0,2.0,0.0,0.0,0.0,0.0,0.0,0.0005169,0.0029,0.0612
447909,Geobacillus virus E2,1,0.2288,0.0007,0.0144,0.0028,0.0576,-8.987,0.271,0.0,0.0,0.0,0.0,1,0,0.0,0.0,0.0,0.0,15,1.0,1.0,1.0,1.0,1.0,1.0,0.0,0.0,0.0,0.0,0.0,0.0004631,0.0028,0.0576
2560128,Eneladusvirus,1,0.2288,0.0007,0.0144,0.0007,0.0144,-8.9921,0.1658,0.0,0.0,0.0,0.0,1,0,0.0,0.0,0.0,0.0,1,1.0,1.0,1.0,1.0,1.0,1.0,0.0,0.0,0.0,0.0,0.0,2.917e-06,0.0007,0.0144
74968,Ferroplasma,1,0.2288,0.0007,0.0144,0.0007,0.0144,-8.993,0.1465,0.0,0.0,0.0,0.0,1,0,0.0,0.0,0.0,0.0,1,1.0,1.0,1.0,1.0,1.0,1.0,0.0,0.0,0.0,0.0,0.0,1.153e-06,0.0007,0.0144
2732683,Ghunavirus,1,0.2288,0.0007,0.0144,0.0007,0.0144,-8.9898,0.2127,0.0,0.0,0.0,0.0,1,0,0.0,0.0,0.0,0.0,1,1.0,1.0,1.0,1.0,1.0,1.0,0.0,0.0,0.0,0.0,0.0,2.794e-05,0.0007,0.0144
2219109,Botrytis cinerea hypovirus 1 satellite-like RNA,1,0.2288,0.0007,0.0144,0.0007,0.0144,-8.9873,0.2652,0.0,0.0,0.0,0.0,1,0,0.0,0.0,0.0,0.0,1,2.0,2.0,2.0,2.0,2.0,2.0,0.0,0.0,0.0,0.0,0.0,0.0003494,0.0007,0.0144
1400133,Allobacillus,1,0.2288,0.0014,0.0288,0.0014,0.0288,-8.993,0.1462,0.0,0.0,0.0,0.0,3,0,0.0,0.0,0.0,0.0,3,3.0,3.0,3.0,3.0,3.0,3.0,0.0,0.0,0.0,0.0,0.0,1.14e-06,0.001,0.0209
164450,Vulcanisaeta,1,0.2288,0.0007,0.0144,0.0011,0.0228,-8.9933,0.1407,0.0,0.0,0.0,0.0,1,0,0.0,0.0,0.0,0.0,2,1.0,1.0,1.0,1.0,1.0,1.0,0.0,0.0,0.0,0.0,0.0,8.755e-07,0.0011,0.0228
2492466,Streptococcus phage CHPC1198,1,0.2288,0.0007,0.0144,0.0024,0.0498,-8.9843,0.328,0.0,0.0,0.0,0.0,1,0,0.0,0.0,0.0,0.0,10,2.0,2.0,2.0,2.0,2.0,2.0,0.0,0.0,0.0,0.0,0.0,0.007194,0.0024,0.0498
1887657,Rhodococcus phage ChewyVIII,1,0.2288,0.0007,0.0144,0.0018,0.0372,-8.9889,0.2325,0.0,0.0,0.0,0.0,1,0,0.0,0.0,0.0,0.0,5,1.0,1.0,1.0,1.0,1.0,1.0,0.0,0.0,0.0,0.0,0.0,7.24e-05,0.0018,0.0372
12329,Tenuivirus,1,0.2288,0.0007,0.0144,0.0011,0.0228,-8.9888,0.2346,0.0,0.0,0.0,0.0,1,0,0.0,0.0,0.0,0.0,2,1.0,1.0,1.0,1.0,1.0,1.0,0.0,0.0,0.0,0.0,0.0,8.017e-05,0.0011,0.0228
1923486,Wenling crustacean virus 3,1,0.2288,0.0007,0.0144,0.0007,0.0144,-8.9885,0.2395,0.0,0.0,0.0,0.0,1,0,0.0,0.0,0.0,0.0,1,1.0,1.0,1.0,1.0,1.0,1.0,0.0,0.0,0.0,0.0,0.0,0.0001015,0.0007,0.0144
2948671,Dabirmavirus,1,0.2288,0.0018,0.0372,0.005,0.1052,-8.9857,0.2981,0.0,0.0,0.0,0.0,5,0,0.0,0.0,0.0,0.0,157,1.0,1.0,1.0,1.0,1.0,1.0,0.0,0.0,0.0,0.0,0.0,0.001705,0.005,0.1052
1980921,Mieseafarmvirus,1,0.2288,0.0007,0.0144,0.0016,0.0334,-8.9903,0.2027,0.0,0.0,0.0,0.0,1,0,0.0,0.0,0.0,0.0,4,1.0,1.0,1.0,1.0,1.0,1.0,0.0,0.0,0.0,0.0,0.0,1.731e-05,0.0016,0.0334
1911556,Sediminispirochaeta,1,0.2288,0.0007,0.0144,0.0021,0.0432,-8.9927,0.1522,0.0,0.0,0.0,0.0,1,0,0.0,0.0,0.0,0.0,7,1.0,1.0,1.0,1.0,1.0,1.0,0.0,0.0,0.0,0.0,0.0,1.519e-06,0.0021,0.0432
1923743,Wuhan nido-like virus 1,1,0.2288,0.0007,0.0144,0.0016,0.0334,-8.9877,0.2563,0.0,0.0,0.0,0.0,1,0,0.0,0.0,0.0,0.0,4,1.0,1.0,1.0,1.0,1.0,1.0,0.0,0.0,0.0,0.0,0.0,0.0002282,0.0016,0.0334
12059,Enterovirus,1,0.2288,0.0007,0.0144,0.0011,0.0228,-8.9882,0.2461,0.0,0.0,0.0,0.0,1,0,0.0,0.0,0.0,0.0,2,1.0,1.0,1.0,1.0,1.0,1.0,0.0,0.0,0.0,0.0,0.0,0.0001397,0.0011,0.0228
559173,Fructobacillus,1,0.2288,0.0007,0.0144,0.0007,0.0144,-8.9935,0.1368,0.0,0.0,0.0,0.0,1,0,0.0,0.0,0.0,0.0,1,1.0,1.0,1.0,1.0,1.0,1.0,0.0,0.0,0.0,0.0,0.0,7.245e-07,0.0007,0.0144
112252,Fungi incertae sedis,1,0.2288,0.0007,0.0144,0.0043,0.0897,-8.9949,0.1064,0.0,0.0,0.0,0.0,1,0,0.0,0.0,0.0,0.0,74,3.61,3.61,3.61,3.61,3.61,3.61,0.0,0.0,0.0,0.0,0.0,1.677e-07,0.0037,0.0766
1607807,Candidatus Methanoplasma,1,0.2288,0.0007,0.0144,0.0028,0.0589,-8.9908,0.1932,0.0,0.0,0.0,0.0,1,0,0.0,0.0,0.0,0.0,16,1.0,1.0,1.0,1.0,1.0,1.0,0.0,0.0,0.0,0.0,0.0,1.094e-05,0.0028,0.0589
2946830,Birpovirus,1,0.2288,0.0007,0.0144,0.0043,0.0894,-8.986,0.2918,0.0,0.0,0.0,0.0,1,0,0.0,0.0,0.0,0.0,73,1.0,1.0,1.0,1.0,1.0,1.0,0.0,0.0,0.0,0.0,0.0,0.001261,0.0043,0.0894
2560197,Otagovirus,1,0.2288,0.0007,0.0144,0.0028,0.0589,-8.9893,0.2247,0.0,0.0,0.0,0.0,1,0,0.0,0.0,0.0,0.0,16,2.0,2.0,2.0,2.0,2.0,2.0,0.0,0.0,0.0,0.0,0.0,4.985e-05,0.0028,0.0589
2842586,Cbunavirus,1,0.2288,0.0007,0.0144,0.0016,0.0334,-8.9872,0.2681,0.0,0.0,0.0,0.0,1,0,0.0,0.0,0.0,0.0,4,1.0,1.0,1.0,1.0,1.0,1.0,0.0,0.0,0.0,0.0,0.0,0.0004022,0.0016,0.0334
1649499,Swingsia,1,0.2288,0.0007,0.0144,0.0011,0.0228,-8.9932,0.1421,0.0,0.0,0.0,0.0,1,0,0.0,0.0,0.0,0.0,2,1.0,1.0,1.0,1.0,1.0,1.0,0.0,0.0,0.0,0.0,0.0,9.34e-07,0.0011,0.0228
10265,Capripoxvirus,1,0.2288,0.0007,0.0144,0.0007,0.0144,-8.9901,0.2073,0.0,0.0,0.0,0.0,1,0,0.0,0.0,0.0,0.0,1,1.0,1.0,1.0,1.0,1.0,1.0,0.0,0.0,0.0,0.0,0.0,2.151e-05,0.0007,0.0144
109981,Diachasmimorpha longicaudata entomopoxvirus,1,0.2288,0.0011,0.0228,0.0011,0.0228,-8.991,0.1889,0.0,0.0,0.0,0.0,2,0,0.0,0.0,0.0,0.0,2,2.0,2.0,2.0,2.0,2.0,2.0,0.0,0.0,0.0,0.0,0.0,8.881e-06,0.0011,0.0228
1857323,Tospovirus kiwifruit/YXW/2014,1,0.2288,0.0007,0.0144,0.0016,0.0334,-8.9877,0.2575,0.0,0.0,0.0,0.0,1,0,0.0,0.0,0.0,0.0,4,1.0,1.0,1.0,1.0,1.0,1.0,0.0,0.0,0.0,0.0,0.0,0.0002418,0.0016,0.0334
2501970,Shaspivirus,1,0.2288,0.0011,0.0228,0.0007,0.0144,-8.9893,0.2246,0.0,0.0,0.0,0.0,2,0,0.0,0.0,0.0,0.0,1,2.0,2.0,2.0,2.0,2.0,2.0,0.0,0.0,0.0,0.0,0.0,4.968e-05,0.0007,0.0144
1513295,Nyavirus,1,0.2288,0.0007,0.0144,0.0011,0.0228,-8.988,0.2506,0.0,0.0,0.0,0.0,1,0,0.0,0.0,0.0,0.0,2,1.0,1.0,1.0,1.0,1.0,1.0,0.0,0.0,0.0,0.0,0.0,0.0001729,0.0011,0.0228
2508224,Alphamononivirus,1,0.2288,0.0007,0.0144,0.0011,0.0228,-8.9893,0.2242,0.0,0.0,0.0,0.0,1,0,0.0,0.0,0.0,0.0,2,1.0,1.0,1.0,1.0,1.0,1.0,0.0,0.0,0.0,0.0,0.0,4.867e-05,0.0011,0.0228
1513308,Velarivirus,1,0.2288,0.0007,0.0144,0.0014,0.0288,-8.988,0.2512,0.0,0.0,0.0,0.0,1,0,0.0,0.0,0.0,0.0,3,1.0,1.0,1.0,1.0,1.0,1.0,0.0,0.0,0.0,0.0,0.0,0.0001781,0.0014,0.0288
2022856,Blunervirus,1,0.2288,0.0007,0.0144,0.0011,0.0228,-8.9883,0.2453,0.0,0.0,0.0,0.0,1,0,0.0,0.0,0.0,0.0,2,1.0,1.0,1.0,1.0,1.0,1.0,0.0,0.0,0.0,0.0,0.0,0.0001343,0.0011,0.0228
675066,Sclerodarnavirus,1,0.2288,0.0007,0.0144,0.0007,0.0144,-8.9879,0.252,0.0,0.0,0.0,0.0,1,0,0.0,0.0,0.0,0.0,1,1.0,1.0,1.0,1.0,1.0,1.0,0.0,0.0,0.0,0.0,0.0,0.0001852,0.0007,0.0144
11014,Chrysovirus,1,0.2288,0.0011,0.0228,0.0007,0.0144,-8.9896,0.2164,0.0,0.0,0.0,0.0,2,0,0.0,0.0,0.0,0.0,1,2.0,2.0,2.0,2.0,2.0,2.0,0.0,0.0,0.0,0.0,0.0,3.343e-05,0.0007,0.0144
1923144,Hubei picorna-like virus 61,1,0.2288,0.0007,0.0144,0.0007,0.0144,-8.9884,0.2423,0.0,0.0,0.0,0.0,1,0,0.0,0.0,0.0,0.0,1,1.0,1.0,1.0,1.0,1.0,1.0,0.0,0.0,0.0,0.0,0.0,0.000116,0.0007,0.0144
2025595,Abisko virus,1,0.2288,0.0007,0.0144,0.0011,0.0228,-8.9879,0.2533,0.0,0.0,0.0,0.0,1,0,0.0,0.0,0.0,0.0,2,3.0,3.0,3.0,3.0,3.0,3.0,0.0,0.0,0.0,0.0,0.0,0.0001972,0.0011,0.0228
103371,Rhizobium phage RL2RES,1,0.2288,0.0007,0.0144,0.0014,0.0288,-8.9899,0.2121,0.0,0.0,0.0,0.0,1,0,0.0,0.0,0.0,0.0,3,1.67,1.67,1.67,1.67,1.67,1.67,0.0,0.0,0.0,0.0,0.0,2.719e-05,0.0014,0.0288
1623308,Wbetavirus,1,0.2288,0.0011,0.0228,0.0014,0.0288,-8.9877,0.258,0.0,0.0,0.0,0.0,2,0,0.0,0.0,0.0,0.0,3,1.0,1.0,1.0,1.0,1.0,1.0,0.0,0.0,0.0,0.0,0.0,0.0002473,0.0014,0.0288
2842972,Pokkenvirus,1,0.2288,0.0007,0.0144,0.0024,0.0498,-8.9881,0.2489,0.0,0.0,0.0,0.0,1,0,0.0,0.0,0.0,0.0,10,1.0,1.0,1.0,1.0,1.0,1.0,0.0,0.0,0.0,0.0,0.0,0.0001596,0.0024,0.0498
2169534,Limestonevirus,1,0.2288,0.0007,0.0144,0.0007,0.0144,-8.9892,0.2252,0.0,0.0,0.0,0.0,1,0,0.0,0.0,0.0,0.0,1,2.0,2.0,2.0,2.0,2.0,2.0,0.0,0.0,0.0,0.0,0.0,5.109e-05,0.0007,0.0144
2948924,Thetapolyomavirus,1,0.2288,0.0011,0.0228,0.0014,0.0288,-8.9874,0.2636,0.0,0.0,0.0,0.0,2,0,0.0,0.0,0.0,0.0,3,1.25,1.25,1.25,1.25,1.25,1.25,0.0,0.0,0.0,0.0,0.0,0.000324,0.0014,0.0288
1506574,Protoparvovirus,1,0.2288,0.0007,0.0144,0.0007,0.0144,-8.9878,0.2543,0.0,0.0,0.0,0.0,1,0,0.0,0.0,0.0,0.0,1,1.0,1.0,1.0,1.0,1.0,1.0,0.0,0.0,0.0,0.0,0.0,0.000207,0.0007,0.0144
39725,Circovirus,1,0.2288,0.0007,0.0144,0.0014,0.0288,-8.9857,0.2987,0.0,0.0,0.0,0.0,1,0,0.0,0.0,0.0,0.0,3,1.0,1.0,1.0,1.0,1.0,1.0,0.0,0.0,0.0,0.0,0.0,0.001756,0.0014,0.0288
68887,Torque teno virus,1,0.2288,0.0044,0.0925,0.0028,0.0576,-8.9864,0.284,0.0,0.0,0.0,0.0,85,0,0.0,0.0,0.0,0.0,15,84.9,84.9,84.9,84.9,84.9,84.9,0.0,0.0,0.0,0.0,0.0,0.0008657,0.0028,0.0576
6033,Encephalitozoon,1,0.2288,0.0007,0.0144,0.0007,0.0144,-8.9939,0.1278,0.0,0.0,0.0,0.0,1,0,0.0,0.0,0.0,0.0,1,1.0,1.0,1.0,1.0,1.0,1.0,0.0,0.0,0.0,0.0,0.0,4.688e-07,0.0007,0.0144
586132,Nematocida,1,0.2288,0.0007,0.0144,0.0011,0.0228,-8.9942,0.121,0.0,0.0,0.0,0.0,1,0,0.0,0.0,0.0,0.0,2,1.0,1.0,1.0,1.0,1.0,1.0,0.0,0.0,0.0,0.0,0.0,3.378e-07,0.0011,0.0228
5873,Theileria,1,0.2288,0.0018,0.0372,0.0019,0.0404,-8.9936,0.1331,0.0,0.0,0.0,0.0,5,0,0.0,0.0,0.0,0.0,6,2.92,2.92,2.92,2.92,2.92,2.92,0.0,0.0,0.0,0.0,0.0,6.066e-07,0.0015,0.0322
1470208,Paratrypanosoma,1,0.2288,0.0011,0.0228,0.0029,0.06,-8.9934,0.1369,0.0,0.0,0.0,0.0,2,0,0.0,0.0,0.0,0.0,17,1.29,1.29,1.29,1.29,1.29,1.29,0.0,0.0,0.0,0.0,0.0,7.289e-07,0.0028,0.0576
351195,Salimicrobium,1,0.2288,0.0007,0.0144,0.0007,0.0144,-8.9941,0.123,0.0,0.0,0.0,0.0,1,0,0.0,0.0,0.0,0.0,1,1.0,1.0,1.0,1.0,1.0,1.0,0.0,0.0,0.0,0.0,0.0,3.73e-07,0.0007,0.0144
274493,Chlorobium/Pelodictyon group,1,0.2288,0.0007,0.0144,0.0021,0.0432,-8.9937,0.1312,0.0,0.0,0.0,0.0,1,0,0.0,0.0,0.0,0.0,7,1.0,1.0,1.0,1.0,1.0,1.0,0.0,0.0,0.0,0.0,0.0,5.524e-07,0.0021,0.0432
412592,Thermosulfidibacter,1,0.2288,0.0007,0.0144,0.0028,0.0576,-8.991,0.1876,0.0,0.0,0.0,0.0,1,0,0.0,0.0,0.0,0.0,15,1.0,1.0,1.0,1.0,1.0,1.0,0.0,0.0,0.0,0.0,0.0,8.349e-06,0.0028,0.0576
190818,Geoglobus,1,0.2288,0.0007,0.0144,0.0007,0.0144,-8.9937,0.1318,0.0,0.0,0.0,0.0,1,0,0.0,0.0,0.0,0.0,1,1.0,1.0,1.0,1.0,1.0,1.0,0.0,0.0,0.0,0.0,0.0,5.682e-07,0.0007,0.0144
2276,Pyrobaculum,1,0.2288,0.0007,0.0144,0.0007,0.0144,-8.994,0.125,0.0,0.0,0.0,0.0,1,0,0.0,0.0,0.0,0.0,1,2.0,2.0,2.0,2.0,2.0,2.0,0.0,0.0,0.0,0.0,0.0,4.097e-07,0.0005,0.0111
2943003,Cenphatecvirus,1,0.2288,0.0044,0.0913,0.0014,0.0288,-8.9892,0.2248,0.0,0.0,0.0,0.0,80,0,0.0,0.0,0.0,0.0,3,64000.0,64000.0,64000.0,64000.0,64000.0,64000.0,0.0,0.0,0.0,0.0,0.0,5.001e-05,0.0014,0.0288
2843470,Vedamuthuvirus,1,0.2288,0.0007,0.0144,0.0016,0.0334,-8.9851,0.3112,0.0,0.0,0.0,0.0,1,0,0.0,0.0,0.0,0.0,4,1.0,1.0,1.0,1.0,1.0,1.0,0.0,0.0,0.0,0.0,0.0,0.003208,0.0016,0.0334
1857846,Twortvirus,1,0.2288,0.0011,0.0228,0.0026,0.0548,-8.9886,0.2393,0.0,0.0,0.0,0.0,2,0,0.0,0.0,0.0,0.0,13,2.0,2.0,2.0,2.0,2.0,2.0,0.0,0.0,0.0,0.0,0.0,0.0001004,0.0026,0.0548
2842881,Mooreparkvirus,1,0.2288,0.0007,0.0144,0.0024,0.0498,-8.9889,0.2322,0.0,0.0,0.0,0.0,1,0,0.0,0.0,0.0,0.0,10,1.0,1.0,1.0,1.0,1.0,1.0,0.0,0.0,0.0,0.0,0.0,7.145e-05,0.0024,0.0498
2948756,Hatrivirus,1,0.2288,0.0007,0.0144,0.0018,0.0372,-8.9884,0.2427,0.0,0.0,0.0,0.0,1,0,0.0,0.0,0.0,0.0,5,1.0,1.0,1.0,1.0,1.0,1.0,0.0,0.0,0.0,0.0,0.0,0.0001183,0.0018,0.0372
2560206,Pollyceevirus,1,0.2288,0.0007,0.0144,0.0031,0.0642,-8.9869,0.2728,0.0,0.0,0.0,0.0,1,0,0.0,0.0,0.0,0.0,21,1.0,1.0,1.0,1.0,1.0,1.0,0.0,0.0,0.0,0.0,0.0,0.0005048,0.0031,0.0642
1914852,Vequintavirus,1,0.2288,0.0007,0.0144,0.003,0.0622,-8.9863,0.2854,0.0,0.0,0.0,0.0,1,0,0.0,0.0,0.0,0.0,19,1.0,1.0,1.0,1.0,1.0,1.0,0.0,0.0,0.0,0.0,0.0,0.0009272,0.003,0.0622
680114,Bixzunavirus,1,0.2288,0.0007,0.0144,0.0018,0.0372,-8.9858,0.2976,0.0,0.0,0.0,0.0,1,0,0.0,0.0,0.0,0.0,5,7.8,7.8,7.8,7.8,7.8,7.8,0.0,0.0,0.0,0.0,0.0,0.001667,0.0018,0.0372
929832,Cyanophage P-RSM6,1,0.2288,0.0007,0.0144,0.0014,0.0288,-8.9904,0.2007,0.0,0.0,0.0,0.0,1,0,0.0,0.0,0.0,0.0,3,1.0,1.0,1.0,1.0,1.0,1.0,0.0,0.0,0.0,0.0,0.0,1.571e-05,0.0014,0.0288
140052,Betaretrovirus,1,0.2288,0.0007,0.0144,0.0029,0.0612,-8.9854,0.3042,0.0,0.0,0.0,0.0,1,0,0.0,0.0,0.0,0.0,18,1.0,1.0,1.0,1.0,1.0,1.0,0.0,0.0,0.0,0.0,0.0,0.002288,0.0029,0.0612
1985367,Gemykrogvirus,1,0.2288,0.0007,0.0144,0.0032,0.0677,-8.9838,0.3391,0.0,0.0,0.0,0.0,1,0,0.0,0.0,0.0,0.0,25,1.0,1.0,1.0,1.0,1.0,1.0,0.0,0.0,0.0,0.0,0.0,0.01225,0.0032,0.0677
409304,Candidatus Ishikawaella,1,0.2288,0.0011,0.0228,0.0023,0.0478,-8.9906,0.1956,0.0,0.0,0.0,0.0,2,0,0.0,0.0,0.0,0.0,9,2.0,2.0,2.0,2.0,2.0,2.0,0.0,0.0,0.0,0.0,0.0,1.225e-05,0.002,0.0415
2841677,Candidatus Pseudothioglobus,1,0.2288,0.0007,0.0144,0.0016,0.0334,-8.9923,0.1613,0.0,0.0,0.0,0.0,1,0,0.0,0.0,0.0,0.0,4,1.0,1.0,1.0,1.0,1.0,1.0,0.0,0.0,0.0,0.0,0.0,2.357e-06,0.0016,0.0334
1235284,Isorropodon fossajaponicum endosymbiont JTNG4,1,0.2288,0.0014,0.0288,0.003,0.0633,-8.9903,0.2035,0.0,0.0,0.0,0.0,3,0,0.0,0.0,0.0,0.0,20,1.6000000000000003,1.6,1.6,1.6,1.6,1.6000000000000003,0.0,0.0,0.0,0.0,0.0,1.797e-05,0.0028,0.0586
1884449,Salipaludibacillus,1,0.2288,0.0007,0.0144,0.0007,0.0144,-8.9946,0.1129,0.0,0.0,0.0,0.0,1,0,0.0,0.0,0.0,0.0,1,1.0,1.0,1.0,1.0,1.0,1.0,0.0,0.0,0.0,0.0,0.0,2.293e-07,0.0007,0.0144
939,Hydrogenobacter,1,0.2288,0.0007,0.0144,0.0014,0.0288,-8.9931,0.1452,0.0,0.0,0.0,0.0,1,0,0.0,0.0,0.0,0.0,3,2.0,2.0,2.0,2.0,2.0,2.0,0.0,0.0,0.0,0.0,0.0,1.087e-06,0.0011,0.0236
230355,Methanolacinia,1,0.2288,0.0007,0.0144,0.0018,0.0372,-8.9926,0.1555,0.0,0.0,0.0,0.0,1,0,0.0,0.0,0.0,0.0,5,2.0,2.0,2.0,2.0,2.0,2.0,0.0,0.0,0.0,0.0,0.0,1.779e-06,0.0015,0.0314
54247,Hyperthermus,1,0.2288,0.0007,0.0144,0.0007,0.0144,-8.9936,0.133,0.0,0.0,0.0,0.0,1,0,0.0,0.0,0.0,0.0,1,1.0,1.0,1.0,1.0,1.0,1.0,0.0,0.0,0.0,0.0,0.0,6.026e-07,0.0007,0.0144
2842693,Gammanudivirus,1,0.2288,0.0011,0.0228,0.0011,0.0228,-8.9904,0.2001,0.0,0.0,0.0,0.0,2,0,0.0,0.0,0.0,0.0,2,1.5,1.5,1.5,1.5,1.5,1.5,0.0,0.0,0.0,0.0,0.0,1.524e-05,0.0011,0.0228
11305,Cytorhabdovirus,1,0.2288,0.0011,0.0228,0.0007,0.0144,-8.9889,0.2326,0.0,0.0,0.0,0.0,2,0,0.0,0.0,0.0,0.0,1,2.0,2.0,2.0,2.0,2.0,2.0,0.0,0.0,0.0,0.0,0.0,7.296e-05,0.0007,0.0144
32613,Ephemerovirus,1,0.2288,0.0007,0.0144,0.0014,0.0288,-8.9879,0.2536,0.0,0.0,0.0,0.0,1,0,0.0,0.0,0.0,0.0,3,1.0,1.0,1.0,1.0,1.0,1.0,0.0,0.0,0.0,0.0,0.0,0.0002001,0.0014,0.0288
2560155,Jeilongvirus,1,0.2288,0.0007,0.0144,0.0016,0.0334,-8.9879,0.2532,0.0,0.0,0.0,0.0,1,0,0.0,0.0,0.0,0.0,4,1.0,1.0,1.0,1.0,1.0,1.0,0.0,0.0,0.0,0.0,0.0,0.0001959,0.0016,0.0334
2946790,Alphafusarivirus,1,0.2288,0.0007,0.0144,0.0011,0.0228,-8.9874,0.2631,0.0,0.0,0.0,0.0,1,0,0.0,0.0,0.0,0.0,2,1.0,1.0,1.0,1.0,1.0,1.0,0.0,0.0,0.0,0.0,0.0,0.0003166,0.0011,0.0228
39749,Hypovirus,1,0.2288,0.0007,0.0144,0.0007,0.0144,-8.9888,0.2339,0.0,0.0,0.0,0.0,1,0,0.0,0.0,0.0,0.0,1,1.0,1.0,1.0,1.0,1.0,1.0,0.0,0.0,0.0,0.0,0.0,7.752e-05,0.0007,0.0144
12258,Comovirus,1,0.2288,0.0007,0.0144,0.0018,0.0372,-8.9869,0.2734,0.0,0.0,0.0,0.0,1,0,0.0,0.0,0.0,0.0,5,2.4,2.4,2.4,2.4,2.4,2.4,0.0,0.0,0.0,0.0,0.0,0.0005202,0.0018,0.0372
675073,Torradovirus,1,0.2288,0.0007,0.0144,0.0007,0.0144,-8.9888,0.2345,0.0,0.0,0.0,0.0,1,0,0.0,0.0,0.0,0.0,1,1.0,1.0,1.0,1.0,1.0,1.0,0.0,0.0,0.0,0.0,0.0,7.996e-05,0.0007,0.0144
186886,Pomovirus,1,0.2288,0.0007,0.0144,0.0007,0.0144,-8.9887,0.2352,0.0,0.0,0.0,0.0,1,0,0.0,0.0,0.0,0.0,1,1.0,1.0,1.0,1.0,1.0,1.0,0.0,0.0,0.0,0.0,0.0,8.264e-05,0.0007,0.0144
2560252,Wamavirus,1,0.2288,0.0007,0.0144,0.0007,0.0144,-8.9884,0.243,0.0,0.0,0.0,0.0,1,0,0.0,0.0,0.0,0.0,1,1.0,1.0,1.0,1.0,1.0,1.0,0.0,0.0,0.0,0.0,0.0,0.00012,0.0007,0.0144
1922353,Beihai astro-like virus,1,0.2288,0.0007,0.0144,0.0007,0.0144,-8.9882,0.2471,0.0,0.0,0.0,0.0,1,0,0.0,0.0,0.0,0.0,1,1.0,1.0,1.0,1.0,1.0,1.0,0.0,0.0,0.0,0.0,0.0,0.0001466,0.0007,0.0144
1985329,Moonvirus,1,0.2288,0.0007,0.0144,0.0014,0.0288,-8.9899,0.2122,0.0,0.0,0.0,0.0,1,0,0.0,0.0,0.0,0.0,3,1.0,1.0,1.0,1.0,1.0,1.0,0.0,0.0,0.0,0.0,0.0,2.724e-05,0.0014,0.0288
2843406,Kungbxnavirus,1,0.2288,0.0007,0.0144,0.0007,0.0144,-8.9917,0.1737,0.0,0.0,0.0,0.0,1,0,0.0,0.0,0.0,0.0,1,1.0,1.0,1.0,1.0,1.0,1.0,0.0,0.0,0.0,0.0,0.0,4.273e-06,0.0007,0.0144
498374,Candidatus Nitrosocaldus,1,0.2288,0.0007,0.0144,0.0011,0.0228,-8.9895,0.2197,0.0,0.0,0.0,0.0,1,0,0.0,0.0,0.0,0.0,2,1.0,1.0,1.0,1.0,1.0,1.0,0.0,0.0,0.0,0.0,0.0,3.923e-05,0.0011,0.0228
12300,Bromovirus,1,0.2288,0.0007,0.0144,0.0011,0.0228,-8.9876,0.2583,0.0,0.0,0.0,0.0,1,0,0.0,0.0,0.0,0.0,2,1.0,1.0,1.0,1.0,1.0,1.0,0.0,0.0,0.0,0.0,0.0,0.0002515,0.0011,0.0228
1335638,Preplasmiviricota sp. Gezel-14T,1,0.2288,0.0011,0.0228,0.0044,0.0928,-8.9847,0.3191,0.0,0.0,0.0,0.0,2,0,0.0,0.0,0.0,0.0,86,2.0,2.0,2.0,2.0,2.0,2.0,0.0,0.0,0.0,0.0,0.0,0.004686,0.0044,0.0928
2843442,Radostvirus,1,0.2288,0.0014,0.0288,0.0016,0.0334,-8.9836,0.3439,0.0,0.0,0.0,0.0,3,0,0.0,0.0,0.0,0.0,4,8.0,8.0,8.0,8.0,8.0,8.0,0.0,0.0,0.0,0.0,0.0,0.01544,0.0016,0.0334
934799,Taupapillomavirus,1,0.2288,0.0007,0.0144,0.0044,0.0925,-8.9839,0.3374,0.0,0.0,0.0,0.0,1,0,0.0,0.0,0.0,0.0,85,1.0,1.0,1.0,1.0,1.0,1.0,0.0,0.0,0.0,0.0,0.0,0.0113,0.0044,0.0925
2961256,unclassified Straboviridae,1,0.2288,0.0007,0.0144,0.0011,0.0228,-8.9908,0.1917,0.0,0.0,0.0,0.0,1,0,0.0,0.0,0.0,0.0,2,2.0,2.0,2.0,2.0,2.0,2.0,0.0,0.0,0.0,0.0,0.0,1.019e-05,0.0011,0.0228
11040,Rubivirus,1,0.2288,0.0007,0.0144,0.0007,0.0144,-8.9885,0.2401,0.0,0.0,0.0,0.0,1,0,0.0,0.0,0.0,0.0,1,1.0,1.0,1.0,1.0,1.0,1.0,0.0,0.0,0.0,0.0,0.0,0.0001043,0.0007,0.0144
704093,Anaerobacillus,1,0.2288,0.0011,0.0228,0.0023,0.0478,-8.9925,0.1571,0.0,0.0,0.0,0.0,2,0,0.0,0.0,0.0,0.0,9,1.0,1.0,1.0,1.0,1.0,1.0,0.0,0.0,0.0,0.0,0.0,1.919e-06,0.0023,0.0478
2804231,Lederbergia,1,0.2288,0.0007,0.0144,0.0014,0.0288,-8.9935,0.136,0.0,0.0,0.0,0.0,1,0,0.0,0.0,0.0,0.0,3,1.0,1.0,1.0,1.0,1.0,1.0,0.0,0.0,0.0,0.0,0.0,6.97e-07,0.0014,0.0288
157226,Jeotgalibacillus,1,0.2288,0.0007,0.0144,0.0018,0.0372,-8.9929,0.148,0.0,0.0,0.0,0.0,1,0,0.0,0.0,0.0,0.0,5,1.0,1.0,1.0,1.0,1.0,1.0,0.0,0.0,0.0,0.0,0.0,1.243e-06,0.0018,0.0372
2733202,Quhwahvirus,1,0.2288,0.0007,0.0144,0.0028,0.0576,-8.9873,0.2653,0.0,0.0,0.0,0.0,1,0,0.0,0.0,0.0,0.0,15,1.0,1.0,1.0,1.0,1.0,1.0,0.0,0.0,0.0,0.0,0.0,0.0003507,0.0028,0.0576
2948877,Quesadillavirus,1,0.2288,0.0007,0.0144,0.0011,0.0228,-8.9897,0.2143,0.0,0.0,0.0,0.0,1,0,0.0,0.0,0.0,0.0,2,1.0,1.0,1.0,1.0,1.0,1.0,0.0,0.0,0.0,0.0,0.0,3.022e-05,0.0011,0.0228
2733189,Luckytenvirus,1,0.2288,0.0007,0.0144,0.0018,0.0372,-8.9883,0.2448,0.0,0.0,0.0,0.0,1,0,0.0,0.0,0.0,0.0,5,1.0,1.0,1.0,1.0,1.0,1.0,0.0,0.0,0.0,0.0,0.0,0.0001311,0.0018,0.0372
1408895,Dill cryptic virus 1,1,0.2288,0.0007,0.0144,0.0014,0.0288,-8.9865,0.2829,0.0,0.0,0.0,0.0,1,0,0.0,0.0,0.0,0.0,3,12.3,12.3,12.3,12.3,12.3,12.3,0.0,0.0,0.0,0.0,0.0,0.0008203,0.0014,0.0288
680287,Rosenblumvirus,1,0.2288,0.0007,0.0144,0.0007,0.0144,-8.9877,0.2565,0.0,0.0,0.0,0.0,1,0,0.0,0.0,0.0,0.0,1,1.0,1.0,1.0,1.0,1.0,1.0,0.0,0.0,0.0,0.0,0.0,0.0002304,0.0007,0.0144
764562,Brochothrix phage BL3,1,0.2288,0.0011,0.0228,0.003,0.0633,-8.9869,0.2741,0.0,0.0,0.0,0.0,2,0,0.0,0.0,0.0,0.0,20,1.0,1.0,1.0,1.0,1.0,1.0,0.0,0.0,0.0,0.0,0.0,0.000538,0.003,0.0633
1448276,Streptococcus phage IC1,1,0.2288,0.0007,0.0144,0.0014,0.0288,-8.9857,0.2989,0.0,0.0,0.0,0.0,1,0,0.0,0.0,0.0,0.0,3,1.0,1.0,1.0,1.0,1.0,1.0,0.0,0.0,0.0,0.0,0.0,0.001771,0.0014,0.0288
2948854,Pamirivirus,1,0.2288,0.0007,0.0144,0.0043,0.0888,-8.9866,0.2799,0.0,0.0,0.0,0.0,1,0,0.0,0.0,0.0,0.0,71,1.01,1.01,1.01,1.01,1.01,1.01,0.0,0.0,0.0,0.0,0.0,0.0007113,0.0043,0.0888
40121,Erythroparvovirus,1,0.2288,0.0007,0.0144,0.0029,0.06,-8.985,0.3136,0.0,0.0,0.0,0.0,1,0,0.0,0.0,0.0,0.0,17,1.0,1.0,1.0,1.0,1.0,1.0,0.0,0.0,0.0,0.0,0.0,0.003595,0.0029,0.06
1076625,Candidatus Steffania,1,0.2288,0.0007,0.0144,0.0016,0.0334,-8.9921,0.1659,0.0,0.0,0.0,0.0,1,0,0.0,0.0,0.0,0.0,4,1.0,1.0,1.0,1.0,1.0,1.0,0.0,0.0,0.0,0.0,0.0,2.944e-06,0.0016,0.0334
2303528,Thermoleptolyngbya,1,0.2288,0.0007,0.0144,0.0014,0.0288,-8.9905,0.1976,0.0,0.0,0.0,0.0,1,0,0.0,0.0,0.0,0.0,3,1.0,1.0,1.0,1.0,1.0,1.0,0.0,0.0,0.0,0.0,0.0,1.352e-05,0.0014,0.0288
2953860,Candidatus Arcticimaribacter,1,0.2288,0.0007,0.0144,0.0007,0.0144,-8.9938,0.1292,0.0,0.0,0.0,0.0,1,0,0.0,0.0,0.0,0.0,1,1.0,1.0,1.0,1.0,1.0,1.0,0.0,0.0,0.0,0.0,0.0,5.016e-07,0.0007,0.0144
200414,Caldisphaera,1,0.2288,0.0007,0.0144,0.0011,0.0228,-8.9929,0.1491,0.0,0.0,0.0,0.0,1,0,0.0,0.0,0.0,0.0,2,1.0,1.0,1.0,1.0,1.0,1.0,0.0,0.0,0.0,0.0,0.0,1.306e-06,0.0011,0.0228
2490204,Candidatus Mancarchaeum,1,0.2288,0.0007,0.0144,0.0007,0.0144,-8.9931,0.145,0.0,0.0,0.0,0.0,1,0,0.0,0.0,0.0,0.0,1,1.0,1.0,1.0,1.0,1.0,1.0,0.0,0.0,0.0,0.0,0.0,1.074e-06,0.0007,0.0144
1027232,Groundnut ringspot and Tomato chlorotic spot virus reassortant,1,0.2288,0.0007,0.0144,0.0007,0.0144,-8.9885,0.2408,0.0,0.0,0.0,0.0,1,0,0.0,0.0,0.0,0.0,1,1.0,1.0,1.0,1.0,1.0,1.0,0.0,0.0,0.0,0.0,0.0,0.0001083,0.0007,0.0144
2843144,Xinspivirus,1,0.2288,0.0011,0.0228,0.0011,0.0228,-8.9884,0.2419,0.0,0.0,0.0,0.0,2,0,0.0,0.0,0.0,0.0,2,1.5,1.5,1.5,1.5,1.5,1.5,0.0,0.0,0.0,0.0,0.0,0.0001141,0.0011,0.0228
2973795,Chalcocoris rutilans mononega-like virus 2,1,0.2288,0.0007,0.0144,0.0016,0.0334,-8.9873,0.2655,0.0,0.0,0.0,0.0,1,0,0.0,0.0,0.0,0.0,4,1.0,1.0,1.0,1.0,1.0,1.0,0.0,0.0,0.0,0.0,0.0,0.0003556,0.0016,0.0334
348449,Raphanus sativus cryptic virus 1,1,0.2288,0.0011,0.0228,0.0018,0.0372,-8.9859,0.2939,0.0,0.0,0.0,0.0,2,0,0.0,0.0,0.0,0.0,5,1.0,1.0,1.0,1.0,1.0,1.0,0.0,0.0,0.0,0.0,0.0,0.00139,0.0018,0.0372
2219049,Husavirus,1,0.2288,0.0011,0.0228,0.0011,0.0228,-8.9878,0.2553,0.0,0.0,0.0,0.0,2,0,0.0,0.0,0.0,0.0,2,1.0,1.0,1.0,1.0,1.0,1.0,0.0,0.0,0.0,0.0,0.0,0.0002175,0.0011,0.0228
3044782,Orthoflavivirus,1,0.2288,0.0007,0.0144,0.0011,0.0228,-8.9879,0.2519,0.0,0.0,0.0,0.0,1,0,0.0,0.0,0.0,0.0,2,3.0,3.0,3.0,3.0,3.0,3.0,0.0,0.0,0.0,0.0,0.0,0.0001848,0.0011,0.0228
2029293,Squirrelpox virus Berlin_2015,1,0.2288,0.0011,0.0228,0.0014,0.0288,-8.9901,0.2068,0.0,0.0,0.0,0.0,2,0,0.0,0.0,0.0,0.0,3,2.0,2.0,2.0,2.0,2.0,2.0,0.0,0.0,0.0,0.0,0.0,2.109e-05,0.0014,0.0288
10260,Avipoxvirus,1,0.2288,0.0007,0.0144,0.0007,0.0144,-8.9913,0.1822,0.0,0.0,0.0,0.0,1,0,0.0,0.0,0.0,0.0,1,2.0,2.0,2.0,2.0,2.0,2.0,0.0,0.0,0.0,0.0,0.0,6.427e-06,0.0007,0.0144
2733297,Oryzopoxvirus,1,0.2288,0.0007,0.0144,0.0011,0.0228,-8.9906,0.1958,0.0,0.0,0.0,0.0,1,0,0.0,0.0,0.0,0.0,2,1.0,1.0,1.0,1.0,1.0,1.0,0.0,0.0,0.0,0.0,0.0,1.242e-05,0.0011,0.0228
1911439,Corey virus,1,0.2288,0.0007,0.0144,0.0014,0.0288,-8.9874,0.2638,0.0,0.0,0.0,0.0,1,0,0.0,0.0,0.0,0.0,3,1.0,1.0,1.0,1.0,1.0,1.0,0.0,0.0,0.0,0.0,0.0,0.0003267,0.0014,0.0288
1736634,Torulaspora delbrueckii dsRNA Mbarr-1 killer virus,1,0.2288,0.0007,0.0144,0.0007,0.0144,-8.9867,0.2772,0.0,0.0,0.0,0.0,1,0,0.0,0.0,0.0,0.0,1,1.0,1.0,1.0,1.0,1.0,1.0,0.0,0.0,0.0,0.0,0.0,0.0006223,0.0007,0.0144
2732969,Baoshanvirus,1,0.2288,0.0007,0.0144,0.0011,0.0228,-8.9885,0.2397,0.0,0.0,0.0,0.0,1,0,0.0,0.0,0.0,0.0,2,1.0,1.0,1.0,1.0,1.0,1.0,0.0,0.0,0.0,0.0,0.0,0.0001027,0.0011,0.0228
1560342,Acinetobacter phage YMC13/03/R2096,1,0.2288,0.0007,0.0144,0.0045,0.0933,-8.9864,0.2848,0.0,0.0,0.0,0.0,1,0,0.0,0.0,0.0,0.0,88,1.0,1.0,1.0,1.0,1.0,1.0,0.0,0.0,0.0,0.0,0.0,0.0008998,0.0045,0.0933
2560202,Phimunavirus,1,0.2288,0.0007,0.0144,0.0007,0.0144,-8.9878,0.2548,0.0,0.0,0.0,0.0,1,0,0.0,0.0,0.0,0.0,1,1.0,1.0,1.0,1.0,1.0,1.0,0.0,0.0,0.0,0.0,0.0,0.0002118,0.0007,0.0144
2054179,Rhinolophus gammaherpesvirus 1,1,0.2288,0.0014,0.0288,0.0025,0.0516,-8.9888,0.2341,0.0,0.0,0.0,0.0,3,0,0.0,0.0,0.0,0.0,11,4.0,4.0,4.0,4.0,4.0,4.0,0.0,0.0,0.0,0.0,0.0,7.834e-05,0.0025,0.0516
548687,Macavirus,1,0.2288,0.0007,0.0144,0.0007,0.0144,-8.9912,0.1844,0.0,0.0,0.0,0.0,1,0,0.0,0.0,0.0,0.0,1,1.0,1.0,1.0,1.0,1.0,1.0,0.0,0.0,0.0,0.0,0.0,7.165e-06,0.0007,0.0144
936057,Rhopapillomavirus,1,0.2288,0.0011,0.0228,0.0019,0.0404,-8.9865,0.2818,0.0,0.0,0.0,0.0,2,0,0.0,0.0,0.0,0.0,6,2.0,2.0,2.0,2.0,2.0,2.0,0.0,0.0,0.0,0.0,0.0,0.0007791,0.0019,0.0404
2175117,Rhynchobatus djiddensis adomavirus 1,1,0.2288,0.0007,0.0144,0.0014,0.0288,-8.9882,0.2462,0.0,0.0,0.0,0.0,1,0,0.0,0.0,0.0,0.0,3,1.0,1.0,1.0,1.0,1.0,1.0,0.0,0.0,0.0,0.0,0.0,0.0001401,0.0014,0.0288
6038,Vairimorpha,1,0.2288,0.0007,0.0144,0.0011,0.0228,-8.9925,0.1562,0.0,0.0,0.0,0.0,1,0,0.0,0.0,0.0,0.0,2,1.0,1.0,1.0,1.0,1.0,1.0,0.0,0.0,0.0,0.0,0.0,1.845e-06,0.0011,0.0228
1513230,Aurivirus,1,0.2288,0.0007,0.0144,0.0007,0.0144,-8.9915,0.1772,0.0,0.0,0.0,0.0,1,0,0.0,0.0,0.0,0.0,1,1.0,1.0,1.0,1.0,1.0,1.0,0.0,0.0,0.0,0.0,0.0,5.063e-06,0.0007,0.0144
59753,Alcanivorax,1,0.2288,0.0007,0.0144,0.0044,0.091,-8.9877,0.2575,0.0,0.0,0.0,0.0,1,0,0.0,0.0,0.0,0.0,79,1.0,1.0,1.0,1.0,1.0,1.0,0.0,0.0,0.0,0.0,0.0,0.0002416,0.0044,0.091
2881427,Parasynechococcus,1,0.2288,0.0011,0.0228,0.0011,0.0228,-8.993,0.1462,0.0,0.0,0.0,0.0,2,0,0.0,0.0,0.0,0.0,2,2.0,2.0,2.0,2.0,2.0,2.0,0.0,0.0,0.0,0.0,0.0,1.141e-06,0.0009,0.0183
75905,Thermocrinis,1,0.2288,0.0007,0.0144,0.0007,0.0144,-8.9935,0.1353,0.0,0.0,0.0,0.0,1,0,0.0,0.0,0.0,0.0,1,1.0,1.0,1.0,1.0,1.0,1.0,0.0,0.0,0.0,0.0,0.0,6.732e-07,0.0007,0.0144
475087,Methanosphaerula,1,0.2288,0.0007,0.0144,0.0019,0.0404,-8.9924,0.1587,0.0,0.0,0.0,0.0,1,0,0.0,0.0,0.0,0.0,6,2.0,2.0,2.0,2.0,2.0,2.0,0.0,0.0,0.0,0.0,0.0,2.082e-06,0.0016,0.0344
2319,Methanopyrus,1,0.2288,0.0018,0.0372,0.0011,0.0228,-8.993,0.147,0.0,0.0,0.0,0.0,5,0,0.0,0.0,0.0,0.0,2,19.0,19.0,19.0,19.0,19.0,19.0,0.0,0.0,0.0,0.0,0.0,1.184e-06,0.0004,0.0078
114416,Lactococcus phage ul36,1,0.2288,0.0014,0.0288,0.0029,0.0612,-8.9845,0.3239,0.0,0.0,0.0,0.0,3,0,0.0,0.0,0.0,0.0,18,2.67,2.67,2.67,2.67,2.67,2.67,0.0,0.0,0.0,0.0,0.0,0.005892,0.0029,0.0612
35241,Lactococcus phage Tuc2009,1,0.2288,0.0011,0.0228,0.0037,0.0771,-8.9846,0.3217,0.0,0.0,0.0,0.0,2,0,0.0,0.0,0.0,0.0,40,2.0,2.0,2.0,2.0,2.0,2.0,0.0,0.0,0.0,0.0,0.0,0.005299,0.0037,0.0771
1871690,Lactococcus phage 98201,1,0.2288,0.0007,0.0144,0.0036,0.0756,-8.984,0.3337,0.0,0.0,0.0,0.0,1,0,0.0,0.0,0.0,0.0,37,1.16,1.16,1.16,1.16,1.16,1.16,0.0,0.0,0.0,0.0,0.0,0.009453,0.0036,0.0756
2419643,Streptococcus phage SW22,1,0.2288,0.0007,0.0144,0.0028,0.0576,-8.984,0.3336,0.0,0.0,0.0,0.0,1,0,0.0,0.0,0.0,0.0,15,1.0,1.0,1.0,1.0,1.0,1.0,0.0,0.0,0.0,0.0,0.0,0.009398,0.0028,0.0576
2948796,Laminvirus,1,0.2288,0.0007,0.0144,0.0007,0.0144,-8.9904,0.2014,0.0,0.0,0.0,0.0,1,0,0.0,0.0,0.0,0.0,1,1.0,1.0,1.0,1.0,1.0,1.0,0.0,0.0,0.0,0.0,0.0,1.622e-05,0.0007,0.0144
2948738,Hagravirus,1,0.2288,0.0007,0.0144,0.0011,0.0228,-8.9905,0.1982,0.0,0.0,0.0,0.0,1,0,0.0,0.0,0.0,0.0,2,1.0,1.0,1.0,1.0,1.0,1.0,0.0,0.0,0.0,0.0,0.0,1.391e-05,0.0011,0.0228
2733097,Brigitvirus,1,0.2288,0.0019,0.0404,0.0047,0.098,-8.9857,0.2994,0.0,0.0,0.0,0.0,6,0,0.0,0.0,0.0,0.0,111,3.48,3.48,3.48,3.48,3.48,3.48,0.0,0.0,0.0,0.0,0.0,0.001815,0.0047,0.098
2733140,Wellingtonvirus,1,0.2288,0.0011,0.0228,0.0049,0.1032,-8.9871,0.2702,0.0,0.0,0.0,0.0,2,0,0.0,0.0,0.0,0.0,143,1.0,1.0,1.0,1.0,1.0,1.0,0.0,0.0,0.0,0.0,0.0,0.000446,0.0049,0.1032
2560165,Lacusarxvirus,1,0.2288,0.0011,0.0228,0.0047,0.0973,-8.9865,0.283,0.0,0.0,0.0,0.0,2,0,0.0,0.0,0.0,0.0,107,1.0,1.0,1.0,1.0,1.0,1.0,0.0,0.0,0.0,0.0,0.0,0.0008231,0.0047,0.0973
2843365,Chopinvirus,1,0.2288,0.0011,0.0228,0.0032,0.0677,-8.9874,0.2634,0.0,0.0,0.0,0.0,2,0,0.0,0.0,0.0,0.0,25,2.0,2.0,2.0,2.0,2.0,2.0,0.0,0.0,0.0,0.0,0.0,0.0003207,0.0032,0.0677
2943008,Gwanakrovirus,1,0.2288,0.0007,0.0144,0.0034,0.0713,-8.987,0.2717,0.0,0.0,0.0,0.0,1,0,0.0,0.0,0.0,0.0,30,1.0,1.0,1.0,1.0,1.0,1.0,0.0,0.0,0.0,0.0,0.0,0.0004786,0.0034,0.0713
2948712,Foxunavirus,1,0.2288,0.0007,0.0144,0.0007,0.0144,-8.9886,0.2393,0.0,0.0,0.0,0.0,1,0,0.0,0.0,0.0,0.0,1,1.0,1.0,1.0,1.0,1.0,1.0,0.0,0.0,0.0,0.0,0.0,0.0001006,0.0007,0.0144
2843449,Sandinevirus,1,0.2288,0.0007,0.0144,0.004,0.0829,-8.9842,0.3296,0.0,0.0,0.0,0.0,1,0,0.0,0.0,0.0,0.0,53,1.0,1.0,1.0,1.0,1.0,1.0,0.0,0.0,0.0,0.0,0.0,0.007766,0.004,0.0829
1610872,Staphylococcus phage IME-SA4,1,0.2288,0.0007,0.0144,0.0038,0.0791,-8.9855,0.3033,0.0,0.0,0.0,0.0,1,0,0.0,0.0,0.0,0.0,44,1.0,1.0,1.0,1.0,1.0,1.0,0.0,0.0,0.0,0.0,0.0,0.002191,0.0038,0.0791
2781608,Synechococcus phage S-SRM01,1,0.2288,0.0007,0.0144,0.0032,0.0669,-8.9886,0.2392,0.0,0.0,0.0,0.0,1,0,0.0,0.0,0.0,0.0,24,1.0,1.0,1.0,1.0,1.0,1.0,0.0,0.0,0.0,0.0,0.0,0.0001001,0.0032,0.0669
2733147,Ryyoungvirus,1,0.2288,0.0007,0.0144,0.0011,0.0228,-8.9891,0.2272,0.0,0.0,0.0,0.0,1,0,0.0,0.0,0.0,0.0,2,1.0,1.0,1.0,1.0,1.0,1.0,0.0,0.0,0.0,0.0,0.0,5.613e-05,0.0011,0.0228
2932867,Serratia phage vB_SmaM-Otaku,1,0.2288,0.0007,0.0144,0.0007,0.0144,-8.9898,0.2133,0.0,0.0,0.0,0.0,1,0,0.0,0.0,0.0,0.0,1,1.0,1.0,1.0,1.0,1.0,1.0,0.0,0.0,0.0,0.0,0.0,2.883e-05,0.0007,0.0144
12174,Capillovirus,1,0.2288,0.0014,0.0288,0.0019,0.0404,-8.9863,0.2855,0.0,0.0,0.0,0.0,3,0,0.0,0.0,0.0,0.0,6,3.0,3.0,3.0,3.0,3.0,3.0,0.0,0.0,0.0,0.0,0.0,0.0009288,0.0019,0.0404
1923255,Hubei tombus-like virus 1,1,0.2288,0.0011,0.0228,0.0021,0.0432,-8.986,0.2924,0.0,0.0,0.0,0.0,2,0,0.0,0.0,0.0,0.0,7,2.0,2.0,2.0,2.0,2.0,2.0,0.0,0.0,0.0,0.0,0.0,0.001297,0.0021,0.0432
1911605,Betapleolipovirus,1,0.2288,0.0011,0.0228,0.0021,0.0432,-8.9859,0.2952,0.0,0.0,0.0,0.0,2,0,0.0,0.0,0.0,0.0,7,1.86,1.86,1.86,1.86,1.86,1.86,0.0,0.0,0.0,0.0,0.0,0.00148,0.0021,0.0432
2732061,Christensenvirus,1,0.2288,0.0007,0.0144,0.0027,0.0563,-8.9873,0.2655,0.0,0.0,0.0,0.0,1,0,0.0,0.0,0.0,0.0,14,1.36,1.36,1.36,1.36,1.36,1.36,0.0,0.0,0.0,0.0,0.0,0.0003543,0.0027,0.0563
1920866,Rogunavirus,1,0.2288,0.0011,0.0228,0.0042,0.0877,-8.9854,0.3051,0.0,0.0,0.0,0.0,2,0,0.0,0.0,0.0,0.0,67,1.22,1.22,1.22,1.22,1.22,1.22,0.0,0.0,0.0,0.0,0.0,0.002383,0.0042,0.0877
2732051,Vilniusvirus,1,0.2288,0.0007,0.0144,0.0011,0.0228,-8.9895,0.2196,0.0,0.0,0.0,0.0,1,0,0.0,0.0,0.0,0.0,2,2.0,2.0,2.0,2.0,2.0,2.0,0.0,0.0,0.0,0.0,0.0,3.898e-05,0.0011,0.0228
2560148,Iapetusvirus,1,0.2288,0.0007,0.0144,0.0026,0.0548,-8.9891,0.2284,0.0,0.0,0.0,0.0,1,0,0.0,0.0,0.0,0.0,13,1.0,1.0,1.0,1.0,1.0,1.0,0.0,0.0,0.0,0.0,0.0,5.956e-05,0.0026,0.0548
2948772,Jujuvirus,1,0.2288,0.0007,0.0144,0.0007,0.0144,-8.9891,0.2269,0.0,0.0,0.0,0.0,1,0,0.0,0.0,0.0,0.0,1,1.0,1.0,1.0,1.0,1.0,1.0,0.0,0.0,0.0,0.0,0.0,5.542e-05,0.0007,0.0144
69655,Sulfurisphaera,1,0.2288,0.0007,0.0144,0.0007,0.0144,-8.9936,0.1331,0.0,0.0,0.0,0.0,1,0,0.0,0.0,0.0,0.0,1,1.0,1.0,1.0,1.0,1.0,1.0,0.0,0.0,0.0,0.0,0.0,6.055e-07,0.0007,0.0144
12051,Marafivirus,1,0.2288,0.0007,0.0144,0.0007,0.0144,-8.9881,0.2482,0.0,0.0,0.0,0.0,1,0,0.0,0.0,0.0,0.0,1,3.0,3.0,3.0,3.0,3.0,3.0,0.0,0.0,0.0,0.0,0.0,0.0001546,0.0007,0.0144
1041883,Big Sioux River virus,1,0.2288,0.0007,0.0144,0.0011,0.0228,-8.9878,0.2551,0.0,0.0,0.0,0.0,1,0,0.0,0.0,0.0,0.0,2,1.0,1.0,1.0,1.0,1.0,1.0,0.0,0.0,0.0,0.0,0.0,0.0002153,0.0011,0.0228
759124,Bhendi yellow vein mosaic alphasatellite,1,0.2288,0.0007,0.0144,0.0007,0.0144,-8.9858,0.2976,0.0,0.0,0.0,0.0,1,0,0.0,0.0,0.0,0.0,1,1.0,1.0,1.0,1.0,1.0,1.0,0.0,0.0,0.0,0.0,0.0,0.001661,0.0007,0.0144
2069320,Capsicum annuum amalgavirus 1,1,0.2288,0.0007,0.0144,0.0022,0.0456,-8.9854,0.3046,0.0,0.0,0.0,0.0,1,0,0.0,0.0,0.0,0.0,8,1.0,1.0,1.0,1.0,1.0,1.0,0.0,0.0,0.0,0.0,0.0,0.002326,0.0022,0.0456
2731671,Pettyvirus,1,0.2288,0.0007,0.0144,0.0007,0.0144,-8.9899,0.2102,0.0,0.0,0.0,0.0,1,0,0.0,0.0,0.0,0.0,1,1.0,1.0,1.0,1.0,1.0,1.0,0.0,0.0,0.0,0.0,0.0,2.475e-05,0.0007,0.0144
12160,Closterovirus,1,0.2288,0.0007,0.0144,0.0007,0.0144,-8.9891,0.2288,0.0,0.0,0.0,0.0,1,0,0.0,0.0,0.0,0.0,1,1.0,1.0,1.0,1.0,1.0,1.0,0.0,0.0,0.0,0.0,0.0,6.069e-05,0.0007,0.0144
2560135,Galunavirus,1,0.2288,0.0014,0.0288,0.0024,0.0498,-8.9878,0.2542,0.0,0.0,0.0,0.0,3,0,0.0,0.0,0.0,0.0,10,3.0,3.0,3.0,3.0,3.0,3.0,0.0,0.0,0.0,0.0,0.0,0.0002065,0.0024,0.0498
2733193,Maxrubnervirus,1,0.2288,0.0007,0.0144,0.0019,0.0404,-8.9889,0.2315,0.0,0.0,0.0,0.0,1,0,0.0,0.0,0.0,0.0,6,2.0,2.0,2.0,2.0,2.0,2.0,0.0,0.0,0.0,0.0,0.0,6.905e-05,0.0019,0.0404
1921122,Nonanavirus,1,0.2288,0.0007,0.0144,0.0011,0.0228,-8.9894,0.2212,0.0,0.0,0.0,0.0,1,0,0.0,0.0,0.0,0.0,2,2.0,2.0,2.0,2.0,2.0,2.0,0.0,0.0,0.0,0.0,0.0,4.209e-05,0.0011,0.0228
2560239,Tijeunavirus,1,0.2288,0.0007,0.0144,0.0011,0.0228,-8.9895,0.2205,0.0,0.0,0.0,0.0,1,0,0.0,0.0,0.0,0.0,2,2.0,2.0,2.0,2.0,2.0,2.0,0.0,0.0,0.0,0.0,0.0,4.07e-05,0.0011,0.0228
1982880,Likavirus,1,0.2288,0.0007,0.0144,0.0007,0.0144,-8.9893,0.2244,0.0,0.0,0.0,0.0,1,0,0.0,0.0,0.0,0.0,1,1.0,1.0,1.0,1.0,1.0,1.0,0.0,0.0,0.0,0.0,0.0,4.916e-05,0.0007,0.0144
2794998,Maridesulfovibrio,1,0.2288,0.0007,0.0144,0.0007,0.0144,-8.9946,0.1135,0.0,0.0,0.0,0.0,1,0,0.0,0.0,0.0,0.0,1,2.0,2.0,2.0,2.0,2.0,2.0,0.0,0.0,0.0,0.0,0.0,2.354e-07,0.0005,0.0111
925984,Erwinia phage phiEt88,1,0.2288,0.0007,0.0144,0.0025,0.0533,-8.9876,0.2587,0.0,0.0,0.0,0.0,1,0,0.0,0.0,0.0,0.0,12,1.25,1.25,1.25,1.25,1.25,1.25,0.0,0.0,0.0,0.0,0.0,0.0002555,0.0025,0.0533
2686311,Sphingomonas phage Eidolon,1,0.2288,0.0007,0.0144,0.0019,0.0404,-8.9882,0.2462,0.0,0.0,0.0,0.0,1,0,0.0,0.0,0.0,0.0,6,1.0,1.0,1.0,1.0,1.0,1.0,0.0,0.0,0.0,0.0,0.0,0.0001401,0.0019,0.0404
1357714,Caulobacter phage Cr30,1,0.2288,0.0007,0.0144,0.0007,0.0144,-8.9913,0.1821,0.0,0.0,0.0,0.0,1,0,0.0,0.0,0.0,0.0,1,2.0,2.0,2.0,2.0,2.0,2.0,0.0,0.0,0.0,0.0,0.0,6.417e-06,0.0007,0.0144
2560124,Efquatrovirus,1,0.2288,0.0011,0.0228,0.0016,0.0334,-8.9882,0.2463,0.0,0.0,0.0,0.0,2,0,0.0,0.0,0.0,0.0,4,2.0,2.0,2.0,2.0,2.0,2.0,0.0,0.0,0.0,0.0,0.0,0.0001406,0.0016,0.0334
2560132,Fipvunavirus,1,0.2288,0.0007,0.0144,0.0034,0.0707,-8.9862,0.2888,0.0,0.0,0.0,0.0,1,0,0.0,0.0,0.0,0.0,29,1.14,1.14,1.14,1.14,1.14,1.14,0.0,0.0,0.0,0.0,0.0,0.001092,0.0034,0.0707
1983734,Fishburnevirus,1,0.2288,0.0007,0.0144,0.0023,0.0478,-8.9846,0.3224,0.0,0.0,0.0,0.0,1,0,0.0,0.0,0.0,0.0,9,2.0,2.0,2.0,2.0,2.0,2.0,0.0,0.0,0.0,0.0,0.0,0.005484,0.0023,0.0478
2169658,Wizardvirus,1,0.2288,0.0007,0.0144,0.0007,0.0144,-8.9881,0.249,0.0,0.0,0.0,0.0,1,0,0.0,0.0,0.0,0.0,1,1.0,1.0,1.0,1.0,1.0,1.0,0.0,0.0,0.0,0.0,0.0,0.0001605,0.0007,0.0144
1985365,Gemyduguivirus,1,0.2288,0.0007,0.0144,0.0007,0.0144,-8.9869,0.2734,0.0,0.0,0.0,0.0,1,0,0.0,0.0,0.0,0.0,1,2.0,2.0,2.0,2.0,2.0,2.0,0.0,0.0,0.0,0.0,0.0,0.0005195,0.0007,0.0144
2948952,Whopevirus,1,0.2288,0.0007,0.0144,0.0014,0.0288,-8.9897,0.2153,0.0,0.0,0.0,0.0,1,0,0.0,0.0,0.0,0.0,3,1.0,1.0,1.0,1.0,1.0,1.0,0.0,0.0,0.0,0.0,0.0,3.168e-05,0.0014,0.0288
2894788,Bacillus phage vB_BanS_Nate,1,0.2288,0.0007,0.0144,0.0011,0.0228,-8.9906,0.1964,0.0,0.0,0.0,0.0,1,0,0.0,0.0,0.0,0.0,2,1.0,1.0,1.0,1.0,1.0,1.0,0.0,0.0,0.0,0.0,0.0,1.276e-05,0.0011,0.0228
2732970,Harbinvirus,1,0.2288,0.0007,0.0144,0.0038,0.0795,-8.9865,0.2822,0.0,0.0,0.0,0.0,1,0,0.0,0.0,0.0,0.0,45,1.0,1.0,1.0,1.0,1.0,1.0,0.0,0.0,0.0,0.0,0.0,0.0007911,0.0038,0.0795
77521,Haemoproteus,1,0.2288,0.0007,0.0144,0.0011,0.0228,-8.9947,0.1103,0.0,0.0,0.0,0.0,1,0,0.0,0.0,0.0,0.0,2,6.0,6.0,6.0,6.0,6.0,6.0,0.0,0.0,0.0,0.0,0.0,2.021e-07,0.0006,0.0124
646413,Streptococcus phage 5093,1,0.2288,0.0007,0.0144,0.0011,0.0228,-8.9879,0.2522,0.0,0.0,0.0,0.0,1,0,0.0,0.0,0.0,0.0,2,2.0,2.0,2.0,2.0,2.0,2.0,0.0,0.0,0.0,0.0,0.0,0.0001872,0.0011,0.0228
2733133,Tamkungvirus,1,0.2288,0.0007,0.0144,0.0014,0.0288,-8.9903,0.2032,0.0,0.0,0.0,0.0,1,0,0.0,0.0,0.0,0.0,3,1.0,1.0,1.0,1.0,1.0,1.0,0.0,0.0,0.0,0.0,0.0,1.773e-05,0.0014,0.0288
2560087,Alphachrysovirus,1,0.2288,0.0007,0.0144,0.0011,0.0228,-8.988,0.2503,0.0,0.0,0.0,0.0,1,0,0.0,0.0,0.0,0.0,2,1.0,1.0,1.0,1.0,1.0,1.0,0.0,0.0,0.0,0.0,0.0,0.0001706,0.0011,0.0228
2664261,Leptodesmis,1,0.2288,0.0007,0.0144,0.0007,0.0144,-8.9947,0.1101,0.0,0.0,0.0,0.0,1,0,0.0,0.0,0.0,0.0,1,1.0,1.0,1.0,1.0,1.0,1.0,0.0,0.0,0.0,0.0,0.0,2e-07,0.0007,0.0144
2733222,Zetavirus,1,0.2288,0.0007,0.0144,0.0014,0.0288,-8.989,0.2296,0.0,0.0,0.0,0.0,1,0,0.0,0.0,0.0,0.0,3,4.0,4.0,4.0,4.0,4.0,4.0,0.0,0.0,0.0,0.0,0.0,6.291e-05,0.0014,0.0288
